event_id,ticker,stock_name,event_anchor_at,event_start_at,event_end_at,mention_count,channel_count,channels,market,market_cap_krw,market_data_status,mention_session,baseline_avg_volume,baseline_median_volume,baseline_active_days,event_active_days,event_max_volume_ratio,event_volume_robust_z,event_peak_return_pct,event_peak_abnormal_return_pct,post_data_status,post_observation_days,post_relative_return_pct,post_max_drawdown_pct,market_event_date,news_status,article_count,near_event_article_count,baseline_article_count,news_concentrated,similar_article_count,press_release_expression_observed,distinct_press,has_cp_source,low_tier_targeted_count,roundup_count,low_tier_ratio,press_basis_summary,low_tier_ratio_note,disclosure_status,disclosure_count,material_disclosure_observed,material_disclosure_count,volume_ratio_anomaly,volume_robust_z_anomaly,volume_concentrated,price_concentrated,post_underperformed,post_large_drawdown,multi_source_concentrated,low_tier_targeted_concentration,single_low_tier,low_tier_ratio_borderline,pattern_status,reason_badges
EVT-C8BDC82F87,065060,지엔코,2026-06-01 07:08:31+09:00,2026-05-29 16:36:56+09:00,2026-06-01 08:49:25+09:00,3,2,crioppstockfree; jeilstock,KOSDAQ,19109331340,확인,장전,67556.53333333334,34354.0,15,3,29.02986551784363,4.53235790603004,18.56899488926746,20.9015218710315,15거래일 관찰 완료,15,1.907353371684195,-30.10501750291715,2026-06-01,확인,17,2,8,False,2,False,11,True,0,0,0.8823529411764706,"미분류: 포털 CP 미등재 + 네이버 인링크 미관측(조회 2026-07) · 포털 CP 등재(다음 news.daum.net/cplist·네이트 경제 CP, 조회 2026-07)","보조지표(2026-06 표본 예측력 약함 r≈0.02, 재검증 대상; 단독 사용 안 함, 타깃광고 경계에서만 보조)",관찰 기간 내 공시 확인,2,False,0,True,True,True,True,False,True,False,False,False,False,주의 패턴 관찰,기준 중앙값 대비 거래량 이상; MAD 기준 거래량 이상치; 코스닥 대비 단기 초과상승; 언급 후 고점 대비 큰 하락; 복수 Telegram 채널 언급; 유사 기사 반복 관찰; 관찰 기간 내 공시 확인
EVT-89B3DC0F01,475660,에스켐,2026-06-01 11:36:35+09:00,2026-05-29 21:25:00+09:00,2026-06-01 11:36:35+09:00,2,1,crioppstockfree,KOSDAQ,26604596425,확인,장중,22072.2,20873.0,15,3,4.995257030613711,4.160354435870563,13.79716981132075,16.10178462337881,15거래일 관찰 완료,15,-13.29802321463404,-28.39378238341969,2026-06-01,확인,16,4,8,False,0,False,6,True,0,0,0.75,네이버 인링크(CP) 관측(oid=018) · 네이버 인링크(CP) 관측(oid=277) · 미분류: 포털 CP 미등재 + 네이버 인링크 미관측(조회 2026-07),"보조지표(2026-06 표본 예측력 약함 r≈0.02, 재검증 대상; 단독 사용 안 함, 타깃광고 경계에서만 보조)",관찰 기간 내 공시 확인,3,True,2,True,True,True,True,True,True,False,False,False,False,주의 패턴 관찰,기준 중앙값 대비 거래량 이상; MAD 기준 거래량 이상치; 코스닥 대비 단기 초과상승; 언급 후 코스닥 대비 하락; 언급 후 고점 대비 큰 하락; 중요 공시 후보 제목 관찰
EVT-4D0FB1107F,355390,크라우드웍스,2026-06-01 12:00:27+09:00,2026-06-01 12:00:27+09:00,2026-06-01 21:52:42+09:00,6,3,crioppstockfree; mbngoldcsi; numt7777,KOSDAQ,23700395592,확인,장중,171088.2666666667,181494.0,15,3,12.34768091507157,6.90863942881276,29.86247544204321,32.16709025410127,15거래일 관찰 완료,15,-14.10242540004945,-29.1981845688351,2026-06-01,기사 미확인,0,0,0,False,0,False,0,False,0,0,0.0,,"보조지표(2026-06 표본 예측력 약함 r≈0.02, 재검증 대상; 단독 사용 안 함, 타깃광고 경계에서만 보조)",관찰 기간 내 공시 확인,1,False,0,True,True,True,True,True,True,False,False,False,False,주의 패턴 관찰,기준 중앙값 대비 거래량 이상; MAD 기준 거래량 이상치; 코스닥 대비 단기 초과상승; 언급 후 코스닥 대비 하락; 언급 후 고점 대비 큰 하락; 복수 Telegram 채널 언급; 관찰 기간 내 공시 확인; 뉴스: 기사 미확인
EVT-486DE9D34F,219750,한국비티비,2026-06-01 15:00:22+09:00,2026-06-01 15:00:22+09:00,2026-06-04 08:47:48+09:00,7,3,crioppstockfree; jeilstock; numt7777,KOSDAQ,25006155447,확인,장중,12796.73333333333,10562.0,15,2,47.71823518273055,5.465236371940123,29.86348122866893,32.16809604072699,15거래일 관찰 완료,15,-9.871389320044832,-24.96714848883048,2026-06-01,확인,20,15,4,False,0,True,16,True,1,6,0.6,"네이버 인링크(CP) 관측(oid=018) · 네이버 인링크(CP) 관측(oid=081) · 네이버 인링크(CP) 관측(oid=366) · 미분류: 포털 CP 미등재 + 네이버 인링크 미관측(조회 2026-07) · 포털 CP 등재(다음 news.daum.net/cplist·네이트 경제 CP, 조회 2026-07)","보조지표(2026-06 표본 예측력 약함 r≈0.02, 재검증 대상; 단독 사용 안 함, 타깃광고 경계에서만 보조)",관찰 기간 내 공시 확인,1,True,1,True,True,True,True,False,True,False,False,False,False,주의 패턴 관찰,기준 중앙값 대비 거래량 이상; MAD 기준 거래량 이상치; 코스닥 대비 단기 초과상승; 언급 후 고점 대비 큰 하락; 복수 Telegram 채널 언급; 보도자료성 표현 관찰; 중요 공시 후보 제목 관찰
EVT-6F69498D4B,417860,오브젠,2026-06-01 15:24:00+09:00,2026-05-31 23:51:31+09:00,2026-06-01 23:39:41+09:00,4,2,crioppstockfree; selfstudyview,KOSDAQ,27864883520,확인,장중,56984.93333333333,37257.0,15,3,39.12166841130526,7.628477167138909,29.90033222591362,32.20494703797168,15거래일 관찰 완료,15,-18.23757416454769,-44.02290622763063,2026-06-01,확인,82,20,21,False,9,True,36,True,4,17,0.573170731707317,"네이버 인링크(CP) 관측(oid=003) · 네이버 인링크(CP) 관측(oid=009) · 네이버 인링크(CP) 관측(oid=015) · 네이버 인링크(CP) 관측(oid=016) · 네이버 인링크(CP) 관측(oid=018) · 네이버 인링크(CP) 관측(oid=025) · 네이버 인링크(CP) 관측(oid=081) · 네이버 인링크(CP) 관측(oid=088) · 네이버 인링크(CP) 관측(oid=092) · 네이버 인링크(CP) 관측(oid=243) · 네이버 인링크(CP) 관측(oid=277) · 네이버 인링크(CP) 관측(oid=366) · 네이버 인링크(CP) 관측(oid=374) · 네이버 인링크(CP) 관측(oid=658) · 미분류: 포털 CP 미등재 + 네이버 인링크 미관측(조회 2026-07) · 포털 CP 등재(다음 news.daum.net/cplist·네이트 경제 CP, 조회 2026-07)","보조지표(2026-06 표본 예측력 약함 r≈0.02, 재검증 대상; 단독 사용 안 함, 타깃광고 경계에서만 보조)",관찰 기간 내 공시 미확인,0,False,0,True,True,True,True,True,True,False,False,False,False,주의 패턴 관찰,기준 중앙값 대비 거래량 이상; MAD 기준 거래량 이상치; 코스닥 대비 단기 초과상승; 언급 후 코스닥 대비 하락; 언급 후 고점 대비 큰 하락; 복수 Telegram 채널 언급; 유사 기사 반복 관찰; 보도자료성 표현 관찰; 관찰 기간 내 공시 미확인
EVT-177E959548,900270,헝셩그룹,2026-06-01 20:44:23+09:00,2026-06-01 20:44:23+09:00,2026-06-02 20:36:37+09:00,9,3,crioppstockfree; mbngoldcsi; numt7777,KOSDAQ,11272595481,확인,장후,151861.6,141898.0,15,3,70.85729890484714,5.45335864764971,30.65573770491803,32.28564898145768,15거래일 관찰 완료,15,5.95343928929708,-30.1129234629862,2026-06-02,확인,26,21,1,False,2,True,17,True,1,5,0.6153846153846154,"네이버 인링크(CP) 관측(oid=003) · 네이버 인링크(CP) 관측(oid=018) · 네이버 인링크(CP) 관측(oid=081) · 네이버 인링크(CP) 관측(oid=277) · 미분류: 포털 CP 미등재 + 네이버 인링크 미관측(조회 2026-07) · 포털 CP 등재(다음 news.daum.net/cplist·네이트 경제 CP, 조회 2026-07)","보조지표(2026-06 표본 예측력 약함 r≈0.02, 재검증 대상; 단독 사용 안 함, 타깃광고 경계에서만 보조)",관찰 기간 내 공시 확인,6,False,0,True,True,True,True,False,True,False,False,False,False,주의 패턴 관찰,기준 중앙값 대비 거래량 이상; MAD 기준 거래량 이상치; 코스닥 대비 단기 초과상승; 언급 후 고점 대비 큰 하락; 복수 Telegram 채널 언급; 유사 기사 반복 관찰; 보도자료성 표현 관찰; 관찰 기간 내 공시 확인
EVT-1B2431935B,032860,더라미,2026-06-02 07:02:01+09:00,2026-06-02 07:02:01+09:00,2026-06-02 07:02:01+09:00,1,1,crioppstockfree,KOSDAQ,25408997827,확인,장전,209341.4,144587.0,15,3,3.166840725653067,1.620215783993381,7.598371777476265,12.13062323695837,15거래일 관찰 완료,15,-12.67142048073407,-29.07975460122699,2026-06-02,확인,9,4,5,False,0,False,6,True,0,0,0.8888888888888888,네이버 인링크(CP) 관측(oid=018) · 미분류: 포털 CP 미등재 + 네이버 인링크 미관측(조회 2026-07),"보조지표(2026-06 표본 예측력 약함 r≈0.02, 재검증 대상; 단독 사용 안 함, 타깃광고 경계에서만 보조)",관찰 기간 내 공시 확인,3,False,0,True,False,True,True,True,True,False,False,False,False,주의 패턴 관찰,기준 중앙값 대비 거래량 이상; 코스닥 대비 단기 초과상승; 언급 후 코스닥 대비 하락; 언급 후 고점 대비 큰 하락; 관찰 기간 내 공시 확인
EVT-42D46F5202,188040,바이오포트,2026-06-02 07:02:01+09:00,2026-06-02 07:02:01+09:00,2026-06-02 07:02:01+09:00,1,1,crioppstockfree,KOSDAQ,24472780840,확인,장전,29901.33333333333,19569.0,15,3,12.82804435586898,7.858640027025849,4.338394793926237,8.436806774015725,15거래일 관찰 완료,15,-0.4744261549618045,-21.04283054003724,2026-06-02,기사 미확인,0,0,0,False,0,False,0,False,0,0,0.0,,"보조지표(2026-06 표본 예측력 약함 r≈0.02, 재검증 대상; 단독 사용 안 함, 타깃광고 경계에서만 보조)",관찰 기간 내 공시 확인,1,True,1,True,True,True,True,False,True,False,False,False,False,주의 패턴 관찰,기준 중앙값 대비 거래량 이상; MAD 기준 거래량 이상치; 코스닥 대비 단기 초과상승; 언급 후 고점 대비 큰 하락; 중요 공시 후보 제목 관찰; 뉴스: 기사 미확인
EVT-6C87710BD7,225430,케이엠제약,2026-06-02 10:00:22+09:00,2026-06-02 10:00:22+09:00,2026-06-02 15:00:23+09:00,6,1,numt7777,KOSDAQ,8087244500,확인,장중,415442.5555555556,244869.0,9,3,12.20769472656808,3.796820661094235,29.80295566502462,32.0886046464823,15거래일 관찰 완료,15,-20.61652417182264,-32.0303605313093,2026-06-02,기사 미확인,0,0,0,False,0,False,0,False,0,0,0.0,,"보조지표(2026-06 표본 예측력 약함 r≈0.02, 재검증 대상; 단독 사용 안 함, 타깃광고 경계에서만 보조)",관찰 기간 내 공시 확인,4,False,0,True,True,True,True,True,True,False,False,False,False,주의 패턴 관찰,기준 중앙값 대비 거래량 이상; MAD 기준 거래량 이상치; 코스닥 대비 단기 초과상승; 언급 후 코스닥 대비 하락; 언급 후 고점 대비 큰 하락; 관찰 기간 내 공시 확인; 뉴스: 기사 미확인
EVT-4C1C43FA92,192390,윈하이텍,2026-06-02 11:24:32+09:00,2026-06-02 11:24:32+09:00,2026-06-03 12:29:31+09:00,3,1,crioppstockfree,KOSDAQ,20100721238,확인,장중,38841.6,37803.0,15,3,15.99537073777213,4.018005861378643,28.14710042432815,32.67935188381026,15거래일 관찰 완료,15,18.13085258276725,-15.21276595744681,2026-06-02,확인,11,6,2,False,3,True,10,True,1,0,0.7272727272727273,네이버 인링크(CP) 관측(oid=016) · 네이버 인링크(CP) 관측(oid=018) · 네이버 인링크(CP) 관측(oid=277) · 미분류: 포털 CP 미등재 + 네이버 인링크 미관측(조회 2026-07),"보조지표(2026-06 표본 예측력 약함 r≈0.02, 재검증 대상; 단독 사용 안 함, 타깃광고 경계에서만 보조)",관찰 기간 내 공시 확인,1,True,1,True,True,True,True,False,True,False,False,False,False,주의 패턴 관찰,기준 중앙값 대비 거래량 이상; MAD 기준 거래량 이상치; 코스닥 대비 단기 초과상승; 언급 후 고점 대비 큰 하락; 유사 기사 반복 관찰; 보도자료성 표현 관찰; 중요 공시 후보 제목 관찰
EVT-164B546300,271830,팸텍,2026-06-02 12:00:26+09:00,2026-06-02 12:00:26+09:00,2026-06-02 20:36:37+09:00,2,2,mbngoldcsi; numt7777,KOSDAQ,27042515234,확인,장중,196885.3333333333,171570.0,15,3,177.4607915136679,9.065066054681466,68.93342877594846,68.96199938821668,15거래일 관찰 완료,15,-23.4258764191874,-56.30996309963099,2026-06-02,확인,80,16,0,True,0,True,28,True,11,14,0.75,"네이버 인링크(CP) 관측(oid=008) · 네이버 인링크(CP) 관측(oid=018) · 네이버 인링크(CP) 관측(oid=030) · 네이버 인링크(CP) 관측(oid=081) · 미분류: 포털 CP 미등재 + 네이버 인링크 미관측(조회 2026-07) · 포털 CP 등재(다음 news.daum.net/cplist·네이트 경제 CP, 조회 2026-07)","보조지표(2026-06 표본 예측력 약함 r≈0.02, 재검증 대상; 단독 사용 안 함, 타깃광고 경계에서만 보조)",캐시 범위 부족,0,False,0,True,True,True,True,True,True,True,False,False,False,주의 패턴 관찰,기준 중앙값 대비 거래량 이상; MAD 기준 거래량 이상치; 코스닥 대비 단기 초과상승; 언급 후 코스닥 대비 하락; 언급 후 고점 대비 큰 하락; 복수 Telegram 채널 언급; 언급 시점 뉴스 집중; 보도자료성 표현 관찰; 캐시 범위 부족
EVT-1F347D7048,476080,M83,2026-06-02 12:00:26+09:00,2026-06-02 12:00:26+09:00,2026-06-04 20:59:50+09:00,12,3,crioppstockfree; mbngoldcsi; numt7777,KOSDAQ,26492560000,확인,장중,45003.8,40539.0,15,3,168.3276844520092,10.32934230119112,68.87921653971709,68.90778715198532,15거래일 관찰 완료,15,-23.71624160783253,-50.06443298969072,2026-06-02,확인,59,25,15,False,4,True,28,True,3,7,0.5932203389830508,"네이버 인링크(CP) 관측(oid=003) · 네이버 인링크(CP) 관측(oid=008) · 네이버 인링크(CP) 관측(oid=009) · 네이버 인링크(CP) 관측(oid=018) · 네이버 인링크(CP) 관측(oid=079) · 네이버 인링크(CP) 관측(oid=081) · 네이버 인링크(CP) 관측(oid=087) · 네이버 인링크(CP) 관측(oid=092) · 네이버 인링크(CP) 관측(oid=366) · 네이버 인링크(CP) 관측(oid=654) · 미분류: 포털 CP 미등재 + 네이버 인링크 미관측(조회 2026-07) · 포털 CP 등재(다음 news.daum.net/cplist·네이트 경제 CP, 조회 2026-07)","보조지표(2026-06 표본 예측력 약함 r≈0.02, 재검증 대상; 단독 사용 안 함, 타깃광고 경계에서만 보조)",관찰 기간 내 공시 미확인,0,False,0,True,True,True,True,True,True,False,False,False,False,주의 패턴 관찰,기준 중앙값 대비 거래량 이상; MAD 기준 거래량 이상치; 코스닥 대비 단기 초과상승; 언급 후 코스닥 대비 하락; 언급 후 고점 대비 큰 하락; 복수 Telegram 채널 언급; 유사 기사 반복 관찰; 보도자료성 표현 관찰; 관찰 기간 내 공시 미확인
EVT-2B2CADD7B4,291810,핀텔,2026-06-02 20:37:21+09:00,2026-06-02 20:37:21+09:00,2026-06-02 20:37:21+09:00,1,1,mbngoldcsi,KOSDAQ,16041252632,확인,장후,318910.4666666667,152921.0,15,3,19.91333433602971,4.907463537122432,73.33965844402277,84.51282102211503,15거래일 관찰 완료,15,-2.597262357384977,-51.45046524356869,2026-06-04,확인,61,8,1,False,2,True,31,True,5,6,0.7377049180327869,"네이버 인링크(CP) 관측(oid=003) · 네이버 인링크(CP) 관측(oid=014) · 네이버 인링크(CP) 관측(oid=025) · 네이버 인링크(CP) 관측(oid=031) · 네이버 인링크(CP) 관측(oid=081) · 미분류: 포털 CP 미등재 + 네이버 인링크 미관측(조회 2026-07) · 포털 CP 등재(다음 news.daum.net/cplist·네이트 경제 CP, 조회 2026-07)","보조지표(2026-06 표본 예측력 약함 r≈0.02, 재검증 대상; 단독 사용 안 함, 타깃광고 경계에서만 보조)",관찰 기간 내 공시 확인,3,False,0,True,True,True,True,False,True,False,False,False,False,주의 패턴 관찰,기준 중앙값 대비 거래량 이상; MAD 기준 거래량 이상치; 코스닥 대비 단기 초과상승; 언급 후 고점 대비 큰 하락; 유사 기사 반복 관찰; 보도자료성 표현 관찰; 관찰 기간 내 공시 확인
EVT-D5B4A0F895,134060,이퓨쳐,2026-06-03 12:29:31+09:00,2026-06-03 12:29:31+09:00,2026-06-03 12:29:31+09:00,1,1,crioppstockfree,KOSDAQ,22940092500,확인,휴장일,10815.0,6683.0,15,3,4.566811312284902,1.906146697271142,15.43715846994536,26.61032104803761,15거래일 관찰 완료,15,27.3175019088455,-18.04281345565749,2026-06-04,확인,10,2,1,False,4,False,9,True,0,0,0.9,네이버 인링크(CP) 관측(oid=016) · 미분류: 포털 CP 미등재 + 네이버 인링크 미관측(조회 2026-07),"보조지표(2026-06 표본 예측력 약함 r≈0.02, 재검증 대상; 단독 사용 안 함, 타깃광고 경계에서만 보조)",관찰 기간 내 공시 확인,5,True,1,True,False,True,True,False,True,False,False,False,False,주의 패턴 관찰,기준 중앙값 대비 거래량 이상; 코스닥 대비 단기 초과상승; 언급 후 고점 대비 큰 하락; 유사 기사 반복 관찰; 중요 공시 후보 제목 관찰
EVT-3A1C05F416,011080,형지I&C,2026-06-03 12:52:47+09:00,2026-06-03 12:52:47+09:00,2026-06-04 11:30:21+09:00,5,2,crioppstockfree; jeilstock,KOSDAQ,9172519370,확인,휴장일,414726.8666666666,132012.0,15,3,8.22616883313638,2.351068459447084,12.35955056179776,20.38664572415968,15거래일 관찰 완료,15,16.0249187886409,-28.44950213371266,2026-06-04,기사 미확인,0,0,0,False,0,False,0,False,0,0,0.0,,"보조지표(2026-06 표본 예측력 약함 r≈0.02, 재검증 대상; 단독 사용 안 함, 타깃광고 경계에서만 보조)",관찰 기간 내 공시 확인,5,True,3,True,False,True,True,False,True,False,False,False,False,주의 패턴 관찰,기준 중앙값 대비 거래량 이상; 코스닥 대비 단기 초과상승; 언급 후 고점 대비 큰 하락; 복수 Telegram 채널 언급; 중요 공시 후보 제목 관찰; 뉴스: 기사 미확인
EVT-297FEC200F,417860,오브젠,2026-06-03 23:54:27+09:00,2026-06-03 23:54:27+09:00,2026-06-05 23:12:35+09:00,12,4,crioppstockfree; mbngoldcsi; numt7777; selfstudyview,KOSDAQ,27864883520,확인,휴장일,228297.2,37257.0,15,3,62.17403440964114,7.855875771684674,29.50664136622392,40.67980394431617,15거래일 관찰 완료,15,-4.575081211359102,-45.59770937723694,2026-06-04,확인,83,14,37,False,9,True,36,True,4,17,0.5783132530120482,"네이버 인링크(CP) 관측(oid=003) · 네이버 인링크(CP) 관측(oid=009) · 네이버 인링크(CP) 관측(oid=015) · 네이버 인링크(CP) 관측(oid=016) · 네이버 인링크(CP) 관측(oid=018) · 네이버 인링크(CP) 관측(oid=025) · 네이버 인링크(CP) 관측(oid=081) · 네이버 인링크(CP) 관측(oid=088) · 네이버 인링크(CP) 관측(oid=092) · 네이버 인링크(CP) 관측(oid=243) · 네이버 인링크(CP) 관측(oid=277) · 네이버 인링크(CP) 관측(oid=366) · 네이버 인링크(CP) 관측(oid=374) · 네이버 인링크(CP) 관측(oid=658) · 미분류: 포털 CP 미등재 + 네이버 인링크 미관측(조회 2026-07) · 포털 CP 등재(다음 news.daum.net/cplist·네이트 경제 CP, 조회 2026-07)","보조지표(2026-06 표본 예측력 약함 r≈0.02, 재검증 대상; 단독 사용 안 함, 타깃광고 경계에서만 보조)",캐시 범위 부족,0,False,0,True,True,True,True,False,True,False,False,False,False,주의 패턴 관찰,기준 중앙값 대비 거래량 이상; MAD 기준 거래량 이상치; 코스닥 대비 단기 초과상승; 언급 후 고점 대비 큰 하락; 복수 Telegram 채널 언급; 유사 기사 반복 관찰; 보도자료성 표현 관찰; 캐시 범위 부족
EVT-942E5393A1,113810,디젠스,2026-06-04 11:00:28+09:00,2026-06-04 11:00:28+09:00,2026-06-04 15:00:21+09:00,5,1,numt7777,KOSDAQ,15172043715,확인,장중,243029.9333333333,165166.0,15,3,24.10498528752891,3.739594005479573,28.30188679245282,29.84632285752796,15거래일 관찰 완료,15,-11.48684591724146,-26.91176470588236,2026-06-04,확인,17,9,7,False,2,True,10,True,0,2,0.7647058823529411,"네이버 인링크(CP) 관측(oid=003) · 미분류: 포털 CP 미등재 + 네이버 인링크 미관측(조회 2026-07) · 포털 CP 등재(다음 news.daum.net/cplist·네이트 경제 CP, 조회 2026-07)","보조지표(2026-06 표본 예측력 약함 r≈0.02, 재검증 대상; 단독 사용 안 함, 타깃광고 경계에서만 보조)",관찰 기간 내 공시 확인,1,False,0,True,True,True,True,True,True,False,False,False,False,주의 패턴 관찰,기준 중앙값 대비 거래량 이상; MAD 기준 거래량 이상치; 코스닥 대비 단기 초과상승; 언급 후 코스닥 대비 하락; 언급 후 고점 대비 큰 하락; 유사 기사 반복 관찰; 보도자료성 표현 관찰; 관찰 기간 내 공시 확인
EVT-E49E93C52C,051780,큐로홀딩스,2026-06-05 07:04:53+09:00,2026-06-05 07:04:53+09:00,2026-06-05 08:51:31+09:00,2,2,crioppstockfree; jeilstock,KOSDAQ,16789379750,확인,장전,267131.4666666667,141822.0,15,3,4.734773166363469,2.342316850621971,18.22660098522169,31.07682064527124,15거래일 관찰 완료,15,12.63911032768861,-20.78947368421052,2026-06-05,확인,25,3,11,False,0,True,17,True,1,1,0.88,"네이버 인링크(CP) 관측(oid=008) · 네이버 인링크(CP) 관측(oid=011) · 미분류: 포털 CP 미등재 + 네이버 인링크 미관측(조회 2026-07) · 포털 CP 등재(다음 news.daum.net/cplist·네이트 경제 CP, 조회 2026-07)","보조지표(2026-06 표본 예측력 약함 r≈0.02, 재검증 대상; 단독 사용 안 함, 타깃광고 경계에서만 보조)",관찰 기간 내 공시 확인,2,False,0,True,False,True,True,False,True,False,False,False,False,주의 패턴 관찰,기준 중앙값 대비 거래량 이상; 코스닥 대비 단기 초과상승; 언급 후 고점 대비 큰 하락; 복수 Telegram 채널 언급; 보도자료성 표현 관찰; 관찰 기간 내 공시 확인
EVT-5A794D741A,225430,케이엠제약,2026-06-05 11:00:20+09:00,2026-06-05 11:00:20+09:00,2026-06-05 11:00:20+09:00,1,1,numt7777,KOSDAQ,8087244500,확인,장중,448337.3636363636,392897.0,11,3,7.608319737742971,1.928043525404593,14.07766990291261,18.58263784705063,15거래일 관찰 완료,15,-10.50423944299313,-26.59574468085106,2026-06-05,기사 미확인,0,0,0,False,0,False,0,False,0,0,0.0,,"보조지표(2026-06 표본 예측력 약함 r≈0.02, 재검증 대상; 단독 사용 안 함, 타깃광고 경계에서만 보조)",관찰 기간 내 공시 확인,4,False,0,True,False,True,True,True,True,False,False,False,False,주의 패턴 관찰,기준 중앙값 대비 거래량 이상; 코스닥 대비 단기 초과상승; 언급 후 코스닥 대비 하락; 언급 후 고점 대비 큰 하락; 관찰 기간 내 공시 확인; 뉴스: 기사 미확인
EVT-74E5E69A38,0010F0,보원케미칼,2026-06-05 15:29:39+09:00,2026-06-05 15:29:39+09:00,2026-06-06 14:10:19+09:00,2,2,crioppstockfree; selfstudyview,KOSDAQ,24404486190,확인,장중,359009.9333333333,257728.0,15,3,12.45127421157189,3.29485751646846,5.510534846029169,10.01550279016719,15거래일 관찰 완료,15,-14.26924908446126,-29.3394777265745,2026-06-05,확인,9,2,6,False,0,True,6,True,1,0,0.7777777777777778,네이버 인링크(CP) 관측(oid=008) · 네이버 인링크(CP) 관측(oid=018) · 미분류: 포털 CP 미등재 + 네이버 인링크 미관측(조회 2026-07),"보조지표(2026-06 표본 예측력 약함 r≈0.02, 재검증 대상; 단독 사용 안 함, 타깃광고 경계에서만 보조)",관찰 기간 내 공시 확인,2,False,0,True,False,True,True,True,True,False,False,False,False,주의 패턴 관찰,기준 중앙값 대비 거래량 이상; 코스닥 대비 단기 초과상승; 언급 후 코스닥 대비 하락; 언급 후 고점 대비 큰 하락; 복수 Telegram 채널 언급; 보도자료성 표현 관찰; 관찰 기간 내 공시 확인
EVT-2A1A9C6235,291810,핀텔,2026-06-05 21:28:43+09:00,2026-06-05 21:28:43+09:00,2026-06-08 20:35:54+09:00,3,2,crioppstockfree; mbngoldcsi,KOSDAQ,16041252632,확인,장후,353965.2666666667,166722.0,15,3,60.92040642506688,5.736568121599917,29.94310099573259,39.02593887131617,15거래일 관찰 완료,15,-44.68541357756809,-53.69458128078818,2026-06-08,확인,63,12,8,False,2,True,31,True,5,6,0.746031746031746,"네이버 인링크(CP) 관측(oid=003) · 네이버 인링크(CP) 관측(oid=014) · 네이버 인링크(CP) 관측(oid=025) · 네이버 인링크(CP) 관측(oid=031) · 네이버 인링크(CP) 관측(oid=081) · 미분류: 포털 CP 미등재 + 네이버 인링크 미관측(조회 2026-07) · 포털 CP 등재(다음 news.daum.net/cplist·네이트 경제 CP, 조회 2026-07)","보조지표(2026-06 표본 예측력 약함 r≈0.02, 재검증 대상; 단독 사용 안 함, 타깃광고 경계에서만 보조)",관찰 기간 내 공시 확인,3,False,0,True,True,True,True,True,True,False,False,False,False,주의 패턴 관찰,기준 중앙값 대비 거래량 이상; MAD 기준 거래량 이상치; 코스닥 대비 단기 초과상승; 언급 후 코스닥 대비 하락; 언급 후 고점 대비 큰 하락; 복수 Telegram 채널 언급; 유사 기사 반복 관찰; 보도자료성 표현 관찰; 관찰 기간 내 공시 확인
EVT-46A95CC4EA,348030,모비릭스,2026-06-05 21:28:43+09:00,2026-06-05 21:28:43+09:00,2026-06-05 22:26:08+09:00,2,2,crioppstockfree; mbngoldcsi,KOSDAQ,27562906000,확인,장후,99676.06666666667,47096.0,15,3,8.975857822320368,3.786793991537357,3.275529865125248,12.35836774070883,15거래일 관찰 완료,15,-0.8206854938487496,-19.45454545454546,2026-06-08,확인,31,6,6,False,0,True,13,True,1,1,0.8709677419354839,"네이버 인링크(CP) 관측(oid=003) · 네이버 인링크(CP) 관측(oid=016) · 네이버 인링크(CP) 관측(oid=018) · 미분류: 포털 CP 미등재 + 네이버 인링크 미관측(조회 2026-07) · 포털 CP 등재(다음 news.daum.net/cplist·네이트 경제 CP, 조회 2026-07)","보조지표(2026-06 표본 예측력 약함 r≈0.02, 재검증 대상; 단독 사용 안 함, 타깃광고 경계에서만 보조)",관찰 기간 내 공시 확인,7,True,1,True,True,True,True,False,True,False,False,False,False,주의 패턴 관찰,기준 중앙값 대비 거래량 이상; MAD 기준 거래량 이상치; 코스닥 대비 단기 초과상승; 언급 후 고점 대비 큰 하락; 복수 Telegram 채널 언급; 보도자료성 표현 관찰; 중요 공시 후보 제목 관찰
EVT-387375B5E0,271830,팸텍,2026-06-07 19:55:02+09:00,2026-06-07 19:55:02+09:00,2026-06-09 20:23:31+09:00,20,5,aitodaystock; companyreport; crioppstockfree; mbngoldcsi; quantum_ALGO,KOSDAQ,27042515234,확인,휴장일,3524367.866666667,171605.0,15,3,84.6084088458961,5.735069094963413,29.97601918465227,39.05885706023585,15거래일 관찰 완료,15,-58.79323051780645,-60.59040590405904,2026-06-08,확인,82,34,38,False,0,True,28,True,12,14,0.7560975609756098,"네이버 인링크(CP) 관측(oid=008) · 네이버 인링크(CP) 관측(oid=018) · 네이버 인링크(CP) 관측(oid=030) · 네이버 인링크(CP) 관측(oid=081) · 미분류: 포털 CP 미등재 + 네이버 인링크 미관측(조회 2026-07) · 포털 CP 등재(다음 news.daum.net/cplist·네이트 경제 CP, 조회 2026-07)","보조지표(2026-06 표본 예측력 약함 r≈0.02, 재검증 대상; 단독 사용 안 함, 타깃광고 경계에서만 보조)",캐시 범위 부족,0,False,0,True,True,True,True,True,True,False,False,False,False,주의 패턴 관찰,기준 중앙값 대비 거래량 이상; MAD 기준 거래량 이상치; 코스닥 대비 단기 초과상승; 언급 후 코스닥 대비 하락; 언급 후 고점 대비 큰 하락; 복수 Telegram 채널 언급; 보도자료성 표현 관찰; 캐시 범위 부족
EVT-D42DD6FE1E,459550,알트,2026-06-08 07:02:55+09:00,2026-06-08 07:02:55+09:00,2026-06-08 07:02:55+09:00,1,1,crioppstockfree,KOSDAQ,25725176220,확인,장전,861228.4,393998.0,15,3,66.91722800623353,9.328002535525261,7.561235356762519,16.6440732323461,15거래일 관찰 완료,15,-37.44289622238429,-41.48514851485149,2026-06-08,기사 미확인,0,0,0,False,0,False,0,False,0,0,0.0,,"보조지표(2026-06 표본 예측력 약함 r≈0.02, 재검증 대상; 단독 사용 안 함, 타깃광고 경계에서만 보조)",관찰 기간 내 공시 확인,1,True,1,True,True,True,True,True,True,False,False,False,False,주의 패턴 관찰,기준 중앙값 대비 거래량 이상; MAD 기준 거래량 이상치; 코스닥 대비 단기 초과상승; 언급 후 코스닥 대비 하락; 언급 후 고점 대비 큰 하락; 중요 공시 후보 제목 관찰; 뉴스: 기사 미확인
EVT-699D9C99AC,001000,신라섬유,2026-06-08 10:00:30+09:00,2026-06-08 10:00:30+09:00,2026-06-10 20:26:01+09:00,9,3,crioppstockfree; mbngoldcsi; numt7777,KOSDAQ,21024349640,확인,장중,49034.73333333333,38344.0,15,3,134.89523784686,7.037995027576386,29.96794871794872,39.05078659353231,15거래일 관찰 완료,15,-24.43511948910061,-23.42786683107275,2026-06-08,확인,27,16,2,False,0,True,18,True,1,5,0.7407407407407407,"네이버 인링크(CP) 관측(oid=081) · 미분류: 포털 CP 미등재 + 네이버 인링크 미관측(조회 2026-07) · 포털 CP 등재(다음 news.daum.net/cplist·네이트 경제 CP, 조회 2026-07)","보조지표(2026-06 표본 예측력 약함 r≈0.02, 재검증 대상; 단독 사용 안 함, 타깃광고 경계에서만 보조)",관찰 기간 내 공시 미확인,0,False,0,True,True,True,True,True,True,False,False,False,False,주의 패턴 관찰,기준 중앙값 대비 거래량 이상; MAD 기준 거래량 이상치; 코스닥 대비 단기 초과상승; 언급 후 코스닥 대비 하락; 언급 후 고점 대비 큰 하락; 복수 Telegram 채널 언급; 보도자료성 표현 관찰; 관찰 기간 내 공시 미확인
EVT-8FB3191EFF,049120,파인디앤씨,2026-06-08 10:00:30+09:00,2026-06-08 10:00:30+09:00,2026-06-08 11:00:33+09:00,2,1,numt7777,KOSDAQ,21150317685,확인,장중,43109.33333333334,43267.0,15,3,26.37490466175145,9.201496170155202,22.34042553191489,27.40905806852556,15거래일 관찰 완료,15,-8.827157871297997,-35.59602649006622,2026-06-08,확인,35,3,8,False,0,True,24,True,2,6,0.5714285714285714,"네이버 인링크(CP) 관측(oid=011) · 네이버 인링크(CP) 관측(oid=015) · 네이버 인링크(CP) 관측(oid=018) · 네이버 인링크(CP) 관측(oid=031) · 네이버 인링크(CP) 관측(oid=081) · 네이버 인링크(CP) 관측(oid=293) · 네이버 인링크(CP) 관측(oid=366) · 미분류: 포털 CP 미등재 + 네이버 인링크 미관측(조회 2026-07) · 포털 CP 등재(다음 news.daum.net/cplist·네이트 경제 CP, 조회 2026-07)","보조지표(2026-06 표본 예측력 약함 r≈0.02, 재검증 대상; 단독 사용 안 함, 타깃광고 경계에서만 보조)",관찰 기간 내 공시 미확인,0,False,0,True,True,True,True,False,True,False,False,False,False,주의 패턴 관찰,기준 중앙값 대비 거래량 이상; MAD 기준 거래량 이상치; 코스닥 대비 단기 초과상승; 언급 후 고점 대비 큰 하락; 보도자료성 표현 관찰; 관찰 기간 내 공시 미확인
EVT-7FBEA411B1,417860,오브젠,2026-06-08 11:00:33+09:00,2026-06-08 11:00:33+09:00,2026-06-10 20:25:36+09:00,8,3,crioppstockfree; mbngoldcsi; numt7777,KOSDAQ,27864883520,확인,장중,390186.9333333333,42580.0,15,3,69.78985439173321,5.334299114669617,33.04761904761904,39.08283787558359,15거래일 관찰 완료,15,-46.28197793275313,-49.82104509663565,2026-06-08,확인,75,25,42,False,7,True,36,True,4,17,0.6,"네이버 인링크(CP) 관측(oid=003) · 네이버 인링크(CP) 관측(oid=009) · 네이버 인링크(CP) 관측(oid=015) · 네이버 인링크(CP) 관측(oid=016) · 네이버 인링크(CP) 관측(oid=018) · 네이버 인링크(CP) 관측(oid=025) · 네이버 인링크(CP) 관측(oid=081) · 네이버 인링크(CP) 관측(oid=088) · 네이버 인링크(CP) 관측(oid=092) · 네이버 인링크(CP) 관측(oid=243) · 네이버 인링크(CP) 관측(oid=277) · 네이버 인링크(CP) 관측(oid=366) · 네이버 인링크(CP) 관측(oid=374) · 네이버 인링크(CP) 관측(oid=658) · 미분류: 포털 CP 미등재 + 네이버 인링크 미관측(조회 2026-07) · 포털 CP 등재(다음 news.daum.net/cplist·네이트 경제 CP, 조회 2026-07)","보조지표(2026-06 표본 예측력 약함 r≈0.02, 재검증 대상; 단독 사용 안 함, 타깃광고 경계에서만 보조)",캐시 범위 부족,0,False,0,True,True,True,True,True,True,False,False,False,False,주의 패턴 관찰,기준 중앙값 대비 거래량 이상; MAD 기준 거래량 이상치; 코스닥 대비 단기 초과상승; 언급 후 코스닥 대비 하락; 언급 후 고점 대비 큰 하락; 복수 Telegram 채널 언급; 유사 기사 반복 관찰; 보도자료성 표현 관찰; 캐시 범위 부족
EVT-CA26A445D9,291230,엔피,2026-06-08 20:35:54+09:00,2026-06-08 20:35:54+09:00,2026-06-10 20:26:01+09:00,3,1,mbngoldcsi,KOSDAQ,26060603025,확인,장후,159864.8,123608.0,15,3,57.08732444501974,10.22553163348678,11.90108191653787,7.485848043004028,15거래일 관찰 완료,15,-25.10005781767263,-47.51381215469613,2026-06-09,기사 미확인,0,0,0,False,0,False,0,False,0,0,0.0,,"보조지표(2026-06 표본 예측력 약함 r≈0.02, 재검증 대상; 단독 사용 안 함, 타깃광고 경계에서만 보조)",관찰 기간 내 공시 미확인,0,False,0,True,True,True,True,True,True,False,False,False,False,주의 패턴 관찰,기준 중앙값 대비 거래량 이상; MAD 기준 거래량 이상치; 코스닥 대비 단기 초과상승; 언급 후 코스닥 대비 하락; 언급 후 고점 대비 큰 하락; 관찰 기간 내 공시 미확인; 뉴스: 기사 미확인
EVT-AA7DC2A2AD,115610,이미지스,2026-06-08 20:36:42+09:00,2026-06-08 20:36:42+09:00,2026-06-10 12:00:27+09:00,8,3,crioppstockfree; mbngoldcsi; numt7777,KOSDAQ,15801694153,확인,장후,128545.7333333333,133836.0,15,3,53.6345228488598,11.53975972472197,30.07159904534607,23.58272557580164,15거래일 관찰 완료,15,-35.033091300931,-43.28828828828829,2026-06-09,확인,39,19,7,False,0,True,22,True,2,3,0.717948717948718,"네이버 인링크(CP) 관측(oid=018) · 네이버 인링크(CP) 관측(oid=081) · 네이버 인링크(CP) 관측(oid=215) · 네이버 인링크(CP) 관측(oid=374) · 미분류: 포털 CP 미등재 + 네이버 인링크 미관측(조회 2026-07) · 포털 CP 등재(다음 news.daum.net/cplist·네이트 경제 CP, 조회 2026-07)","보조지표(2026-06 표본 예측력 약함 r≈0.02, 재검증 대상; 단독 사용 안 함, 타깃광고 경계에서만 보조)",관찰 기간 내 공시 확인,1,True,1,True,True,True,True,True,True,False,False,False,False,주의 패턴 관찰,기준 중앙값 대비 거래량 이상; MAD 기준 거래량 이상치; 코스닥 대비 단기 초과상승; 언급 후 코스닥 대비 하락; 언급 후 고점 대비 큰 하락; 복수 Telegram 채널 언급; 보도자료성 표현 관찰; 중요 공시 후보 제목 관찰
EVT-4B342E0574,328380,솔트웨어,2026-06-09 10:00:32+09:00,2026-06-09 10:00:32+09:00,2026-06-12 07:02:54+09:00,19,3,crioppstockfree; mbngoldcsi; numt7777,KOSDAQ,17234175825,확인,장중,46958.66666666666,42133.0,15,3,63.55737782735623,16.48429282489103,68.84615384615384,64.43091997262,15거래일 관찰 완료,15,-17.59426929181721,-41.23006833712984,2026-06-09,확인,44,28,9,False,0,True,19,True,2,9,0.7272727272727273,"네이버 인링크(CP) 관측(oid=016) · 네이버 인링크(CP) 관측(oid=081) · 네이버 인링크(CP) 관측(oid=138) · 네이버 인링크(CP) 관측(oid=293) · 미분류: 포털 CP 미등재 + 네이버 인링크 미관측(조회 2026-07) · 포털 CP 등재(다음 news.daum.net/cplist·네이트 경제 CP, 조회 2026-07)","보조지표(2026-06 표본 예측력 약함 r≈0.02, 재검증 대상; 단독 사용 안 함, 타깃광고 경계에서만 보조)",관찰 기간 내 공시 확인,6,False,0,True,True,True,True,True,True,False,False,False,False,주의 패턴 관찰,기준 중앙값 대비 거래량 이상; MAD 기준 거래량 이상치; 코스닥 대비 단기 초과상승; 언급 후 코스닥 대비 하락; 언급 후 고점 대비 큰 하락; 복수 Telegram 채널 언급; 보도자료성 표현 관찰; 관찰 기간 내 공시 확인
EVT-96DA069379,002680,한탑,2026-06-09 12:00:21+09:00,2026-06-09 12:00:21+09:00,2026-06-10 20:26:01+09:00,2,2,mbngoldcsi; numt7777,KOSDAQ,17871187635,확인,장중,144359.5333333333,56962.0,15,3,45.79338857483937,11.28396290557485,29.91689750692521,23.72635339298936,15거래일 관찰 완료,15,-14.9211387484226,-20.25586353944563,2026-06-09,확인,44,16,17,False,2,True,27,True,1,4,0.8636363636363636,"네이버 인링크(CP) 관측(oid=005) · 네이버 인링크(CP) 관측(oid=018) · 네이버 인링크(CP) 관측(oid=081) · 네이버 인링크(CP) 관측(oid=658) · 미분류: 포털 CP 미등재 + 네이버 인링크 미관측(조회 2026-07) · 포털 CP 등재(다음 news.daum.net/cplist·네이트 경제 CP, 조회 2026-07)","보조지표(2026-06 표본 예측력 약함 r≈0.02, 재검증 대상; 단독 사용 안 함, 타깃광고 경계에서만 보조)",관찰 기간 내 공시 미확인,0,False,0,True,True,True,True,True,True,False,False,False,False,주의 패턴 관찰,기준 중앙값 대비 거래량 이상; MAD 기준 거래량 이상치; 코스닥 대비 단기 초과상승; 언급 후 코스닥 대비 하락; 언급 후 고점 대비 큰 하락; 복수 Telegram 채널 언급; 유사 기사 반복 관찰; 보도자료성 표현 관찰; 관찰 기간 내 공시 미확인
EVT-D3E522737B,009620,삼보산업,2026-06-09 12:00:21+09:00,2026-06-09 12:00:21+09:00,2026-06-09 13:00:18+09:00,2,1,numt7777,KOSDAQ,13384354768,확인,장중,315057.8666666666,291803.0,15,3,8.568239531464721,3.252903636938977,19.23076923076923,14.81553535723539,15거래일 관찰 완료,15,16.44583590213414,-31.14942528735633,2026-06-09,확인,54,2,8,False,0,True,28,True,4,6,0.8148148148148148,"네이버 인링크(CP) 관측(oid=018) · 네이버 인링크(CP) 관측(oid=081) · 미분류: 포털 CP 미등재 + 네이버 인링크 미관측(조회 2026-07) · 포털 CP 등재(다음 news.daum.net/cplist·네이트 경제 CP, 조회 2026-07)","보조지표(2026-06 표본 예측력 약함 r≈0.02, 재검증 대상; 단독 사용 안 함, 타깃광고 경계에서만 보조)",관찰 기간 내 공시 확인,1,True,1,True,False,True,True,False,True,False,False,False,False,주의 패턴 관찰,기준 중앙값 대비 거래량 이상; 코스닥 대비 단기 초과상승; 언급 후 고점 대비 큰 하락; 보도자료성 표현 관찰; 중요 공시 후보 제목 관찰
EVT-B27EB69448,355390,크라우드웍스,2026-06-09 15:04:57+09:00,2026-06-09 15:04:57+09:00,2026-06-11 20:56:21+09:00,13,4,FastStockNews; crioppstockfree; mbngoldcsi; numt7777,KOSDAQ,23700395592,확인,장중,459848.6,196420.0,15,3,8.775893493534264,3.924334275302146,25.40322580645162,16.0175621498392,15거래일 관찰 완료,15,-26.76844981215157,-44.98392282958199,2026-06-09,기사 미확인,0,0,0,False,0,False,0,False,0,0,0.0,,"보조지표(2026-06 표본 예측력 약함 r≈0.02, 재검증 대상; 단독 사용 안 함, 타깃광고 경계에서만 보조)",관찰 기간 내 공시 확인,2,False,0,True,True,True,True,True,True,False,False,False,False,주의 패턴 관찰,기준 중앙값 대비 거래량 이상; MAD 기준 거래량 이상치; 코스닥 대비 단기 초과상승; 언급 후 코스닥 대비 하락; 언급 후 고점 대비 큰 하락; 복수 Telegram 채널 언급; 관찰 기간 내 공시 확인; 뉴스: 기사 미확인
EVT-C7E82A3867,083660,CSA 코스믹,2026-06-09 20:23:31+09:00,2026-06-09 20:23:31+09:00,2026-06-12 15:00:30+09:00,23,3,crioppstockfree; mbngoldcsi; numt7777,KOSDAQ,24526966090,확인,장후,834003.1333333333,647518.0,15,3,8.031693327444179,3.354020297350552,119.4444444444445,113.1167561585206,15거래일 관찰 완료,15,10.03355376483587,-43.18181818181818,2026-06-10,확인,67,11,0,True,0,True,24,True,4,13,0.746268656716418,"네이버 인링크(CP) 관측(oid=028) · 네이버 인링크(CP) 관측(oid=081) · 네이버 인링크(CP) 관측(oid=293) · 미분류: 포털 CP 미등재 + 네이버 인링크 미관측(조회 2026-07) · 포털 CP 등재(다음 news.daum.net/cplist·네이트 경제 CP, 조회 2026-07)","보조지표(2026-06 표본 예측력 약함 r≈0.02, 재검증 대상; 단독 사용 안 함, 타깃광고 경계에서만 보조)",관찰 기간 내 공시 확인,5,True,4,True,False,True,True,False,True,True,False,False,False,주의 패턴 관찰,기준 중앙값 대비 거래량 이상; 코스닥 대비 단기 초과상승; 언급 후 고점 대비 큰 하락; 복수 Telegram 채널 언급; 언급 시점 뉴스 집중; 보도자료성 표현 관찰; 중요 공시 후보 제목 관찰
EVT-9DA5AEE973,438700,버넥트,2026-06-10 10:00:27+09:00,2026-06-10 10:00:27+09:00,2026-06-10 15:00:24+09:00,6,1,numt7777,KOSDAQ,18344488940,확인,장중,33069.8,28233.0,15,3,50.19438246024156,9.132394375473252,30.0,31.67181574895898,15거래일 관찰 완료,15,-29.76577733884306,-37.4247491638796,2026-06-10,확인,26,17,8,False,0,True,17,True,1,5,0.7692307692307693,"네이버 인링크(CP) 관측(oid=018) · 네이버 인링크(CP) 관측(oid=030) · 네이버 인링크(CP) 관측(oid=081) · 미분류: 포털 CP 미등재 + 네이버 인링크 미관측(조회 2026-07) · 포털 CP 등재(다음 news.daum.net/cplist·네이트 경제 CP, 조회 2026-07)","보조지표(2026-06 표본 예측력 약함 r≈0.02, 재검증 대상; 단독 사용 안 함, 타깃광고 경계에서만 보조)",관찰 기간 내 공시 미확인,0,False,0,True,True,True,True,True,True,False,False,False,False,주의 패턴 관찰,기준 중앙값 대비 거래량 이상; MAD 기준 거래량 이상치; 코스닥 대비 단기 초과상승; 언급 후 코스닥 대비 하락; 언급 후 고점 대비 큰 하락; 보도자료성 표현 관찰; 관찰 기간 내 공시 미확인
EVT-F927D4AA00,389680,유디엠텍,2026-06-10 11:00:30+09:00,2026-06-10 11:00:30+09:00,2026-06-12 08:48:50+09:00,10,4,crioppstockfree; jeilstock; mbngoldcsi; numt7777,KOSDAQ,13945481468,확인,장중,144116.6666666667,93713.0,15,3,52.75237160265918,5.942513815648266,29.80769230769231,31.4795080566513,15거래일 관찰 완료,15,-35.73282800154589,-40.55555555555556,2026-06-10,확인,39,18,7,False,0,True,21,True,2,4,0.717948717948718,"네이버 인링크(CP) 관측(oid=003) · 네이버 인링크(CP) 관측(oid=008) · 네이버 인링크(CP) 관측(oid=011) · 네이버 인링크(CP) 관측(oid=018) · 미분류: 포털 CP 미등재 + 네이버 인링크 미관측(조회 2026-07) · 포털 CP 등재(다음 news.daum.net/cplist·네이트 경제 CP, 조회 2026-07)","보조지표(2026-06 표본 예측력 약함 r≈0.02, 재검증 대상; 단독 사용 안 함, 타깃광고 경계에서만 보조)",관찰 기간 내 공시 확인,1,True,1,True,True,True,True,True,True,False,False,False,False,주의 패턴 관찰,기준 중앙값 대비 거래량 이상; MAD 기준 거래량 이상치; 코스닥 대비 단기 초과상승; 언급 후 코스닥 대비 하락; 언급 후 고점 대비 큰 하락; 복수 Telegram 채널 언급; 보도자료성 표현 관찰; 중요 공시 후보 제목 관찰
EVT-21E3B990B2,073190,듀오백,2026-06-11 07:02:08+09:00,2026-06-11 07:02:08+09:00,2026-06-11 15:00:21+09:00,2,2,crioppstockfree; numt7777,KOSDAQ,8616988800,확인,장전,56742.4,31501.0,15,3,64.12272626265833,3.916076968071363,74.32624113475177,65.66741364927948,15거래일 관찰 완료,15,-0.585190640068511,-42.33226837060703,2026-06-11,확인,67,16,0,True,0,True,28,True,2,10,0.582089552238806,"네이버 인링크(CP) 관측(oid=003) · 네이버 인링크(CP) 관측(oid=008) · 네이버 인링크(CP) 관측(oid=018) · 네이버 인링크(CP) 관측(oid=081) · 네이버 인링크(CP) 관측(oid=277) · 네이버 인링크(CP) 관측(oid=366) · 미분류: 포털 CP 미등재 + 네이버 인링크 미관측(조회 2026-07) · 포털 CP 등재(다음 news.daum.net/cplist·네이트 경제 CP, 조회 2026-07)","보조지표(2026-06 표본 예측력 약함 r≈0.02, 재검증 대상; 단독 사용 안 함, 타깃광고 경계에서만 보조)",관찰 기간 내 공시 확인,1,False,0,True,True,True,True,False,True,True,False,False,False,주의 패턴 관찰,기준 중앙값 대비 거래량 이상; MAD 기준 거래량 이상치; 코스닥 대비 단기 초과상승; 언급 후 고점 대비 큰 하락; 복수 Telegram 채널 언급; 언급 시점 뉴스 집중; 보도자료성 표현 관찰; 관찰 기간 내 공시 확인
EVT-22ECC3297C,195500,마니커에프앤지,2026-06-11 10:00:29+09:00,2026-06-11 10:00:29+09:00,2026-06-12 15:00:30+09:00,11,4,crioppstockfree; mbngoldcsi; numt7777; selfstudyview,KOSDAQ,25836426000,확인,장중,78660.66666666667,71601.0,15,3,56.12495635535817,8.914708604453141,29.82652490207052,25.06627144221742,15거래일 관찰 완료,15,-17.62855760287531,-31.55172413793104,2026-06-11,확인,59,36,8,False,2,True,31,True,9,3,0.6610169491525424,"네이버 인링크(CP) 관측(oid=003) · 네이버 인링크(CP) 관측(oid=008) · 네이버 인링크(CP) 관측(oid=018) · 네이버 인링크(CP) 관측(oid=081) · 네이버 인링크(CP) 관측(oid=277) · 네이버 인링크(CP) 관측(oid=366) · 네이버 인링크(CP) 관측(oid=421) · 미분류: 포털 CP 미등재 + 네이버 인링크 미관측(조회 2026-07) · 포털 CP 등재(다음 news.daum.net/cplist·네이트 경제 CP, 조회 2026-07)","보조지표(2026-06 표본 예측력 약함 r≈0.02, 재검증 대상; 단독 사용 안 함, 타깃광고 경계에서만 보조)",관찰 기간 내 공시 미확인,0,False,0,True,True,True,True,True,True,False,False,False,False,주의 패턴 관찰,기준 중앙값 대비 거래량 이상; MAD 기준 거래량 이상치; 코스닥 대비 단기 초과상승; 언급 후 코스닥 대비 하락; 언급 후 고점 대비 큰 하락; 복수 Telegram 채널 언급; 유사 기사 반복 관찰; 보도자료성 표현 관찰; 관찰 기간 내 공시 미확인
EVT-71CF4A8340,406820,뷰티스킨,2026-06-11 10:00:29+09:00,2026-06-11 10:00:29+09:00,2026-06-11 15:00:21+09:00,6,1,numt7777,KOSDAQ,24031466900,확인,장중,1275145.0,553839.0,15,3,3.743867802736896,1.282184146467005,29.9359658484525,25.17571238859941,15거래일 관찰 완료,15,-19.34136649616994,-35.93429158110884,2026-06-11,기사 미확인,0,0,0,False,0,False,0,False,0,0,0.0,,"보조지표(2026-06 표본 예측력 약함 r≈0.02, 재검증 대상; 단독 사용 안 함, 타깃광고 경계에서만 보조)",관찰 기간 내 공시 미확인,0,False,0,True,False,True,True,True,True,False,False,False,False,주의 패턴 관찰,기준 중앙값 대비 거래량 이상; 코스닥 대비 단기 초과상승; 언급 후 코스닥 대비 하락; 언급 후 고점 대비 큰 하락; 관찰 기간 내 공시 미확인; 뉴스: 기사 미확인
EVT-D77DB54F00,032680,소프트센,2026-06-11 13:00:25+09:00,2026-06-11 13:00:25+09:00,2026-06-11 15:00:21+09:00,3,1,numt7777,KOSDAQ,19500248735,확인,장중,341200.7272727273,242968.0,11,3,9.136466530571926,2.652623511687839,29.8804780876494,25.1202246277963,15거래일 관찰 완료,15,7.130627221890207,-24.33537832310838,2026-06-11,확인,34,12,18,False,0,True,23,True,1,3,0.7058823529411765,"네이버 인링크(CP) 관측(oid=018) · 네이버 인링크(CP) 관측(oid=031) · 네이버 인링크(CP) 관측(oid=081) · 미분류: 포털 CP 미등재 + 네이버 인링크 미관측(조회 2026-07) · 포털 CP 등재(다음 news.daum.net/cplist·네이트 경제 CP, 조회 2026-07)","보조지표(2026-06 표본 예측력 약함 r≈0.02, 재검증 대상; 단독 사용 안 함, 타깃광고 경계에서만 보조)",관찰 기간 내 공시 확인,1,True,1,True,False,True,True,False,True,False,False,False,False,주의 패턴 관찰,기준 중앙값 대비 거래량 이상; 코스닥 대비 단기 초과상승; 언급 후 고점 대비 큰 하락; 보도자료성 표현 관찰; 중요 공시 후보 제목 관찰
EVT-62E243C188,378800,샤페론,2026-06-12 11:38:45+09:00,2026-06-12 11:38:45+09:00,2026-06-13 06:12:53+09:00,2,2,crioppstockfree; mbngoldcsi,KOSDAQ,23768917934,확인,장중,565016.9333333333,548942.0,15,3,11.14515194683591,5.838613573592712,20.93023255813953,17.20880778408318,15거래일 관찰 완료,15,-30.21908186029911,-60.92307692307693,2026-06-12,기사 미확인,0,0,0,False,0,False,0,False,0,0,0.0,,"보조지표(2026-06 표본 예측력 약함 r≈0.02, 재검증 대상; 단독 사용 안 함, 타깃광고 경계에서만 보조)",관찰 기간 내 공시 확인,1,False,0,True,True,True,True,True,True,False,False,False,False,주의 패턴 관찰,기준 중앙값 대비 거래량 이상; MAD 기준 거래량 이상치; 코스닥 대비 단기 초과상승; 언급 후 코스닥 대비 하락; 언급 후 고점 대비 큰 하락; 복수 Telegram 채널 언급; 관찰 기간 내 공시 확인; 뉴스: 기사 미확인
EVT-0E6EB5C0FC,087260,모바일어플라이언스,2026-06-15 10:00:22+09:00,2026-06-15 10:00:22+09:00,2026-06-17 20:24:30+09:00,12,3,crioppstockfree; mbngoldcsi; numt7777,KOSDAQ,8040556667,확인,장중,1543127.666666667,1619256.0,15,3,6.563716916905047,2.918403811902853,29.85074626865671,29.36680476921547,15거래일 관찰 완료,15,-43.33143774179135,-61.41215106732349,2026-06-15,확인,55,20,15,False,0,True,28,True,2,10,0.7272727272727273,"네이버 인링크(CP) 관측(oid=014) · 네이버 인링크(CP) 관측(oid=018) · 네이버 인링크(CP) 관측(oid=081) · 미분류: 포털 CP 미등재 + 네이버 인링크 미관측(조회 2026-07) · 포털 CP 등재(다음 news.daum.net/cplist·네이트 경제 CP, 조회 2026-07)","보조지표(2026-06 표본 예측력 약함 r≈0.02, 재검증 대상; 단독 사용 안 함, 타깃광고 경계에서만 보조)",관찰 기간 내 공시 확인,15,True,3,True,False,True,True,True,True,False,False,False,False,주의 패턴 관찰,기준 중앙값 대비 거래량 이상; 코스닥 대비 단기 초과상승; 언급 후 코스닥 대비 하락; 언급 후 고점 대비 큰 하락; 복수 Telegram 채널 언급; 보도자료성 표현 관찰; 중요 공시 후보 제목 관찰
EVT-931C8C3170,240600,유진테크놀로지,2026-06-15 10:00:22+09:00,2026-06-15 10:00:22+09:00,2026-06-17 15:00:29+09:00,15,2,mbngoldcsi; numt7777,KOSDAQ,14549117100,확인,장중,31718.6,26389.0,15,3,105.4160824586002,16.2101796353976,68.72037914691944,69.72810471904907,15거래일 관찰 완료,15,1.10991040582411,-46.37640449438202,2026-06-15,확인,3,0,0,False,0,False,3,False,0,0,1.0,미분류: 포털 CP 미등재 + 네이버 인링크 미관측(조회 2026-07),"보조지표(2026-06 표본 예측력 약함 r≈0.02, 재검증 대상; 단독 사용 안 함, 타깃광고 경계에서만 보조)",관찰 기간 내 공시 확인,1,True,1,True,True,True,True,False,True,False,False,False,False,주의 패턴 관찰,기준 중앙값 대비 거래량 이상; MAD 기준 거래량 이상치; 코스닥 대비 단기 초과상승; 언급 후 고점 대비 큰 하락; 복수 Telegram 채널 언급; 중요 공시 후보 제목 관찰
EVT-7D3E5A4B12,317240,TS트릴리온,2026-06-15 10:00:22+09:00,2026-06-15 10:00:22+09:00,2026-06-18 08:46:42+09:00,15,4,crioppstockfree; mbngoldcsi; numt7777; selfstudyview,KOSDAQ,23399722222,확인,장중,186928.7333333333,165334.0,15,3,99.4001536284128,6.951079740092949,29.95689655172413,29.47295505228289,15거래일 관찰 완료,15,-18.07185715539656,-40.79601990049751,2026-06-15,확인,65,51,4,False,7,True,45,True,5,5,0.5538461538461539,"네이버 인링크(CP) 관측(oid=001) · 네이버 인링크(CP) 관측(oid=003) · 네이버 인링크(CP) 관측(oid=008) · 네이버 인링크(CP) 관측(oid=011) · 네이버 인링크(CP) 관측(oid=015) · 네이버 인링크(CP) 관측(oid=016) · 네이버 인링크(CP) 관측(oid=018) · 네이버 인링크(CP) 관측(oid=024) · 네이버 인링크(CP) 관측(oid=029) · 네이버 인링크(CP) 관측(oid=030) · 네이버 인링크(CP) 관측(oid=081) · 네이버 인링크(CP) 관측(oid=119) · 네이버 인링크(CP) 관측(oid=366) · 네이버 인링크(CP) 관측(oid=374) · 네이버 인링크(CP) 관측(oid=422) · 미분류: 포털 CP 미등재 + 네이버 인링크 미관측(조회 2026-07) · 포털 CP 등재(다음 news.daum.net/cplist·네이트 경제 CP, 조회 2026-07)","보조지표(2026-06 표본 예측력 약함 r≈0.02, 재검증 대상; 단독 사용 안 함, 타깃광고 경계에서만 보조)",관찰 기간 내 공시 미확인,0,False,0,True,True,True,True,True,True,False,False,False,False,주의 패턴 관찰,기준 중앙값 대비 거래량 이상; MAD 기준 거래량 이상치; 코스닥 대비 단기 초과상승; 언급 후 코스닥 대비 하락; 언급 후 고점 대비 큰 하락; 복수 Telegram 채널 언급; 유사 기사 반복 관찰; 보도자료성 표현 관찰; 관찰 기간 내 공시 미확인
EVT-64523A3974,344860,이노진,2026-06-15 11:35:41+09:00,2026-06-15 11:35:41+09:00,2026-06-15 22:47:45+09:00,3,2,crioppstockfree; mbngoldcsi,KOSDAQ,16192380000,확인,장중,90517.8,66650.0,15,3,9.87741935483871,3.393749612326431,9.172413793103452,8.688472293662208,15거래일 관찰 완료,15,5.004276180870104,-23.81554011370815,2026-06-15,확인,41,11,12,False,2,True,21,True,0,0,0.6585365853658537,"네이버 인링크(CP) 관측(oid=003) · 네이버 인링크(CP) 관측(oid=008) · 네이버 인링크(CP) 관측(oid=016) · 네이버 인링크(CP) 관측(oid=018) · 네이버 인링크(CP) 관측(oid=081) · 미분류: 포털 CP 미등재 + 네이버 인링크 미관측(조회 2026-07) · 포털 CP 등재(다음 news.daum.net/cplist·네이트 경제 CP, 조회 2026-07)","보조지표(2026-06 표본 예측력 약함 r≈0.02, 재검증 대상; 단독 사용 안 함, 타깃광고 경계에서만 보조)",관찰 기간 내 공시 미확인,0,False,0,True,False,True,True,False,True,False,False,False,False,주의 패턴 관찰,기준 중앙값 대비 거래량 이상; 코스닥 대비 단기 초과상승; 언급 후 고점 대비 큰 하락; 복수 Telegram 채널 언급; 유사 기사 반복 관찰; 보도자료성 표현 관찰; 관찰 기간 내 공시 미확인
EVT-0AFFD5603E,377030,비트맥스,2026-06-15 11:35:41+09:00,2026-06-15 11:35:41+09:00,2026-06-16 13:00:26+09:00,3,3,crioppstockfree; mbngoldcsi; numt7777,KOSDAQ,21366094490,확인,장중,137565.2,69569.0,15,3,10.73670744153287,2.810629422793272,24.36974789915967,25.3774734712893,15거래일 관찰 완료,15,5.785134888221421,-36.17463617463618,2026-06-15,확인,52,8,11,False,4,False,31,True,0,1,0.6923076923076923,"네이버 인링크(CP) 관측(oid=005) · 네이버 인링크(CP) 관측(oid=008) · 네이버 인링크(CP) 관측(oid=018) · 네이버 인링크(CP) 관측(oid=023) · 네이버 인링크(CP) 관측(oid=029) · 네이버 인링크(CP) 관측(oid=092) · 네이버 인링크(CP) 관측(oid=277) · 미분류: 포털 CP 미등재 + 네이버 인링크 미관측(조회 2026-07) · 포털 CP 등재(다음 news.daum.net/cplist·네이트 경제 CP, 조회 2026-07)","보조지표(2026-06 표본 예측력 약함 r≈0.02, 재검증 대상; 단독 사용 안 함, 타깃광고 경계에서만 보조)",관찰 기간 내 공시 확인,1,False,0,True,False,True,True,False,True,False,False,False,False,주의 패턴 관찰,기준 중앙값 대비 거래량 이상; 코스닥 대비 단기 초과상승; 언급 후 고점 대비 큰 하락; 복수 Telegram 채널 언급; 유사 기사 반복 관찰; 관찰 기간 내 공시 확인
EVT-DFFBDFB534,432980,엠에프씨,2026-06-15 22:17:47+09:00,2026-06-15 22:17:47+09:00,2026-06-15 22:19:04+09:00,2,1,crioppstockfree,KOSDAQ,22982909850,확인,장후,38082.86666666667,30954.0,15,3,4.848291012470117,2.527198618010658,8.199356913183276,8.558438026000914,15거래일 관찰 완료,15,5.488351468443353,-15.75037147102526,2026-06-16,확인,37,19,10,False,0,False,23,True,0,0,0.8918918918918919,"네이버 인링크(CP) 관측(oid=016) · 네이버 인링크(CP) 관측(oid=018) · 미분류: 포털 CP 미등재 + 네이버 인링크 미관측(조회 2026-07) · 포털 CP 등재(다음 news.daum.net/cplist·네이트 경제 CP, 조회 2026-07)","보조지표(2026-06 표본 예측력 약함 r≈0.02, 재검증 대상; 단독 사용 안 함, 타깃광고 경계에서만 보조)",관찰 기간 내 공시 확인,3,True,1,True,False,True,True,False,True,False,False,False,False,주의 패턴 관찰,기준 중앙값 대비 거래량 이상; 코스닥 대비 단기 초과상승; 언급 후 고점 대비 큰 하락; 중요 공시 후보 제목 관찰
EVT-FB084D9938,023790,동일스틸럭스,2026-06-15 22:47:45+09:00,2026-06-15 22:47:45+09:00,2026-06-18 08:46:42+09:00,10,3,crioppstockfree; mbngoldcsi; numt7777,KOSDAQ,22336301872,확인,장후,1000745.714285714,237830.0,14,3,36.39812471092797,4.326940484489551,36.52173913043477,39.72280679771716,15거래일 관찰 완료,15,12.34324390354057,-36.35838150289017,2026-06-16,확인,59,27,6,False,0,True,31,True,4,5,0.576271186440678,"네이버 인링크(CP) 관측(oid=003) · 네이버 인링크(CP) 관측(oid=008) · 네이버 인링크(CP) 관측(oid=011) · 네이버 인링크(CP) 관측(oid=015) · 네이버 인링크(CP) 관측(oid=081) · 네이버 인링크(CP) 관측(oid=277) · 네이버 인링크(CP) 관측(oid=346) · 네이버 인링크(CP) 관측(oid=366) · 네이버 인링크(CP) 관측(oid=374) · 네이버 인링크(CP) 관측(oid=421) · 네이버 인링크(CP) 관측(oid=658) · 미분류: 포털 CP 미등재 + 네이버 인링크 미관측(조회 2026-07) · 포털 CP 등재(다음 news.daum.net/cplist·네이트 경제 CP, 조회 2026-07)","보조지표(2026-06 표본 예측력 약함 r≈0.02, 재검증 대상; 단독 사용 안 함, 타깃광고 경계에서만 보조)",관찰 기간 내 공시 미확인,0,False,0,True,True,True,True,False,True,False,False,False,False,주의 패턴 관찰,기준 중앙값 대비 거래량 이상; MAD 기준 거래량 이상치; 코스닥 대비 단기 초과상승; 언급 후 고점 대비 큰 하락; 복수 Telegram 채널 언급; 보도자료성 표현 관찰; 관찰 기간 내 공시 미확인
EVT-EBCFA0691F,049120,파인디앤씨,2026-06-16 10:00:20+09:00,2026-06-16 10:00:20+09:00,2026-06-16 19:07:20+09:00,8,3,crioppstockfree; mbngoldcsi; numt7777,KOSDAQ,21150317685,확인,장중,157487.0,51175.0,15,3,19.01776257938446,5.352914027819179,29.89247311827956,31.37695616035765,15거래일 관찰 완료,15,-15.77092104910732,-35.59602649006622,2026-06-16,확인,33,23,7,False,0,True,24,True,3,6,0.5454545454545454,"네이버 인링크(CP) 관측(oid=011) · 네이버 인링크(CP) 관측(oid=015) · 네이버 인링크(CP) 관측(oid=018) · 네이버 인링크(CP) 관측(oid=031) · 네이버 인링크(CP) 관측(oid=081) · 네이버 인링크(CP) 관측(oid=293) · 네이버 인링크(CP) 관측(oid=366) · 미분류: 포털 CP 미등재 + 네이버 인링크 미관측(조회 2026-07) · 포털 CP 등재(다음 news.daum.net/cplist·네이트 경제 CP, 조회 2026-07)","보조지표(2026-06 표본 예측력 약함 r≈0.02, 재검증 대상; 단독 사용 안 함, 타깃광고 경계에서만 보조)",관찰 기간 내 공시 확인,2,False,0,True,True,True,True,True,True,False,False,False,False,주의 패턴 관찰,기준 중앙값 대비 거래량 이상; MAD 기준 거래량 이상치; 코스닥 대비 단기 초과상승; 언급 후 코스닥 대비 하락; 언급 후 고점 대비 큰 하락; 복수 Telegram 채널 언급; 보도자료성 표현 관찰; 관찰 기간 내 공시 확인
EVT-7718CB4578,017000,신원종합개발,2026-06-16 11:35:38+09:00,2026-06-16 11:35:38+09:00,2026-06-18 08:46:42+09:00,3,2,crioppstockfree; mbngoldcsi,KOSDAQ,25669659400,확인,장중,51241.53333333333,49961.0,15,3,5.136906787294089,3.646608766756747,6.860706860706856,8.190672656887376,15거래일 관찰 완료,15,18.7926538138416,-19.59247648902821,2026-06-16,확인,14,10,2,False,0,True,9,False,1,1,1.0,미분류: 포털 CP 미등재 + 네이버 인링크 미관측(조회 2026-07),"보조지표(2026-06 표본 예측력 약함 r≈0.02, 재검증 대상; 단독 사용 안 함, 타깃광고 경계에서만 보조)",관찰 기간 내 공시 확인,1,True,1,True,True,True,True,False,True,False,False,False,False,주의 패턴 관찰,기준 중앙값 대비 거래량 이상; MAD 기준 거래량 이상치; 코스닥 대비 단기 초과상승; 언급 후 고점 대비 큰 하락; 복수 Telegram 채널 언급; 보도자료성 표현 관찰; 중요 공시 후보 제목 관찰
EVT-1C7AB2C346,224060,더코디,2026-06-16 13:00:26+09:00,2026-06-16 13:00:26+09:00,2026-06-16 15:00:25+09:00,3,1,numt7777,KOSDAQ,23352267050,확인,장중,23581.13333333334,27873.0,15,3,8.039464714957127,16.28054814078083,32.82548476454294,33.0256723799893,15거래일 관찰 완료,15,27.99614711056736,-31.38686131386861,2026-06-16,확인,14,8,2,False,0,True,10,True,1,3,0.7857142857142857,"네이버 인링크(CP) 관측(oid=081) · 미분류: 포털 CP 미등재 + 네이버 인링크 미관측(조회 2026-07) · 포털 CP 등재(다음 news.daum.net/cplist·네이트 경제 CP, 조회 2026-07)","보조지표(2026-06 표본 예측력 약함 r≈0.02, 재검증 대상; 단독 사용 안 함, 타깃광고 경계에서만 보조)",관찰 기간 내 공시 미확인,0,False,0,True,True,True,True,False,True,False,False,False,False,주의 패턴 관찰,기준 중앙값 대비 거래량 이상; MAD 기준 거래량 이상치; 코스닥 대비 단기 초과상승; 언급 후 고점 대비 큰 하락; 보도자료성 표현 관찰; 관찰 기간 내 공시 미확인
EVT-B3F786600A,009620,삼보산업,2026-06-17 07:07:00+09:00,2026-06-17 07:07:00+09:00,2026-06-18 15:00:20+09:00,3,2,crioppstockfree; numt7777,KOSDAQ,13384354768,확인,장전,720599.2,333696.0,15,3,11.17877349443805,3.146176499344973,60.51660516605166,65.63008535610152,15거래일 관찰 완료,15,41.76449345581869,-31.60919540229885,2026-06-17,확인,55,27,7,False,0,True,29,True,4,6,0.8181818181818182,"네이버 인링크(CP) 관측(oid=018) · 네이버 인링크(CP) 관측(oid=081) · 미분류: 포털 CP 미등재 + 네이버 인링크 미관측(조회 2026-07) · 포털 CP 등재(다음 news.daum.net/cplist·네이트 경제 CP, 조회 2026-07)","보조지표(2026-06 표본 예측력 약함 r≈0.02, 재검증 대상; 단독 사용 안 함, 타깃광고 경계에서만 보조)",관찰 기간 내 공시 확인,5,True,1,True,False,True,True,False,True,False,False,False,False,주의 패턴 관찰,기준 중앙값 대비 거래량 이상; 코스닥 대비 단기 초과상승; 언급 후 고점 대비 큰 하락; 복수 Telegram 채널 언급; 보도자료성 표현 관찰; 중요 공시 후보 제목 관찰
EVT-22B689A9FF,050090,비케이홀딩스,2026-06-17 07:07:00+09:00,2026-06-17 07:07:00+09:00,2026-06-19 08:56:27+09:00,3,2,crioppstockfree; jeilstock,KOSDAQ,6754468945,확인,장전,62700.73333333333,67574.0,15,3,5.05096634800367,2.599005633438281,13.25301204819278,18.36649223824264,15거래일 관찰 완료,15,-14.8375586795113,-45.8966565349544,2026-06-17,확인,56,9,23,False,15,True,34,True,1,1,0.7857142857142857,"네이버 인링크(CP) 관측(oid=003) · 네이버 인링크(CP) 관측(oid=008) · 네이버 인링크(CP) 관측(oid=018) · 네이버 인링크(CP) 관측(oid=030) · 네이버 인링크(CP) 관측(oid=243) · 네이버 인링크(CP) 관측(oid=277) · 네이버 인링크(CP) 관측(oid=293) · 네이버 인링크(CP) 관측(oid=366) · 미분류: 포털 CP 미등재 + 네이버 인링크 미관측(조회 2026-07) · 포털 CP 등재(다음 news.daum.net/cplist·네이트 경제 CP, 조회 2026-07)","보조지표(2026-06 표본 예측력 약함 r≈0.02, 재검증 대상; 단독 사용 안 함, 타깃광고 경계에서만 보조)",관찰 기간 내 공시 확인,1,False,0,True,False,True,True,True,True,False,False,False,False,주의 패턴 관찰,기준 중앙값 대비 거래량 이상; 코스닥 대비 단기 초과상승; 언급 후 코스닥 대비 하락; 언급 후 고점 대비 큰 하락; 복수 Telegram 채널 언급; 유사 기사 반복 관찰; 보도자료성 표현 관찰; 관찰 기간 내 공시 확인
EVT-97BC5EF0BC,418620,E8,2026-06-17 07:07:00+09:00,2026-06-17 07:07:00+09:00,2026-06-17 11:46:19+09:00,2,1,crioppstockfree,KOSDAQ,13895333900,확인,장전,261585.9333333333,138043.0,15,3,13.44102200039118,3.991165981930946,4.616805170821792,7.329546672044319,15거래일 관찰 완료,15,-13.05030501431958,-36.98146513680495,2026-06-17,확인,67,24,21,False,8,True,37,True,1,1,0.7313432835820896,"네이버 인링크(CP) 관측(oid=003) · 네이버 인링크(CP) 관측(oid=008) · 네이버 인링크(CP) 관측(oid=018) · 네이버 인링크(CP) 관측(oid=023) · 네이버 인링크(CP) 관측(oid=081) · 네이버 인링크(CP) 관측(oid=082) · 네이버 인링크(CP) 관측(oid=366) · 미분류: 포털 CP 미등재 + 네이버 인링크 미관측(조회 2026-07) · 포털 CP 등재(다음 news.daum.net/cplist·네이트 경제 CP, 조회 2026-07)","보조지표(2026-06 표본 예측력 약함 r≈0.02, 재검증 대상; 단독 사용 안 함, 타깃광고 경계에서만 보조)",관찰 기간 내 공시 확인,4,False,0,True,True,True,True,True,True,False,False,False,False,주의 패턴 관찰,기준 중앙값 대비 거래량 이상; MAD 기준 거래량 이상치; 코스닥 대비 단기 초과상승; 언급 후 코스닥 대비 하락; 언급 후 고점 대비 큰 하락; 유사 기사 반복 관찰; 보도자료성 표현 관찰; 관찰 기간 내 공시 확인
EVT-BF22BA9ED8,069330,유아이디,2026-06-17 11:50:21+09:00,2026-06-17 11:50:21+09:00,2026-06-18 20:20:58+09:00,4,2,crioppstockfree; mbngoldcsi,KOSDAQ,17817155274,확인,장중,73949.86666666667,46198.0,15,3,13.96194640460626,4.203777395101297,25.0,26.74245101503907,15거래일 관찰 완료,15,22.54776091299921,-20.26200873362446,2026-06-17,확인,22,5,1,False,0,False,16,True,0,0,0.6363636363636364,네이버 인링크(CP) 관측(oid=003) · 네이버 인링크(CP) 관측(oid=008) · 네이버 인링크(CP) 관측(oid=014) · 네이버 인링크(CP) 관측(oid=018) · 네이버 인링크(CP) 관측(oid=277) · 네이버 인링크(CP) 관측(oid=366) · 미분류: 포털 CP 미등재 + 네이버 인링크 미관측(조회 2026-07),"보조지표(2026-06 표본 예측력 약함 r≈0.02, 재검증 대상; 단독 사용 안 함, 타깃광고 경계에서만 보조)",관찰 기간 내 공시 미확인,0,False,0,True,True,True,True,False,True,False,False,False,False,주의 패턴 관찰,기준 중앙값 대비 거래량 이상; MAD 기준 거래량 이상치; 코스닥 대비 단기 초과상승; 언급 후 고점 대비 큰 하락; 복수 Telegram 채널 언급; 관찰 기간 내 공시 미확인
EVT-2B5045F1FC,146060,율촌,2026-06-17 20:22:12+09:00,2026-06-17 20:22:12+09:00,2026-06-17 20:22:12+09:00,1,1,mbngoldcsi,KOSDAQ,24736062850,확인,장후,203015.9333333333,109982.0,15,3,98.84664763324908,10.12861399614372,10.85714285714285,13.86404234937124,15거래일 관찰 완료,15,-11.4322649008587,-32.98969072164949,2026-06-18,기사 미확인,0,0,0,False,0,False,0,False,0,0,0.0,,"보조지표(2026-06 표본 예측력 약함 r≈0.02, 재검증 대상; 단독 사용 안 함, 타깃광고 경계에서만 보조)",관찰 기간 내 공시 확인,3,False,0,True,True,True,True,True,True,False,False,False,False,주의 패턴 관찰,기준 중앙값 대비 거래량 이상; MAD 기준 거래량 이상치; 코스닥 대비 단기 초과상승; 언급 후 코스닥 대비 하락; 언급 후 고점 대비 큰 하락; 관찰 기간 내 공시 확인; 뉴스: 기사 미확인
EVT-A05566E1E7,290560,파라택시스이더리움,2026-06-18 10:00:29+09:00,2026-06-18 10:00:29+09:00,2026-06-19 20:09:13+09:00,7,4,companyreport; crioppstockfree; mbngoldcsi; numt7777,KOSDAQ,25493512200,확인,장중,67823.53333333334,42472.0,15,3,51.58217178376342,6.000153859173601,30.0,33.00689949222839,15거래일 관찰 완료,15,2.285495002468206,-20.07326007326007,2026-06-18,확인,39,14,13,False,2,True,28,True,2,5,0.6923076923076923,"네이버 인링크(CP) 관측(oid=008) · 네이버 인링크(CP) 관측(oid=015) · 네이버 인링크(CP) 관측(oid=018) · 네이버 인링크(CP) 관측(oid=023) · 네이버 인링크(CP) 관측(oid=029) · 네이버 인링크(CP) 관측(oid=030) · 네이버 인링크(CP) 관측(oid=081) · 네이버 인링크(CP) 관측(oid=277) · 미분류: 포털 CP 미등재 + 네이버 인링크 미관측(조회 2026-07) · 포털 CP 등재(다음 news.daum.net/cplist·네이트 경제 CP, 조회 2026-07)","보조지표(2026-06 표본 예측력 약함 r≈0.02, 재검증 대상; 단독 사용 안 함, 타깃광고 경계에서만 보조)",관찰 기간 내 공시 미확인,0,False,0,True,True,True,True,False,True,False,False,False,False,주의 패턴 관찰,기준 중앙값 대비 거래량 이상; MAD 기준 거래량 이상치; 코스닥 대비 단기 초과상승; 언급 후 고점 대비 큰 하락; 복수 Telegram 채널 언급; 유사 기사 반복 관찰; 보도자료성 표현 관찰; 관찰 기간 내 공시 미확인
EVT-3A91A5E4CF,365900,브이씨,2026-06-18 12:10:24+09:00,2026-06-18 12:10:24+09:00,2026-06-18 20:20:58+09:00,2,2,crioppstockfree; mbngoldcsi,KOSDAQ,18897125500,확인,장중,26691.8,13449.0,15,3,39.91776340248346,3.37306048435947,20.08547008547008,26.42001793616197,15거래일 관찰 완료,15,15.71053809662894,-17.97153024911032,2026-06-18,확인,61,15,3,False,16,False,38,True,0,1,0.5573770491803278,"네이버 인링크(CP) 관측(oid=003) · 네이버 인링크(CP) 관측(oid=009) · 네이버 인링크(CP) 관측(oid=011) · 네이버 인링크(CP) 관측(oid=014) · 네이버 인링크(CP) 관측(oid=015) · 네이버 인링크(CP) 관측(oid=016) · 네이버 인링크(CP) 관측(oid=018) · 네이버 인링크(CP) 관측(oid=023) · 네이버 인링크(CP) 관측(oid=057) · 네이버 인링크(CP) 관측(oid=119) · 네이버 인링크(CP) 관측(oid=277) · 네이버 인링크(CP) 관측(oid=421) · 미분류: 포털 CP 미등재 + 네이버 인링크 미관측(조회 2026-07) · 포털 CP 등재(다음 news.daum.net/cplist·네이트 경제 CP, 조회 2026-07)","보조지표(2026-06 표본 예측력 약함 r≈0.02, 재검증 대상; 단독 사용 안 함, 타깃광고 경계에서만 보조)",관찰 기간 내 공시 확인,2,False,0,True,False,True,True,False,True,False,False,False,False,주의 패턴 관찰,기준 중앙값 대비 거래량 이상; 코스닥 대비 단기 초과상승; 언급 후 고점 대비 큰 하락; 복수 Telegram 채널 언급; 유사 기사 반복 관찰; 관찰 기간 내 공시 확인
EVT-D344785C7C,389680,유디엠텍,2026-06-18 12:10:31+09:00,2026-06-18 12:10:31+09:00,2026-06-19 20:09:13+09:00,4,2,crioppstockfree; mbngoldcsi,KOSDAQ,13945481468,확인,장중,564073.0666666667,93713.0,15,3,17.45914654316904,4.502166745921602,7.582938388625582,10.58983788085397,15거래일 관찰 완료,15,-7.916534979297452,-32.99559471365639,2026-06-18,확인,39,10,21,False,0,True,22,True,2,4,0.717948717948718,"네이버 인링크(CP) 관측(oid=003) · 네이버 인링크(CP) 관측(oid=008) · 네이버 인링크(CP) 관측(oid=011) · 네이버 인링크(CP) 관측(oid=018) · 미분류: 포털 CP 미등재 + 네이버 인링크 미관측(조회 2026-07) · 포털 CP 등재(다음 news.daum.net/cplist·네이트 경제 CP, 조회 2026-07)","보조지표(2026-06 표본 예측력 약함 r≈0.02, 재검증 대상; 단독 사용 안 함, 타깃광고 경계에서만 보조)",관찰 기간 내 공시 확인,1,True,1,True,True,True,True,False,True,False,False,False,False,주의 패턴 관찰,기준 중앙값 대비 거래량 이상; MAD 기준 거래량 이상치; 코스닥 대비 단기 초과상승; 언급 후 고점 대비 큰 하락; 복수 Telegram 채널 언급; 보도자료성 표현 관찰; 중요 공시 후보 제목 관찰
EVT-E684304B56,053950,경남제약,2026-06-19 07:05:53+09:00,2026-06-19 07:05:53+09:00,2026-06-19 07:05:53+09:00,1,1,crioppstockfree,KOSDAQ,23788054862,확인,장전,86660.06666666667,61390.0,15,3,13.87105391757615,3.491936120127543,19.64930376482723,30.58013808890584,15거래일 관찰 완료,15,-1.178101450543734,-33.57758620689655,2026-06-19,확인,60,6,9,False,2,True,35,True,3,1,0.9,"네이버 인링크(CP) 관측(oid=031) · 네이버 인링크(CP) 관측(oid=293) · 네이버 인링크(CP) 관측(oid=648) · 미분류: 포털 CP 미등재 + 네이버 인링크 미관측(조회 2026-07) · 포털 CP 등재(다음 news.daum.net/cplist·네이트 경제 CP, 조회 2026-07)","보조지표(2026-06 표본 예측력 약함 r≈0.02, 재검증 대상; 단독 사용 안 함, 타깃광고 경계에서만 보조)",관찰 기간 내 공시 확인,2,True,2,True,False,True,True,False,True,False,False,False,False,주의 패턴 관찰,기준 중앙값 대비 거래량 이상; 코스닥 대비 단기 초과상승; 언급 후 고점 대비 큰 하락; 유사 기사 반복 관찰; 보도자료성 표현 관찰; 중요 공시 후보 제목 관찰
EVT-2A20755D2E,011080,형지I&C,2026-06-19 10:00:31+09:00,2026-06-19 10:00:31+09:00,2026-06-19 20:08:50+09:00,8,3,crioppstockfree; mbngoldcsi; numt7777,KOSDAQ,9172519370,확인,장중,332947.3333333333,94096.0,15,3,21.978383778269,3.681361137623785,29.94454713493531,33.3753564822423,15거래일 관찰 완료,15,-30.30754668525213,-45.51920341394025,2026-06-19,확인,9,0,0,False,0,False,9,False,0,0,1.0,미분류: 포털 CP 미등재 + 네이버 인링크 미관측(조회 2026-07),"보조지표(2026-06 표본 예측력 약함 r≈0.02, 재검증 대상; 단독 사용 안 함, 타깃광고 경계에서만 보조)",관찰 기간 내 공시 미확인,0,False,0,True,True,True,True,True,True,False,False,False,False,주의 패턴 관찰,기준 중앙값 대비 거래량 이상; MAD 기준 거래량 이상치; 코스닥 대비 단기 초과상승; 언급 후 코스닥 대비 하락; 언급 후 고점 대비 큰 하락; 복수 Telegram 채널 언급; 관찰 기간 내 공시 미확인
EVT-8D7FAF842B,001000,신라섬유,2026-06-19 20:09:13+09:00,2026-06-19 20:09:13+09:00,2026-06-19 20:09:13+09:00,1,1,mbngoldcsi,KOSDAQ,21024349640,확인,장후,1546644.933333333,406215.0,15,3,13.03817928929262,0.9284729712266034,8.069164265129691,15.83564229614595,15거래일 관찰 완료,15,-23.94073600238627,-47.46666666666667,2026-06-22,확인,35,2,21,False,0,True,21,True,2,5,0.7714285714285715,"네이버 인링크(CP) 관측(oid=018) · 네이버 인링크(CP) 관측(oid=081) · 미분류: 포털 CP 미등재 + 네이버 인링크 미관측(조회 2026-07) · 포털 CP 등재(다음 news.daum.net/cplist·네이트 경제 CP, 조회 2026-07)","보조지표(2026-06 표본 예측력 약함 r≈0.02, 재검증 대상; 단독 사용 안 함, 타깃광고 경계에서만 보조)",관찰 기간 내 공시 미확인,0,False,0,True,False,True,True,True,True,False,False,False,False,주의 패턴 관찰,기준 중앙값 대비 거래량 이상; 코스닥 대비 단기 초과상승; 언급 후 코스닥 대비 하락; 언급 후 고점 대비 큰 하락; 보도자료성 표현 관찰; 관찰 기간 내 공시 미확인
EVT-247BCACC4B,034940,조아제약,2026-06-22 10:00:31+09:00,2026-06-22 10:00:31+09:00,2026-06-24 20:22:08+09:00,9,3,crioppstockfree; mbngoldcsi; numt7777,KOSDAQ,16202449521,확인,장중,157672.2666666667,88226.0,15,3,332.9822841339288,4.870625372540162,77.51479289940828,83.44078013287853,15거래일 관찰 완료,15,-5.457908450276072,-43.88888888888889,2026-06-22,확인,50,0,0,False,2,True,35,True,2,1,0.86,"네이버 인링크(CP) 관측(oid=003) · 네이버 인링크(CP) 관측(oid=081) · 네이버 인링크(CP) 관측(oid=117) · 네이버 인링크(CP) 관측(oid=421) · 미분류: 포털 CP 미등재 + 네이버 인링크 미관측(조회 2026-07) · 포털 CP 등재(다음 news.daum.net/cplist·네이트 경제 CP, 조회 2026-07)","보조지표(2026-06 표본 예측력 약함 r≈0.02, 재검증 대상; 단독 사용 안 함, 타깃광고 경계에서만 보조)",관찰 기간 내 공시 확인,4,False,0,True,True,True,True,False,True,False,False,False,False,주의 패턴 관찰,기준 중앙값 대비 거래량 이상; MAD 기준 거래량 이상치; 코스닥 대비 단기 초과상승; 언급 후 고점 대비 큰 하락; 복수 Telegram 채널 언급; 유사 기사 반복 관찰; 보도자료성 표현 관찰; 관찰 기간 내 공시 확인
EVT-77658AA741,045520,크린앤사이언스,2026-06-22 10:00:31+09:00,2026-06-22 10:00:31+09:00,2026-06-23 14:00:27+09:00,9,3,crioppstockfree; mbngoldcsi; numt7777,KOSDAQ,17745000000,확인,장중,54694.66666666666,30241.0,15,3,47.52303164577891,13.1477157996331,29.88505747126437,29.69780124059782,15거래일 관찰 완료,15,-9.725186957150644,-31.22629582806574,2026-06-22,확인,29,15,5,False,0,True,17,True,2,4,0.8275862068965517,"네이버 인링크(CP) 관측(oid=014) · 네이버 인링크(CP) 관측(oid=081) · 네이버 인링크(CP) 관측(oid=374) · 미분류: 포털 CP 미등재 + 네이버 인링크 미관측(조회 2026-07) · 포털 CP 등재(다음 news.daum.net/cplist·네이트 경제 CP, 조회 2026-07)","보조지표(2026-06 표본 예측력 약함 r≈0.02, 재검증 대상; 단독 사용 안 함, 타깃광고 경계에서만 보조)",관찰 기간 내 공시 미확인,0,False,0,True,True,True,True,False,True,False,False,False,False,주의 패턴 관찰,기준 중앙값 대비 거래량 이상; MAD 기준 거래량 이상치; 코스닥 대비 단기 초과상승; 언급 후 고점 대비 큰 하락; 복수 Telegram 채널 언급; 보도자료성 표현 관찰; 관찰 기간 내 공시 미확인
EVT-EB70034241,073190,듀오백,2026-06-22 10:00:31+09:00,2026-06-22 10:00:31+09:00,2026-06-22 22:18:10+09:00,4,2,mbngoldcsi; numt7777,KOSDAQ,8616988800,확인,장중,400241.8,117255.0,15,3,6.015419385100849,1.200106979783761,29.91689750692521,29.72964127625865,15거래일 관찰 완료,15,-12.6083690240601,-30.06396588486141,2026-06-22,확인,86,17,44,False,2,True,39,True,2,10,0.5232558139534884,"네이버 인링크(CP) 관측(oid=003) · 네이버 인링크(CP) 관측(oid=008) · 네이버 인링크(CP) 관측(oid=009) · 네이버 인링크(CP) 관측(oid=014) · 네이버 인링크(CP) 관측(oid=018) · 네이버 인링크(CP) 관측(oid=020) · 네이버 인링크(CP) 관측(oid=022) · 네이버 인링크(CP) 관측(oid=023) · 네이버 인링크(CP) 관측(oid=081) · 네이버 인링크(CP) 관측(oid=277) · 네이버 인링크(CP) 관측(oid=366) · 네이버 인링크(CP) 관측(oid=417) · 네이버 인링크(CP) 관측(oid=421) · 네이버 인링크(CP) 관측(oid=448) · 미분류: 포털 CP 미등재 + 네이버 인링크 미관측(조회 2026-07) · 포털 CP 등재(다음 news.daum.net/cplist·네이트 경제 CP, 조회 2026-07)","보조지표(2026-06 표본 예측력 약함 r≈0.02, 재검증 대상; 단독 사용 안 함, 타깃광고 경계에서만 보조)",관찰 기간 내 공시 확인,3,False,0,True,False,True,True,True,True,False,False,False,False,주의 패턴 관찰,기준 중앙값 대비 거래량 이상; 코스닥 대비 단기 초과상승; 언급 후 코스닥 대비 하락; 언급 후 고점 대비 큰 하락; 복수 Telegram 채널 언급; 유사 기사 반복 관찰; 보도자료성 표현 관찰; 관찰 기간 내 공시 확인
EVT-B962F2BBAC,023790,동일스틸럭스,2026-06-22 22:18:10+09:00,2026-06-22 22:18:10+09:00,2026-06-23 23:09:08+09:00,2,2,mbngoldcsi; selfstudyview,KOSDAQ,22336301872,확인,장후,1491875.8,234859.0,15,3,35.63476383702562,4.256692905544123,7.453416149068315,15.39228438533432,15거래일 관찰 완료,15,-20.71202160679534,-41.61849710982659,2026-06-23,확인,63,10,40,False,0,True,33,True,4,5,0.6190476190476191,"네이버 인링크(CP) 관측(oid=003) · 네이버 인링크(CP) 관측(oid=008) · 네이버 인링크(CP) 관측(oid=011) · 네이버 인링크(CP) 관측(oid=015) · 네이버 인링크(CP) 관측(oid=081) · 네이버 인링크(CP) 관측(oid=277) · 네이버 인링크(CP) 관측(oid=346) · 네이버 인링크(CP) 관측(oid=366) · 네이버 인링크(CP) 관측(oid=374) · 네이버 인링크(CP) 관측(oid=421) · 네이버 인링크(CP) 관측(oid=658) · 미분류: 포털 CP 미등재 + 네이버 인링크 미관측(조회 2026-07) · 포털 CP 등재(다음 news.daum.net/cplist·네이트 경제 CP, 조회 2026-07)","보조지표(2026-06 표본 예측력 약함 r≈0.02, 재검증 대상; 단독 사용 안 함, 타깃광고 경계에서만 보조)",관찰 기간 내 공시 미확인,0,False,0,True,True,True,True,True,True,False,False,False,False,주의 패턴 관찰,기준 중앙값 대비 거래량 이상; MAD 기준 거래량 이상치; 코스닥 대비 단기 초과상승; 언급 후 코스닥 대비 하락; 언급 후 고점 대비 큰 하락; 복수 Telegram 채널 언급; 보도자료성 표현 관찰; 관찰 기간 내 공시 미확인
EVT-9505346A1B,177350,베셀,2026-06-23 11:43:11+09:00,2026-06-23 11:43:11+09:00,2026-06-23 20:29:24+09:00,3,2,crioppstockfree; mbngoldcsi,KOSDAQ,14734954586,확인,장중,240753.6,184978.0,15,3,34.2050135691812,6.186343098775072,6.376811594202891,14.3156798304689,15거래일 관찰 완료,15,5.250555766375665,-26.75879396984925,2026-06-23,확인,62,31,16,False,0,True,35,True,3,8,0.6290322580645161,"네이버 인링크(CP) 관측(oid=003) · 네이버 인링크(CP) 관측(oid=005) · 네이버 인링크(CP) 관측(oid=011) · 네이버 인링크(CP) 관측(oid=015) · 네이버 인링크(CP) 관측(oid=016) · 네이버 인링크(CP) 관측(oid=018) · 네이버 인링크(CP) 관측(oid=020) · 네이버 인링크(CP) 관측(oid=021) · 네이버 인링크(CP) 관측(oid=081) · 네이버 인링크(CP) 관측(oid=277) · 네이버 인링크(CP) 관측(oid=366) · 네이버 인링크(CP) 관측(oid=469) · 미분류: 포털 CP 미등재 + 네이버 인링크 미관측(조회 2026-07) · 포털 CP 등재(다음 news.daum.net/cplist·네이트 경제 CP, 조회 2026-07)","보조지표(2026-06 표본 예측력 약함 r≈0.02, 재검증 대상; 단독 사용 안 함, 타깃광고 경계에서만 보조)",관찰 기간 내 공시 확인,4,True,2,True,True,True,True,False,True,False,False,False,False,주의 패턴 관찰,기준 중앙값 대비 거래량 이상; MAD 기준 거래량 이상치; 코스닥 대비 단기 초과상승; 언급 후 고점 대비 큰 하락; 복수 Telegram 채널 언급; 보도자료성 표현 관찰; 중요 공시 후보 제목 관찰
EVT-7C4FE570C7,303030,지니틱스,2026-06-23 11:43:11+09:00,2026-06-23 11:43:11+09:00,2026-06-24 14:00:22+09:00,3,3,crioppstockfree; mbngoldcsi; numt7777,KOSDAQ,16959645552,확인,장중,31325.6,25238.0,15,3,78.73373484428244,5.982456497274654,29.78468899521531,37.72355723148132,15거래일 관찰 완료,15,-24.06648739087142,-44.23963133640553,2026-06-23,확인,41,16,12,False,9,True,21,True,1,3,0.6829268292682927,"네이버 인링크(CP) 관측(oid=003) · 네이버 인링크(CP) 관측(oid=018) · 네이버 인링크(CP) 관측(oid=081) · 미분류: 포털 CP 미등재 + 네이버 인링크 미관측(조회 2026-07) · 포털 CP 등재(다음 news.daum.net/cplist·네이트 경제 CP, 조회 2026-07)","보조지표(2026-06 표본 예측력 약함 r≈0.02, 재검증 대상; 단독 사용 안 함, 타깃광고 경계에서만 보조)",관찰 기간 내 공시 미확인,0,False,0,True,True,True,True,True,True,False,False,False,False,주의 패턴 관찰,기준 중앙값 대비 거래량 이상; MAD 기준 거래량 이상치; 코스닥 대비 단기 초과상승; 언급 후 코스닥 대비 하락; 언급 후 고점 대비 큰 하락; 복수 Telegram 채널 언급; 유사 기사 반복 관찰; 보도자료성 표현 관찰; 관찰 기간 내 공시 미확인
EVT-59982E0F0B,012340,뉴인텍,2026-06-25 10:00:20+09:00,2026-06-25 10:00:20+09:00,2026-06-26 15:00:21+09:00,12,3,crioppstockfree; mbngoldcsi; numt7777,KOSDAQ,14997650224,확인,장중,106571.9333333333,74857.0,15,3,72.7042360767864,4.999630626596742,68.80093131548313,75.17279569616737,15거래일 관찰 완료,15,-22.07555933110588,-57.03448275862068,2026-06-25,확인,68,31,6,False,0,True,32,True,7,7,0.6323529411764706,"네이버 인링크(CP) 관측(oid=003) · 네이버 인링크(CP) 관측(oid=011) · 네이버 인링크(CP) 관측(oid=015) · 네이버 인링크(CP) 관측(oid=018) · 네이버 인링크(CP) 관측(oid=081) · 네이버 인링크(CP) 관측(oid=215) · 미분류: 포털 CP 미등재 + 네이버 인링크 미관측(조회 2026-07) · 포털 CP 등재(다음 news.daum.net/cplist·네이트 경제 CP, 조회 2026-07)","보조지표(2026-06 표본 예측력 약함 r≈0.02, 재검증 대상; 단독 사용 안 함, 타깃광고 경계에서만 보조)",관찰 기간 내 공시 확인,5,True,3,True,True,True,True,True,True,False,False,False,False,주의 패턴 관찰,기준 중앙값 대비 거래량 이상; MAD 기준 거래량 이상치; 코스닥 대비 단기 초과상승; 언급 후 코스닥 대비 하락; 언급 후 고점 대비 큰 하락; 복수 Telegram 채널 언급; 보도자료성 표현 관찰; 중요 공시 후보 제목 관찰
EVT-DFE49C1373,078860,아이오케이이엔엠,2026-06-25 20:29:21+09:00,2026-06-25 20:29:21+09:00,2026-06-26 07:04:22+09:00,2,2,crioppstockfree; mbngoldcsi,KOSDAQ,18809537460,확인,장후,57438.46666666667,26542.0,15,3,4.246627985833773,1.38366593391986,11.57894736842104,7.888968656759743,15거래일 관찰 완료,15,33.50586258330091,-20.87912087912088,2026-06-26,확인,47,18,14,False,0,True,30,True,1,4,0.7872340425531915,"네이버 인링크(CP) 관측(oid=008) · 네이버 인링크(CP) 관측(oid=011) · 네이버 인링크(CP) 관측(oid=081) · 네이버 인링크(CP) 관측(oid=277) · 미분류: 포털 CP 미등재 + 네이버 인링크 미관측(조회 2026-07) · 포털 CP 등재(다음 news.daum.net/cplist·네이트 경제 CP, 조회 2026-07)","보조지표(2026-06 표본 예측력 약함 r≈0.02, 재검증 대상; 단독 사용 안 함, 타깃광고 경계에서만 보조)",관찰 기간 내 공시 확인,6,True,3,True,False,True,True,False,True,False,False,False,False,주의 패턴 관찰,기준 중앙값 대비 거래량 이상; 코스닥 대비 단기 초과상승; 언급 후 고점 대비 큰 하락; 복수 Telegram 채널 언급; 보도자료성 표현 관찰; 중요 공시 후보 제목 관찰
EVT-FC43EA6E68,312610,에이에프더블류,2026-06-25 20:29:21+09:00,2026-06-25 20:29:21+09:00,2026-06-25 20:29:21+09:00,1,1,mbngoldcsi,KOSDAQ,8426865408,확인,장후,111705.4666666667,63543.0,15,3,14.87666619454543,3.469589831115909,28.14371257485031,24.94820903242569,15거래일 관찰 완료,15,21.42266056628234,-52.99760191846523,2026-06-26,확인,54,2,7,False,0,True,17,True,4,13,0.7222222222222222,"네이버 인링크(CP) 관측(oid=081) · 네이버 인링크(CP) 관측(oid=088) · 미분류: 포털 CP 미등재 + 네이버 인링크 미관측(조회 2026-07) · 포털 CP 등재(다음 news.daum.net/cplist·네이트 경제 CP, 조회 2026-07)","보조지표(2026-06 표본 예측력 약함 r≈0.02, 재검증 대상; 단독 사용 안 함, 타깃광고 경계에서만 보조)",관찰 기간 내 공시 미확인,0,False,0,True,False,True,True,False,True,False,False,False,False,주의 패턴 관찰,기준 중앙값 대비 거래량 이상; 코스닥 대비 단기 초과상승; 언급 후 고점 대비 큰 하락; 보도자료성 표현 관찰; 관찰 기간 내 공시 미확인
EVT-7D121D1F22,034940,조아제약,2026-06-26 07:04:22+09:00,2026-06-26 07:04:22+09:00,2026-06-26 07:04:22+09:00,1,1,crioppstockfree,KOSDAQ,16202449521,확인,장전,4085404.8,88226.0,15,3,97.39885067893817,3.04579316267631,4.551920341394022,8.65640215619673,15거래일 관찰 완료,15,-16.89456105920998,-31.29251700680272,2026-06-26,확인,75,0,0,False,4,True,53,True,4,2,0.8533333333333334,"네이버 인링크(CP) 관측(oid=001) · 네이버 인링크(CP) 관측(oid=003) · 네이버 인링크(CP) 관측(oid=016) · 네이버 인링크(CP) 관측(oid=047) · 네이버 인링크(CP) 관측(oid=081) · 네이버 인링크(CP) 관측(oid=117) · 네이버 인링크(CP) 관측(oid=374) · 네이버 인링크(CP) 관측(oid=421) · 미분류: 포털 CP 미등재 + 네이버 인링크 미관측(조회 2026-07) · 포털 CP 등재(다음 news.daum.net/cplist·네이트 경제 CP, 조회 2026-07)","보조지표(2026-06 표본 예측력 약함 r≈0.02, 재검증 대상; 단독 사용 안 함, 타깃광고 경계에서만 보조)",관찰 기간 내 공시 확인,4,False,0,True,False,True,True,True,True,False,False,False,False,주의 패턴 관찰,기준 중앙값 대비 거래량 이상; 코스닥 대비 단기 초과상승; 언급 후 코스닥 대비 하락; 언급 후 고점 대비 큰 하락; 유사 기사 반복 관찰; 보도자료성 표현 관찰; 관찰 기간 내 공시 확인
EVT-C81A468F58,301300,바이브컴퍼니,2026-06-30 15:00:22+09:00,2026-06-30 15:00:22+09:00,2026-07-03 07:05:51+09:00,11,3,crioppstockfree; numt7777; stockinfo7,KOSDAQ,18087729000,확인,장중,48238.46666666667,24720.0,15,3,28.02609223300971,15.9554353758342,69.0,68.04624308852124,부분 관찰,13,23.94688144922815,-26.3905325443787,2026-06-30,확인,88,26,0,True,12,True,52,True,2,7,0.6477272727272727,"네이버 인링크(CP) 관측(oid=001) · 네이버 인링크(CP) 관측(oid=003) · 네이버 인링크(CP) 관측(oid=016) · 네이버 인링크(CP) 관측(oid=018) · 네이버 인링크(CP) 관측(oid=020) · 네이버 인링크(CP) 관측(oid=030) · 네이버 인링크(CP) 관측(oid=032) · 네이버 인링크(CP) 관측(oid=050) · 네이버 인링크(CP) 관측(oid=081) · 네이버 인링크(CP) 관측(oid=092) · 네이버 인링크(CP) 관측(oid=138) · 네이버 인링크(CP) 관측(oid=421) · 네이버 인링크(CP) 관측(oid=660) · 미분류: 포털 CP 미등재 + 네이버 인링크 미관측(조회 2026-07) · 포털 CP 등재(다음 news.daum.net/cplist·네이트 경제 CP, 조회 2026-07)","보조지표(2026-06 표본 예측력 약함 r≈0.02, 재검증 대상; 단독 사용 안 함, 타깃광고 경계에서만 보조)",관찰 기간 내 공시 확인,4,False,0,True,True,True,True,False,True,True,False,False,False,주의 패턴 관찰,기준 중앙값 대비 거래량 이상; MAD 기준 거래량 이상치; 코스닥 대비 단기 초과상승; 사후 데이터: 부분 관찰 (13거래일); 복수 Telegram 채널 언급; 언급 시점 뉴스 집중; 유사 기사 반복 관찰; 보도자료성 표현 관찰; 관찰 기간 내 공시 확인
EVT-6517213176,455180,케이지에이,2026-06-02 11:26:02+09:00,2026-06-02 11:26:02+09:00,2026-06-04 11:32:46+09:00,2,1,crioppstockfree,KOSDAQ,18690185124,확인,장중,120912.0666666667,80599.0,15,3,3.429509050980781,2.649503839819388,21.22580645161289,25.758057911095,15거래일 관찰 완료,15,25.85400017346451,-11.55272919978803,2026-06-02,확인,17,4,9,False,0,False,11,True,0,0,0.7647058823529411,"네이버 인링크(CP) 관측(oid=018) · 네이버 인링크(CP) 관측(oid=028) · 미분류: 포털 CP 미등재 + 네이버 인링크 미관측(조회 2026-07) · 포털 CP 등재(다음 news.daum.net/cplist·네이트 경제 CP, 조회 2026-07)","보조지표(2026-06 표본 예측력 약함 r≈0.02, 재검증 대상; 단독 사용 안 함, 타깃광고 경계에서만 보조)",관찰 기간 내 공시 미확인,0,False,0,True,False,True,True,False,False,False,False,False,False,단기 집중 패턴 관찰,기준 중앙값 대비 거래량 이상; 코스닥 대비 단기 초과상승; 관찰 기간 내 공시 미확인
EVT-1B83AF0437,091340,S&K폴리텍,2026-06-12 07:02:54+09:00,2026-06-12 07:02:54+09:00,2026-06-12 11:38:45+09:00,2,1,crioppstockfree,KOSDAQ,24636332705,확인,장전,51511.0,43047.0,15,3,7.85455432434316,5.00363922190699,10.80459770114943,8.622899888865732,15거래일 관찰 완료,15,13.84060304783216,-13.99176954732511,2026-06-12,확인,16,10,2,False,0,False,13,True,0,0,0.5,네이버 인링크(CP) 관측(oid=003) · 네이버 인링크(CP) 관측(oid=008) · 네이버 인링크(CP) 관측(oid=018) · 네이버 인링크(CP) 관측(oid=277) · 네이버 인링크(CP) 관측(oid=293) · 네이버 인링크(CP) 관측(oid=366) · 미분류: 포털 CP 미등재 + 네이버 인링크 미관측(조회 2026-07),"보조지표(2026-06 표본 예측력 약함 r≈0.02, 재검증 대상; 단독 사용 안 함, 타깃광고 경계에서만 보조)",관찰 기간 내 공시 확인,1,False,0,True,True,True,True,False,False,False,False,False,False,단기 집중 패턴 관찰,기준 중앙값 대비 거래량 이상; MAD 기준 거래량 이상치; 코스닥 대비 단기 초과상승; 관찰 기간 내 공시 확인
EVT-23CB5D5096,290560,파라택시스이더리움,2026-06-22 12:28:01+09:00,2026-06-22 12:28:01+09:00,2026-06-22 12:28:01+09:00,1,1,crioppstockfree,KOSDAQ,25493512200,확인,장중,259248.7333333333,42472.0,15,3,26.41667451497457,4.981886387716501,1.196581196581192,8.963059227597448,15거래일 관찰 완료,15,23.32177467931644,-8.688524590163937,2026-06-22,확인,37,3,26,False,2,True,28,True,2,5,0.7297297297297297,"네이버 인링크(CP) 관측(oid=008) · 네이버 인링크(CP) 관측(oid=015) · 네이버 인링크(CP) 관측(oid=018) · 네이버 인링크(CP) 관측(oid=023) · 네이버 인링크(CP) 관측(oid=029) · 네이버 인링크(CP) 관측(oid=030) · 네이버 인링크(CP) 관측(oid=081) · 네이버 인링크(CP) 관측(oid=277) · 미분류: 포털 CP 미등재 + 네이버 인링크 미관측(조회 2026-07) · 포털 CP 등재(다음 news.daum.net/cplist·네이트 경제 CP, 조회 2026-07)","보조지표(2026-06 표본 예측력 약함 r≈0.02, 재검증 대상; 단독 사용 안 함, 타깃광고 경계에서만 보조)",캐시 범위 부족,0,False,0,True,True,True,True,False,False,False,False,False,False,단기 집중 패턴 관찰,기준 중앙값 대비 거래량 이상; MAD 기준 거래량 이상치; 코스닥 대비 단기 초과상승; 유사 기사 반복 관찰; 보도자료성 표현 관찰; 캐시 범위 부족
EVT-6667C853DC,115480,씨유메디칼,2026-06-25 11:40:43+09:00,2026-06-25 11:40:43+09:00,2026-06-25 12:19:39+09:00,2,2,crioppstockfree; mbngoldcsi,KOSDAQ,21254968983,확인,장중,62084.53333333333,29643.0,15,3,5.860540431130453,2.425081927281511,4.651162790697683,7.015592963026151,15거래일 관찰 완료,15,2.799409411079667,-10.18087855297157,2026-06-25,확인,22,6,8,False,0,False,14,True,0,0,0.8636363636363636,"네이버 인링크(CP) 관측(oid=277) · 네이버 인링크(CP) 관측(oid=648) · 미분류: 포털 CP 미등재 + 네이버 인링크 미관측(조회 2026-07) · 포털 CP 등재(다음 news.daum.net/cplist·네이트 경제 CP, 조회 2026-07)","보조지표(2026-06 표본 예측력 약함 r≈0.02, 재검증 대상; 단독 사용 안 함, 타깃광고 경계에서만 보조)",관찰 기간 내 공시 미확인,0,False,0,True,False,True,True,False,False,False,False,False,False,단기 집중 패턴 관찰,기준 중앙값 대비 거래량 이상; 코스닥 대비 단기 초과상승; 복수 Telegram 채널 언급; 관찰 기간 내 공시 미확인
EVT-CC7FC56EC1,438700,버넥트,2026-06-29 10:00:29+09:00,2026-06-29 10:00:29+09:00,2026-06-29 17:12:44+09:00,2,2,crioppstockfree; numt7777,KOSDAQ,18344488940,확인,장중,164662.7333333333,47469.0,15,3,4.848659124902568,1.787704962236743,29.8770710849813,21.7489951602952,부분 관찰,14,-13.69553064971242,-32.26337448559671,2026-06-29,확인,17,11,2,False,0,True,14,True,2,1,0.8823529411764706,"네이버 인링크(CP) 관측(oid=092) · 미분류: 포털 CP 미등재 + 네이버 인링크 미관측(조회 2026-07) · 포털 CP 등재(다음 news.daum.net/cplist·네이트 경제 CP, 조회 2026-07)","보조지표(2026-06 표본 예측력 약함 r≈0.02, 재검증 대상; 단독 사용 안 함, 타깃광고 경계에서만 보조)",관찰 기간 내 공시 미확인,0,False,0,True,False,True,True,True,True,False,False,False,False,단기 집중 패턴 관찰,기준 중앙값 대비 거래량 이상; 코스닥 대비 단기 초과상승; 사후 데이터: 부분 관찰 (14거래일); 복수 Telegram 채널 언급; 보도자료성 표현 관찰; 관찰 기간 내 공시 미확인
EVT-DF3E9DEA2A,312610,에이에프더블류,2026-06-29 11:30:26+09:00,2026-06-29 11:30:26+09:00,2026-06-30 14:00:20+09:00,13,3,crioppstockfree; mbngoldcsi; numt7777,KOSDAQ,8426865408,확인,장중,121330.2,63543.0,15,3,14.87666619454543,3.469589831115909,119.4736842105263,110.3143292884595,부분 관찰,14,2.778370151673759,-52.99760191846523,2026-06-29,확인,54,25,7,False,0,True,19,True,4,13,0.7222222222222222,"네이버 인링크(CP) 관측(oid=081) · 네이버 인링크(CP) 관측(oid=088) · 미분류: 포털 CP 미등재 + 네이버 인링크 미관측(조회 2026-07) · 포털 CP 등재(다음 news.daum.net/cplist·네이트 경제 CP, 조회 2026-07)","보조지표(2026-06 표본 예측력 약함 r≈0.02, 재검증 대상; 단독 사용 안 함, 타깃광고 경계에서만 보조)",관찰 기간 내 공시 확인,2,False,0,True,False,True,True,False,True,False,False,False,False,단기 집중 패턴 관찰,기준 중앙값 대비 거래량 이상; 코스닥 대비 단기 초과상승; 사후 데이터: 부분 관찰 (14거래일); 복수 Telegram 채널 언급; 보도자료성 표현 관찰; 관찰 기간 내 공시 확인
EVT-0A25A0BFF0,285800,진영,2026-06-29 19:32:31+09:00,2026-06-29 19:32:31+09:00,2026-06-30 20:30:42+09:00,3,2,crioppstockfree; mbngoldcsi,KOSDAQ,24817723400,확인,장후,198230.9333333333,119253.0,15,3,11.61530527533898,3.888840044578968,15.21739130434783,15.69426976008722,부분 관찰,13,75.78031438698962,-10.65482796892342,2026-06-30,기사 미확인,0,0,0,False,0,False,0,False,0,0,0.0,,"보조지표(2026-06 표본 예측력 약함 r≈0.02, 재검증 대상; 단독 사용 안 함, 타깃광고 경계에서만 보조)",관찰 기간 내 공시 확인,3,False,0,True,True,True,True,False,False,False,False,False,False,단기 집중 패턴 관찰,기준 중앙값 대비 거래량 이상; MAD 기준 거래량 이상치; 코스닥 대비 단기 초과상승; 사후 데이터: 부분 관찰 (13거래일); 복수 Telegram 채널 언급; 관찰 기간 내 공시 확인; 뉴스: 기사 미확인
EVT-F71E937907,291810,핀텔,2026-06-29 20:25:02+09:00,2026-06-29 20:25:02+09:00,2026-06-29 20:25:02+09:00,1,1,mbngoldcsi,KOSDAQ,16041252632,확인,장후,1449280.333333333,305952.0,15,3,3.864769637067252,1.729650267585535,30.22351797862002,36.07315461678985,부분 관찰,13,40.87330285391043,-30.60796645702306,2026-06-30,확인,26,3,10,False,2,False,14,True,0,1,0.8846153846153846,네이버 인링크(CP) 관측(oid=003) · 네이버 인링크(CP) 관측(oid=018) · 네이버 인링크(CP) 관측(oid=025) · 미분류: 포털 CP 미등재 + 네이버 인링크 미관측(조회 2026-07),"보조지표(2026-06 표본 예측력 약함 r≈0.02, 재검증 대상; 단독 사용 안 함, 타깃광고 경계에서만 보조)",관찰 기간 내 공시 미확인,0,False,0,True,False,True,True,False,True,False,False,False,False,단기 집중 패턴 관찰,기준 중앙값 대비 거래량 이상; 코스닥 대비 단기 초과상승; 사후 데이터: 부분 관찰 (13거래일); 유사 기사 반복 관찰; 관찰 기간 내 공시 미확인
EVT-524F30C113,060260,뉴보텍,2026-06-30 09:04:55+09:00,2026-06-30 09:04:55+09:00,2026-07-01 09:18:06+09:00,6,2,FastStockNews; crioppstockfree,KOSDAQ,18065550024,확인,장중,275802.0666666667,226435.0,15,3,18.06585554353346,6.580487824941062,13.39622641509435,12.44246950361558,부분 관찰,13,1.194204941186836,-25.45757071547421,2026-06-30,확인,40,23,10,False,2,True,24,True,5,0,0.65,"네이버 인링크(CP) 관측(oid=003) · 네이버 인링크(CP) 관측(oid=018) · 네이버 인링크(CP) 관측(oid=030) · 네이버 인링크(CP) 관측(oid=243) · 네이버 인링크(CP) 관측(oid=277) · 네이버 인링크(CP) 관측(oid=366) · 미분류: 포털 CP 미등재 + 네이버 인링크 미관측(조회 2026-07) · 포털 CP 등재(다음 news.daum.net/cplist·네이트 경제 CP, 조회 2026-07)","보조지표(2026-06 표본 예측력 약함 r≈0.02, 재검증 대상; 단독 사용 안 함, 타깃광고 경계에서만 보조)",관찰 기간 내 공시 미확인,0,False,0,True,True,True,True,False,True,False,False,False,False,단기 집중 패턴 관찰,기준 중앙값 대비 거래량 이상; MAD 기준 거래량 이상치; 코스닥 대비 단기 초과상승; 사후 데이터: 부분 관찰 (13거래일); 복수 Telegram 채널 언급; 유사 기사 반복 관찰; 보도자료성 표현 관찰; 관찰 기간 내 공시 미확인
EVT-3D6D5FC4CC,050760,에스폴리텍,2026-06-30 09:53:42+09:00,2026-06-30 09:53:42+09:00,2026-07-02 21:31:04+09:00,17,4,FastStockNews; crioppstockfree; mbngoldcsi; numt7777,KOSDAQ,18327508716,확인,장중,52967.0,50311.0,15,3,104.3580727872632,14.70286107151891,38.43137254901961,44.28100918718944,부분 관찰,13,2.793035295381996,-29.16666666666666,2026-06-30,확인,50,20,11,False,6,True,24,True,2,5,0.78,"네이버 인링크(CP) 관측(oid=003) · 네이버 인링크(CP) 관측(oid=009) · 네이버 인링크(CP) 관측(oid=018) · 네이버 인링크(CP) 관측(oid=081) · 미분류: 포털 CP 미등재 + 네이버 인링크 미관측(조회 2026-07) · 포털 CP 등재(다음 news.daum.net/cplist·네이트 경제 CP, 조회 2026-07)","보조지표(2026-06 표본 예측력 약함 r≈0.02, 재검증 대상; 단독 사용 안 함, 타깃광고 경계에서만 보조)",관찰 기간 내 공시 미확인,0,False,0,True,True,True,True,False,True,False,False,False,False,단기 집중 패턴 관찰,기준 중앙값 대비 거래량 이상; MAD 기준 거래량 이상치; 코스닥 대비 단기 초과상승; 사후 데이터: 부분 관찰 (13거래일); 복수 Telegram 채널 언급; 유사 기사 반복 관찰; 보도자료성 표현 관찰; 관찰 기간 내 공시 미확인
EVT-E0EBFB4DDD,109670,씨싸이트,2026-06-30 11:28:36+09:00,2026-06-30 11:28:36+09:00,2026-06-30 11:28:36+09:00,1,1,crioppstockfree,KOSDAQ,20515656030,확인,장중,18275.13333333334,9636.0,15,3,5.903798256537983,1.973567164734672,30.57722308892357,36.4268597270934,부분 관찰,13,16.08851418974668,-19.00921658986175,2026-06-30,확인,13,2,2,False,2,True,11,True,1,1,0.6153846153846154,"네이버 인링크(CP) 관측(oid=003) · 네이버 인링크(CP) 관측(oid=015) · 네이버 인링크(CP) 관측(oid=018) · 네이버 인링크(CP) 관측(oid=031) · 미분류: 포털 CP 미등재 + 네이버 인링크 미관측(조회 2026-07) · 포털 CP 등재(다음 news.daum.net/cplist·네이트 경제 CP, 조회 2026-07)","보조지표(2026-06 표본 예측력 약함 r≈0.02, 재검증 대상; 단독 사용 안 함, 타깃광고 경계에서만 보조)",관찰 기간 내 공시 미확인,0,False,0,True,False,True,True,False,True,False,False,False,False,단기 집중 패턴 관찰,기준 중앙값 대비 거래량 이상; 코스닥 대비 단기 초과상승; 사후 데이터: 부분 관찰 (13거래일); 유사 기사 반복 관찰; 보도자료성 표현 관찰; 관찰 기간 내 공시 미확인
EVT-6DE0A2B132,076080,웰크론한텍,2026-06-30 20:30:42+09:00,2026-06-30 20:30:42+09:00,2026-06-30 20:30:42+09:00,1,1,mbngoldcsi,KOSDAQ,22616750156,확인,장후,79458.0,69086.0,15,3,2.917508612454043,3.776299073826714,17.29411764705882,22.5081585560505,부분 관찰,12,30.68311107437933,-4.560622914349278,2026-07-01,확인,25,9,8,False,0,False,13,True,0,0,0.8,네이버 인링크(CP) 관측(oid=008) · 네이버 인링크(CP) 관측(oid=011) · 네이버 인링크(CP) 관측(oid=014) · 네이버 인링크(CP) 관측(oid=015) · 네이버 인링크(CP) 관측(oid=421) · 미분류: 포털 CP 미등재 + 네이버 인링크 미관측(조회 2026-07),"보조지표(2026-06 표본 예측력 약함 r≈0.02, 재검증 대상; 단독 사용 안 함, 타깃광고 경계에서만 보조)",관찰 기간 내 공시 확인,5,False,0,False,True,True,True,False,False,False,False,False,False,단기 집중 패턴 관찰,MAD 기준 거래량 이상치; 코스닥 대비 단기 초과상승; 사후 데이터: 부분 관찰 (12거래일); 관찰 기간 내 공시 확인
EVT-F4772CAA28,303030,지니틱스,2026-06-30 21:18:44+09:00,2026-06-30 21:18:44+09:00,2026-07-01 20:23:28+09:00,2,2,crioppstockfree; mbngoldcsi,KOSDAQ,16959645552,확인,장후,295921.0,37710.0,15,3,9.74370193582604,1.587675628109109,15.6390977443609,16.86817624733755,부분 관찰,12,39.75329597857137,-9.88296488946684,2026-07-01,확인,35,6,23,False,9,True,18,True,1,3,0.6857142857142857,"네이버 인링크(CP) 관측(oid=003) · 네이버 인링크(CP) 관측(oid=018) · 네이버 인링크(CP) 관측(oid=081) · 미분류: 포털 CP 미등재 + 네이버 인링크 미관측(조회 2026-07) · 포털 CP 등재(다음 news.daum.net/cplist·네이트 경제 CP, 조회 2026-07)","보조지표(2026-06 표본 예측력 약함 r≈0.02, 재검증 대상; 단독 사용 안 함, 타깃광고 경계에서만 보조)",관찰 기간 내 공시 확인,2,False,0,True,False,True,True,False,False,False,False,False,False,단기 집중 패턴 관찰,기준 중앙값 대비 거래량 이상; 코스닥 대비 단기 초과상승; 사후 데이터: 부분 관찰 (12거래일); 복수 Telegram 채널 언급; 유사 기사 반복 관찰; 보도자료성 표현 관찰; 관찰 기간 내 공시 확인
EVT-D05ADD0002,154040,다산솔루에타,2026-06-02 07:02:01+09:00,2026-06-02 07:02:01+09:00,2026-06-02 11:24:32+09:00,2,1,crioppstockfree,KOSDAQ,16860178920,확인,장전,304584.6,71189.0,15,3,6.110059138350026,2.030034044872558,7.417218543046356,10.09516536676687,15거래일 관찰 완료,15,4.892095171659272,-7.521578298397036,2026-06-02,확인,27,5,10,False,0,True,12,True,1,0,0.9629629629629629,네이버 인링크(CP) 관측(oid=014) · 미분류: 포털 CP 미등재 + 네이버 인링크 미관측(조회 2026-07),"보조지표(2026-06 표본 예측력 약함 r≈0.02, 재검증 대상; 단독 사용 안 함, 타깃광고 경계에서만 보조)",관찰 기간 내 공시 확인,5,True,2,True,False,True,True,False,False,False,False,False,False,공식 정보 동반 변동,기준 중앙값 대비 거래량 이상; 코스닥 대비 단기 초과상승; 보도자료성 표현 관찰; 중요 공시 후보 제목 관찰
EVT-936033903A,083470,이엠앤아이,2026-06-10 20:26:01+09:00,2026-06-10 20:26:01+09:00,2026-06-11 07:02:08+09:00,2,2,crioppstockfree; mbngoldcsi,KOSDAQ,14084617140,확인,장후,206309.0,173151.0,15,3,4.313951406575764,3.336938860750423,22.30483271375465,13.64600522828237,15거래일 관찰 완료,15,14.14152974240762,-14.69098277608916,2026-06-11,확인,35,16,7,False,7,False,17,True,0,0,0.7714285714285715,네이버 인링크(CP) 관측(oid=003) · 네이버 인링크(CP) 관측(oid=008) · 네이버 인링크(CP) 관측(oid=018) · 네이버 인링크(CP) 관측(oid=277) · 미분류: 포털 CP 미등재 + 네이버 인링크 미관측(조회 2026-07),"보조지표(2026-06 표본 예측력 약함 r≈0.02, 재검증 대상; 단독 사용 안 함, 타깃광고 경계에서만 보조)",관찰 기간 내 공시 확인,2,True,2,True,False,True,True,False,False,False,False,False,False,공식 정보 동반 변동,기준 중앙값 대비 거래량 이상; 코스닥 대비 단기 초과상승; 복수 Telegram 채널 언급; 유사 기사 반복 관찰; 중요 공시 후보 제목 관찰
EVT-1A72C189FC,419540,비스토스,2026-06-10 20:26:01+09:00,2026-06-10 20:26:01+09:00,2026-06-12 11:38:45+09:00,5,2,crioppstockfree; mbngoldcsi,KOSDAQ,18142880385,확인,장후,110031.2727272727,54356.0,11,3,11.14217381705791,3.779547612325264,32.78008298755186,24.12125550207958,15거래일 관찰 완료,15,33.44571295415385,-9.848484848484851,2026-06-11,확인,26,12,8,False,0,False,17,True,0,2,0.8076923076923077,"네이버 인링크(CP) 관측(oid=018) · 네이버 인링크(CP) 관측(oid=421) · 네이버 인링크(CP) 관측(oid=648) · 미분류: 포털 CP 미등재 + 네이버 인링크 미관측(조회 2026-07) · 포털 CP 등재(다음 news.daum.net/cplist·네이트 경제 CP, 조회 2026-07)","보조지표(2026-06 표본 예측력 약함 r≈0.02, 재검증 대상; 단독 사용 안 함, 타깃광고 경계에서만 보조)",관찰 기간 내 공시 확인,4,True,2,True,True,True,True,False,False,False,False,False,False,공식 정보 동반 변동,기준 중앙값 대비 거래량 이상; MAD 기준 거래량 이상치; 코스닥 대비 단기 초과상승; 복수 Telegram 채널 언급; 중요 공시 후보 제목 관찰
EVT-82F8E77B3E,197140,디지캡,2026-06-11 21:32:59+09:00,2026-06-11 21:32:59+09:00,2026-06-11 21:32:59+09:00,1,1,mbngoldcsi,KOSDAQ,27392689170,확인,장후,46122.6,20152.0,15,3,5.918767368003176,1.756901278377536,10.46511627906976,8.283418466786063,15거래일 관찰 완료,15,33.54798026810993,-7.55148741418764,2026-06-12,확인,19,5,10,False,0,True,10,True,2,0,0.7894736842105263,"네이버 인링크(CP) 관측(oid=016) · 네이버 인링크(CP) 관측(oid=018) · 네이버 인링크(CP) 관측(oid=366) · 미분류: 포털 CP 미등재 + 네이버 인링크 미관측(조회 2026-07) · 포털 CP 등재(다음 news.daum.net/cplist·네이트 경제 CP, 조회 2026-07)","보조지표(2026-06 표본 예측력 약함 r≈0.02, 재검증 대상; 단독 사용 안 함, 타깃광고 경계에서만 보조)",관찰 기간 내 공시 확인,3,True,2,True,False,True,True,False,False,False,False,False,False,공식 정보 동반 변동,기준 중앙값 대비 거래량 이상; 코스닥 대비 단기 초과상승; 보도자료성 표현 관찰; 중요 공시 후보 제목 관찰
EVT-1755A3A7D8,267790,배럴,2026-06-16 07:02:49+09:00,2026-06-16 07:02:49+09:00,2026-06-16 07:02:49+09:00,1,1,crioppstockfree,KOSDAQ,24259769895,확인,장전,15160.2,13937.0,15,3,3.746502116667862,1.403458872031492,6.422018348623859,7.906501390701948,15거래일 관찰 완료,15,18.11390805951718,-10.77586206896551,2026-06-16,기사 미확인,0,0,0,False,0,False,0,False,0,0,0.0,,"보조지표(2026-06 표본 예측력 약함 r≈0.02, 재검증 대상; 단독 사용 안 함, 타깃광고 경계에서만 보조)",관찰 기간 내 공시 확인,1,True,1,True,False,True,True,False,False,False,False,False,False,공식 정보 동반 변동,기준 중앙값 대비 거래량 이상; 코스닥 대비 단기 초과상승; 중요 공시 후보 제목 관찰; 뉴스: 기사 미확인
EVT-743483C9D5,096870,엘디티,2026-06-19 20:08:50+09:00,2026-06-19 20:08:50+09:00,2026-06-22 07:03:22+09:00,3,2,crioppstockfree; mbngoldcsi,KOSDAQ,19075177715,확인,장후,55425.2,20997.0,15,3,86.24736867171501,4.292863948716412,14.75840336134453,22.52488139236079,15거래일 관찰 완료,15,18.82859457247179,-11.01694915254238,2026-06-22,확인,20,5,1,False,0,True,11,True,1,0,0.85,"네이버 인링크(CP) 관측(oid=018) · 미분류: 포털 CP 미등재 + 네이버 인링크 미관측(조회 2026-07) · 포털 CP 등재(다음 news.daum.net/cplist·네이트 경제 CP, 조회 2026-07)","보조지표(2026-06 표본 예측력 약함 r≈0.02, 재검증 대상; 단독 사용 안 함, 타깃광고 경계에서만 보조)",관찰 기간 내 공시 확인,1,True,1,True,True,True,True,False,False,False,False,False,False,공식 정보 동반 변동,기준 중앙값 대비 거래량 이상; MAD 기준 거래량 이상치; 코스닥 대비 단기 초과상승; 복수 Telegram 채널 언급; 보도자료성 표현 관찰; 중요 공시 후보 제목 관찰
EVT-BF6444922F,096870,엘디티,2026-06-22 22:18:10+09:00,2026-06-22 22:18:10+09:00,2026-06-22 22:18:10+09:00,1,1,mbngoldcsi,KOSDAQ,19075177715,확인,장후,172283.0666666667,20997.0,15,3,11.95513644806401,2.389653841012936,0.0,7.938868236266005,15거래일 관찰 완료,15,18.9275334255455,-11.01694915254238,2026-06-23,확인,23,8,6,False,0,True,11,True,1,0,0.8260869565217391,"네이버 인링크(CP) 관측(oid=018) · 미분류: 포털 CP 미등재 + 네이버 인링크 미관측(조회 2026-07) · 포털 CP 등재(다음 news.daum.net/cplist·네이트 경제 CP, 조회 2026-07)","보조지표(2026-06 표본 예측력 약함 r≈0.02, 재검증 대상; 단독 사용 안 함, 타깃광고 경계에서만 보조)",관찰 기간 내 공시 확인,1,True,1,True,False,True,True,False,False,False,False,False,False,공식 정보 동반 변동,기준 중앙값 대비 거래량 이상; 코스닥 대비 단기 초과상승; 보도자료성 표현 관찰; 중요 공시 후보 제목 관찰
EVT-1C11E8D76F,417180,핑거스토리,2026-06-23 07:04:32+09:00,2026-06-23 07:04:32+09:00,2026-06-23 11:43:21+09:00,3,1,crioppstockfree,KOSDAQ,13898507040,확인,장전,14569.53333333333,9149.0,15,3,44.5195103289977,3.747141615666094,0.2270147559591429,8.165882992225148,15거래일 관찰 완료,15,0.2845154221194921,-14.94903737259343,2026-06-23,확인,30,8,11,False,0,False,23,True,0,1,0.7,"네이버 인링크(CP) 관측(oid=008) · 네이버 인링크(CP) 관측(oid=015) · 네이버 인링크(CP) 관측(oid=082) · 미분류: 포털 CP 미등재 + 네이버 인링크 미관측(조회 2026-07) · 포털 CP 등재(다음 news.daum.net/cplist·네이트 경제 CP, 조회 2026-07)","보조지표(2026-06 표본 예측력 약함 r≈0.02, 재검증 대상; 단독 사용 안 함, 타깃광고 경계에서만 보조)",관찰 기간 내 공시 확인,3,True,1,True,True,True,True,False,False,False,False,False,False,공식 정보 동반 변동,기준 중앙값 대비 거래량 이상; MAD 기준 거래량 이상치; 코스닥 대비 단기 초과상승; 중요 공시 후보 제목 관찰
EVT-40723EA8EE,016670,디모아,2026-06-25 20:16:44+09:00,2026-06-25 20:16:44+09:00,2026-06-26 07:04:22+09:00,2,1,crioppstockfree,KOSDAQ,24364219260,확인,장후,15211.0,6793.0,15,3,42.63639040188429,4.613134380708588,12.38738738738738,10.18556289588378,15거래일 관찰 완료,15,13.43517593112756,-9.883720930232553,2026-06-26,확인,15,7,5,False,0,False,14,True,0,0,0.6666666666666666,"네이버 인링크(CP) 관측(oid=008) · 네이버 인링크(CP) 관측(oid=092) · 네이버 인링크(CP) 관측(oid=277) · 미분류: 포털 CP 미등재 + 네이버 인링크 미관측(조회 2026-07) · 포털 CP 등재(다음 news.daum.net/cplist·네이트 경제 CP, 조회 2026-07)","보조지표(2026-06 표본 예측력 약함 r≈0.02, 재검증 대상; 단독 사용 안 함, 타깃광고 경계에서만 보조)",관찰 기간 내 공시 확인,5,True,2,True,True,True,True,False,False,False,False,False,False,공식 정보 동반 변동,기준 중앙값 대비 거래량 이상; MAD 기준 거래량 이상치; 코스닥 대비 단기 초과상승; 중요 공시 후보 제목 관찰
EVT-2F8277EC64,322780,코퍼스코리아,2026-06-29 10:00:29+09:00,2026-06-29 10:00:29+09:00,2026-07-01 20:23:28+09:00,18,3,crioppstockfree; mbngoldcsi; numt7777,KOSDAQ,18577898100,확인,장중,73315.73333333334,58481.0,15,3,21.32343838169662,5.339950330007865,119.3548387096774,110.1954837876106,부분 관찰,14,46.97975450585948,-38.52941176470588,2026-06-29,확인,94,0,0,False,21,True,50,True,1,2,0.7978723404255319,"네이버 인링크(CP) 관측(oid=003) · 네이버 인링크(CP) 관측(oid=014) · 네이버 인링크(CP) 관측(oid=016) · 네이버 인링크(CP) 관측(oid=018) · 네이버 인링크(CP) 관측(oid=029) · 네이버 인링크(CP) 관측(oid=030) · 네이버 인링크(CP) 관측(oid=032) · 네이버 인링크(CP) 관측(oid=057) · 네이버 인링크(CP) 관측(oid=081) · 네이버 인링크(CP) 관측(oid=215) · 네이버 인링크(CP) 관측(oid=310) · 네이버 인링크(CP) 관측(oid=366) · 네이버 인링크(CP) 관측(oid=417) · 미분류: 포털 CP 미등재 + 네이버 인링크 미관측(조회 2026-07) · 포털 CP 등재(다음 news.daum.net/cplist·네이트 경제 CP, 조회 2026-07)","보조지표(2026-06 표본 예측력 약함 r≈0.02, 재검증 대상; 단독 사용 안 함, 타깃광고 경계에서만 보조)",관찰 기간 내 공시 확인,9,True,3,True,True,True,True,False,True,False,False,False,False,공식 정보 동반 변동,기준 중앙값 대비 거래량 이상; MAD 기준 거래량 이상치; 코스닥 대비 단기 초과상승; 사후 데이터: 부분 관찰 (14거래일); 복수 Telegram 채널 언급; 유사 기사 반복 관찰; 보도자료성 표현 관찰; 중요 공시 후보 제목 관찰
EVT-A21140D9FB,087260,모바일어플라이언스,2026-06-29 19:32:31+09:00,2026-06-29 19:32:31+09:00,2026-07-02 07:04:41+09:00,10,3,crioppstockfree; mbngoldcsi; numt7777,KOSDAQ,8040556667,확인,장후,2223086.0,1303137.0,15,3,5.333714720708567,2.009214339053444,29.89690721649485,30.37378567223424,부분 관찰,13,-16.47843397608727,-37.83068783068783,2026-06-30,확인,79,20,34,False,0,True,31,True,7,14,0.7088607594936709,"네이버 인링크(CP) 관측(oid=018) · 네이버 인링크(CP) 관측(oid=081) · 네이버 인링크(CP) 관측(oid=243) · 미분류: 포털 CP 미등재 + 네이버 인링크 미관측(조회 2026-07) · 포털 CP 등재(다음 news.daum.net/cplist·네이트 경제 CP, 조회 2026-07)","보조지표(2026-06 표본 예측력 약함 r≈0.02, 재검증 대상; 단독 사용 안 함, 타깃광고 경계에서만 보조)",관찰 기간 내 공시 확인,10,True,2,True,False,True,True,True,True,False,False,False,False,공식 정보 동반 변동,기준 중앙값 대비 거래량 이상; 코스닥 대비 단기 초과상승; 사후 데이터: 부분 관찰 (13거래일); 복수 Telegram 채널 언급; 보도자료성 표현 관찰; 중요 공시 후보 제목 관찰
EVT-68D69C9140,054220,비츠로시스,2026-06-30 11:26:33+09:00,2026-06-30 11:26:33+09:00,2026-07-01 07:05:38+09:00,5,2,crioppstockfree; mbngoldcsi,KOSDAQ,18822970920,확인,장중,77841.6,78254.0,15,3,3.083701791601707,2.628059106731556,11.83020180932499,13.92200963747393,부분 관찰,13,11.73209373381465,-11.32545115121344,2026-06-30,확인,32,10,15,False,0,False,6,True,0,0,0.90625,"네이버 인링크(CP) 관측(oid=018) · 미분류: 포털 CP 미등재 + 네이버 인링크 미관측(조회 2026-07) · 포털 CP 등재(다음 news.daum.net/cplist·네이트 경제 CP, 조회 2026-07)","보조지표(2026-06 표본 예측력 약함 r≈0.02, 재검증 대상; 단독 사용 안 함, 타깃광고 경계에서만 보조)",관찰 기간 내 공시 확인,3,True,2,True,False,True,True,False,False,False,False,False,False,공식 정보 동반 변동,기준 중앙값 대비 거래량 이상; 코스닥 대비 단기 초과상승; 사후 데이터: 부분 관찰 (13거래일); 복수 Telegram 채널 언급; 중요 공시 후보 제목 관찰
EVT-65D0373111,308100,형지글로벌,2026-06-30 11:26:55+09:00,2026-06-30 11:26:55+09:00,2026-07-03 07:05:51+09:00,8,3,aitodaystock; crioppstockfree; mbngoldcsi,KOSDAQ,11050583680,확인,장중,824583.9333333333,229940.0,15,3,9.179242411063756,3.746146092586411,29.94011976047904,30.41699821621843,부분 관찰,13,-11.16182704657712,-29.87804878048781,2026-06-30,확인,51,0,0,False,4,False,31,True,0,0,0.6274509803921569,"네이버 인링크(CP) 관측(oid=003) · 네이버 인링크(CP) 관측(oid=014) · 네이버 인링크(CP) 관측(oid=015) · 네이버 인링크(CP) 관측(oid=016) · 네이버 인링크(CP) 관측(oid=018) · 네이버 인링크(CP) 관측(oid=022) · 네이버 인링크(CP) 관측(oid=030) · 네이버 인링크(CP) 관측(oid=277) · 네이버 인링크(CP) 관측(oid=421) · 미분류: 포털 CP 미등재 + 네이버 인링크 미관측(조회 2026-07) · 포털 CP 등재(다음 news.daum.net/cplist·네이트 경제 CP, 조회 2026-07)","보조지표(2026-06 표본 예측력 약함 r≈0.02, 재검증 대상; 단독 사용 안 함, 타깃광고 경계에서만 보조)",관찰 기간 내 공시 확인,2,True,1,True,True,True,True,True,True,False,False,False,False,공식 정보 동반 변동,기준 중앙값 대비 거래량 이상; MAD 기준 거래량 이상치; 코스닥 대비 단기 초과상승; 사후 데이터: 부분 관찰 (13거래일); 복수 Telegram 채널 언급; 유사 기사 반복 관찰; 중요 공시 후보 제목 관찰
EVT-A093957B83,137940,넥스트아이,2026-06-30 14:39:44+09:00,2026-06-30 14:39:44+09:00,2026-07-01 11:23:31+09:00,3,2,FastStockNews; crioppstockfree,KOSDAQ,17927487900,확인,장중,35442.33333333334,27706.0,15,3,4.004692124449578,2.154023859921962,22.24731789949182,28.09695453766165,부분 관찰,13,26.42507336040974,-10.72210065645515,2026-06-30,확인,51,0,0,False,4,False,35,True,0,0,0.6666666666666666,"네이버 인링크(CP) 관측(oid=008) · 네이버 인링크(CP) 관측(oid=011) · 네이버 인링크(CP) 관측(oid=014) · 네이버 인링크(CP) 관측(oid=015) · 네이버 인링크(CP) 관측(oid=018) · 네이버 인링크(CP) 관측(oid=020) · 네이버 인링크(CP) 관측(oid=030) · 네이버 인링크(CP) 관측(oid=031) · 네이버 인링크(CP) 관측(oid=081) · 네이버 인링크(CP) 관측(oid=277) · 미분류: 포털 CP 미등재 + 네이버 인링크 미관측(조회 2026-07) · 포털 CP 등재(다음 news.daum.net/cplist·네이트 경제 CP, 조회 2026-07)","보조지표(2026-06 표본 예측력 약함 r≈0.02, 재검증 대상; 단독 사용 안 함, 타깃광고 경계에서만 보조)",관찰 기간 내 공시 확인,2,True,1,True,False,True,True,False,False,False,False,False,False,공식 정보 동반 변동,기준 중앙값 대비 거래량 이상; 코스닥 대비 단기 초과상승; 사후 데이터: 부분 관찰 (13거래일); 복수 Telegram 채널 언급; 유사 기사 반복 관찰; 중요 공시 후보 제목 관찰
EVT-181C5D95E6,288980,모아데이타,2026-06-30 21:18:44+09:00,2026-06-30 21:18:44+09:00,2026-07-02 07:05:13+09:00,2,1,crioppstockfree,KOSDAQ,29177865958,확인,장후,343029.9333333333,281382.0,15,3,4.117601694493606,6.011059527330914,20.23809523809523,25.63659771577428,부분 관찰,12,10.06115304157263,-20.75098814229249,2026-07-01,확인,20,6,4,False,0,True,10,True,1,0,0.9,네이버 인링크(CP) 관측(oid=015) · 네이버 인링크(CP) 관측(oid=374) · 미분류: 포털 CP 미등재 + 네이버 인링크 미관측(조회 2026-07),"보조지표(2026-06 표본 예측력 약함 r≈0.02, 재검증 대상; 단독 사용 안 함, 타깃광고 경계에서만 보조)",관찰 기간 내 공시 확인,9,True,1,True,True,True,True,False,True,False,False,False,False,공식 정보 동반 변동,기준 중앙값 대비 거래량 이상; MAD 기준 거래량 이상치; 코스닥 대비 단기 초과상승; 사후 데이터: 부분 관찰 (12거래일); 보도자료성 표현 관찰; 중요 공시 후보 제목 관찰
EVT-2909E3AE09,131760,파인텍,2026-06-01 07:08:39+09:00,2026-06-01 07:08:39+09:00,2026-06-02 07:02:01+09:00,2,1,crioppstockfree,KOSDAQ,14080518236,확인,장전,1673136.2,1455586.0,5,3,0.5304839425495986,-0.7214979213707259,-13.38582677165354,-11.08121195959548,15거래일 관찰 완료,15,-24.69211961909313,-39.78787878787878,2026-06-01,확인,54,15,24,False,3,True,32,True,4,2,0.8703703703703703,"네이버 인링크(CP) 관측(oid=003) · 네이버 인링크(CP) 관측(oid=008) · 네이버 인링크(CP) 관측(oid=009) · 네이버 인링크(CP) 관측(oid=018) · 네이버 인링크(CP) 관측(oid=374) · 미분류: 포털 CP 미등재 + 네이버 인링크 미관측(조회 2026-07) · 포털 CP 등재(다음 news.daum.net/cplist·네이트 경제 CP, 조회 2026-07)","보조지표(2026-06 표본 예측력 약함 r≈0.02, 재검증 대상; 단독 사용 안 함, 타깃광고 경계에서만 보조)",관찰 기간 내 공시 확인,7,False,0,False,False,False,False,True,True,False,False,False,False,특이 패턴 미관찰,언급 후 코스닥 대비 하락; 언급 후 고점 대비 큰 하락; 유사 기사 반복 관찰; 보도자료성 표현 관찰; 관찰 기간 내 공시 확인
EVT-F313BEAFCE,198940,한주라이트메탈,2026-06-01 10:00:29+09:00,2026-06-01 10:00:29+09:00,2026-06-02 07:02:01+09:00,3,2,crioppstockfree; numt7777,KOSDAQ,25623861120,확인,장중,2848765.166666667,1169129.5,6,3,1.658354356809917,0.4335573691174843,-19.59999999999999,-16.1824116114626,15거래일 관찰 완료,15,11.76242583545232,-25.26923076923077,2026-06-01,확인,46,4,39,False,0,True,22,True,3,6,0.7608695652173914,"네이버 인링크(CP) 관측(oid=001) · 네이버 인링크(CP) 관측(oid=016) · 네이버 인링크(CP) 관측(oid=018) · 네이버 인링크(CP) 관측(oid=020) · 네이버 인링크(CP) 관측(oid=081) · 미분류: 포털 CP 미등재 + 네이버 인링크 미관측(조회 2026-07) · 포털 CP 등재(다음 news.daum.net/cplist·네이트 경제 CP, 조회 2026-07)","보조지표(2026-06 표본 예측력 약함 r≈0.02, 재검증 대상; 단독 사용 안 함, 타깃광고 경계에서만 보조)",관찰 기간 내 공시 확인,1,False,0,False,False,False,False,False,True,False,False,False,False,특이 패턴 미관찰,언급 후 고점 대비 큰 하락; 복수 Telegram 채널 언급; 보도자료성 표현 관찰; 관찰 기간 내 공시 확인
EVT-0A729D5219,096690,에이루트,2026-06-01 11:41:06+09:00,2026-06-01 11:41:06+09:00,2026-06-01 22:17:06+09:00,4,2,crioppstockfree; yeouidoT,KOSDAQ,20275123680,확인,장중,52304.33333333334,45169.0,6,3,0.8806925103500188,-0.08117078859905939,9.322033898305083,13.85962228684249,15거래일 관찰 완료,15,1.055197546320752,-24.8062015503876,2026-06-01,확인,29,12,0,True,4,True,20,True,1,0,0.7241379310344828,"네이버 인링크(CP) 관측(oid=003) · 네이버 인링크(CP) 관측(oid=008) · 네이버 인링크(CP) 관측(oid=018) · 네이버 인링크(CP) 관측(oid=277) · 네이버 인링크(CP) 관측(oid=374) · 미분류: 포털 CP 미등재 + 네이버 인링크 미관측(조회 2026-07) · 포털 CP 등재(다음 news.daum.net/cplist·네이트 경제 CP, 조회 2026-07)","보조지표(2026-06 표본 예측력 약함 r≈0.02, 재검증 대상; 단독 사용 안 함, 타깃광고 경계에서만 보조)",관찰 기간 내 공시 확인,8,False,0,False,False,False,True,False,True,False,False,False,False,특이 패턴 미관찰,코스닥 대비 단기 초과상승; 언급 후 고점 대비 큰 하락; 복수 Telegram 채널 언급; 언급 시점 뉴스 집중; 유사 기사 반복 관찰; 보도자료성 표현 관찰; 관찰 기간 내 공시 확인
EVT-D5A0AB2DA5,187220,디티앤씨,2026-06-01 11:41:06+09:00,2026-06-01 11:41:06+09:00,2026-06-01 20:45:33+09:00,2,1,crioppstockfree,KOSDAQ,27256466545,확인,장중,58596.33333333334,38156.0,15,3,1.77395429290282,0.9508887557236098,0.1785714285714279,4.716159817108834,15거래일 관찰 완료,15,-3.65424083121435,-19.32624113475178,2026-06-01,확인,28,3,18,False,0,False,15,True,0,0,0.7142857142857143,"네이버 인링크(CP) 관측(oid=008) · 네이버 인링크(CP) 관측(oid=014) · 네이버 인링크(CP) 관측(oid=016) · 네이버 인링크(CP) 관측(oid=018) · 미분류: 포털 CP 미등재 + 네이버 인링크 미관측(조회 2026-07) · 포털 CP 등재(다음 news.daum.net/cplist·네이트 경제 CP, 조회 2026-07)","보조지표(2026-06 표본 예측력 약함 r≈0.02, 재검증 대상; 단독 사용 안 함, 타깃광고 경계에서만 보조)",관찰 기간 내 공시 확인,3,False,0,False,False,False,False,False,True,False,False,False,False,특이 패턴 미관찰,언급 후 고점 대비 큰 하락; 관찰 기간 내 공시 확인
EVT-1728987811,367000,플래티어,2026-06-01 15:33:52+09:00,2026-06-01 15:33:52+09:00,2026-06-01 20:44:23+09:00,2,2,crioppstockfree; mbngoldcsi,KOSDAQ,24116095125,확인,장후,11591.33333333333,7680.0,15,3,2.517317708333333,1.438909200553208,-3.039513677811545,-0.7538646963538675,15거래일 관찰 완료,15,-5.708753803082557,-17.0846394984326,2026-06-02,확인,50,17,19,False,11,True,29,True,2,0,0.5,"네이버 인링크(CP) 관측(oid=003) · 네이버 인링크(CP) 관측(oid=018) · 네이버 인링크(CP) 관측(oid=030) · 네이버 인링크(CP) 관측(oid=092) · 네이버 인링크(CP) 관측(oid=138) · 네이버 인링크(CP) 관측(oid=277) · 네이버 인링크(CP) 관측(oid=293) · 미분류: 포털 CP 미등재 + 네이버 인링크 미관측(조회 2026-07) · 포털 CP 등재(다음 news.daum.net/cplist·네이트 경제 CP, 조회 2026-07)","보조지표(2026-06 표본 예측력 약함 r≈0.02, 재검증 대상; 단독 사용 안 함, 타깃광고 경계에서만 보조)",관찰 기간 내 공시 확인,3,True,1,False,False,False,False,False,True,False,False,False,False,특이 패턴 미관찰,언급 후 고점 대비 큰 하락; 복수 Telegram 채널 언급; 유사 기사 반복 관찰; 보도자료성 표현 관찰; 중요 공시 후보 제목 관찰
EVT-CA54A5AA6E,065420,에스아이리소스,2026-06-01 20:29:09+09:00,2026-06-01 20:29:09+09:00,2026-06-01 20:29:09+09:00,1,1,mbngoldcsi,KOSDAQ,7014575302,확인,장후,10367178.93333333,3771540.0,15,3,0.9426740800839976,-0.06798597633903893,-5.31400966183575,-0.781758202353644,15거래일 관찰 완료,15,4.084219028683378,-10.55276381909548,2026-06-02,확인,55,4,33,False,2,True,31,True,3,4,0.8,"네이버 인링크(CP) 관측(oid=018) · 네이버 인링크(CP) 관측(oid=081) · 네이버 인링크(CP) 관측(oid=277) · 미분류: 포털 CP 미등재 + 네이버 인링크 미관측(조회 2026-07) · 포털 CP 등재(다음 news.daum.net/cplist·네이트 경제 CP, 조회 2026-07)","보조지표(2026-06 표본 예측력 약함 r≈0.02, 재검증 대상; 단독 사용 안 함, 타깃광고 경계에서만 보조)",관찰 기간 내 공시 확인,4,True,3,False,False,False,False,False,False,False,False,False,False,특이 패턴 미관찰,유사 기사 반복 관찰; 보도자료성 표현 관찰; 중요 공시 후보 제목 관찰
EVT-A30A1CF29D,464500,아이언디바이스,2026-06-01 20:29:09+09:00,2026-06-01 20:29:09+09:00,2026-06-01 20:29:09+09:00,1,1,mbngoldcsi,KOSDAQ,23620627944,확인,장후,196707.8666666667,156404.0,15,3,1.702450065215723,0.886444463802251,-7.913669064748197,-5.628020083290519,15거래일 관찰 완료,15,-11.47567680464996,-22.8515625,2026-06-02,확인,35,2,9,False,2,True,14,True,1,0,0.8285714285714286,"네이버 인링크(CP) 관측(oid=003) · 네이버 인링크(CP) 관측(oid=018) · 네이버 인링크(CP) 관측(oid=030) · 네이버 인링크(CP) 관측(oid=138) · 미분류: 포털 CP 미등재 + 네이버 인링크 미관측(조회 2026-07) · 포털 CP 등재(다음 news.daum.net/cplist·네이트 경제 CP, 조회 2026-07)","보조지표(2026-06 표본 예측력 약함 r≈0.02, 재검증 대상; 단독 사용 안 함, 타깃광고 경계에서만 보조)",관찰 기간 내 공시 확인,1,False,0,False,False,False,False,True,True,False,False,False,False,특이 패턴 미관찰,언급 후 코스닥 대비 하락; 언급 후 고점 대비 큰 하락; 유사 기사 반복 관찰; 보도자료성 표현 관찰; 관찰 기간 내 공시 확인
EVT-EBB65A9C1D,048470,대동스틸,2026-06-01 20:44:23+09:00,2026-06-01 20:44:23+09:00,2026-06-01 20:44:23+09:00,1,1,crioppstockfree,KOSDAQ,24269750000,확인,장후,75864.33333333333,66889.0,15,3,0.8744038631165064,-0.2368948603838992,2.284710017574687,6.816961477056793,15거래일 관찰 완료,15,7.461294948019082,-12.88743882544862,2026-06-02,확인,12,7,2,False,0,False,8,True,0,0,0.6666666666666666,"네이버 인링크(CP) 관측(oid=011) · 네이버 인링크(CP) 관측(oid=018) · 미분류: 포털 CP 미등재 + 네이버 인링크 미관측(조회 2026-07) · 포털 CP 등재(다음 news.daum.net/cplist·네이트 경제 CP, 조회 2026-07)","보조지표(2026-06 표본 예측력 약함 r≈0.02, 재검증 대상; 단독 사용 안 함, 타깃광고 경계에서만 보조)",관찰 기간 내 공시 확인,5,True,1,False,False,False,False,False,False,False,False,False,False,특이 패턴 미관찰,중요 공시 후보 제목 관찰
EVT-36C0DC048D,054940,엑사이엔씨,2026-06-01 20:44:23+09:00,2026-06-01 20:44:23+09:00,2026-06-01 20:44:23+09:00,1,1,crioppstockfree,KOSDAQ,24482078424,확인,장후,834764.4,359263.0,15,3,2.990850713822464,1.568874836559222,-0.1577287066246047,2.127920274833073,15거래일 관찰 완료,15,2.529124241953518,-12.57575757575757,2026-06-02,확인,33,13,14,False,2,False,18,True,0,0,0.696969696969697,"네이버 인링크(CP) 관측(oid=003) · 네이버 인링크(CP) 관측(oid=015) · 네이버 인링크(CP) 관측(oid=018) · 네이버 인링크(CP) 관측(oid=081) · 미분류: 포털 CP 미등재 + 네이버 인링크 미관측(조회 2026-07) · 포털 CP 등재(다음 news.daum.net/cplist·네이트 경제 CP, 조회 2026-07)","보조지표(2026-06 표본 예측력 약함 r≈0.02, 재검증 대상; 단독 사용 안 함, 타깃광고 경계에서만 보조)",관찰 기간 내 공시 확인,3,False,0,False,False,False,False,False,False,False,False,False,False,특이 패턴 미관찰,유사 기사 반복 관찰; 관찰 기간 내 공시 확인
EVT-5AE03A119F,130740,티피씨글로벌,2026-06-01 20:44:23+09:00,2026-06-01 20:44:23+09:00,2026-06-03 12:52:47+09:00,6,2,crioppstockfree; mbngoldcsi,KOSDAQ,22339101099,확인,장후,634773.8,219547.0,15,3,2.603028053218673,0.8171604752843085,13.39923119165294,17.93148265113504,15거래일 관찰 완료,15,0.0111214273599618,-19.54954954954955,2026-06-02,확인,13,5,4,False,0,False,6,True,0,1,0.9230769230769231,네이버 인링크(CP) 관측(oid=003) · 미분류: 포털 CP 미등재 + 네이버 인링크 미관측(조회 2026-07),"보조지표(2026-06 표본 예측력 약함 r≈0.02, 재검증 대상; 단독 사용 안 함, 타깃광고 경계에서만 보조)",관찰 기간 내 공시 확인,1,True,1,False,False,False,True,False,True,False,False,False,False,특이 패턴 미관찰,코스닥 대비 단기 초과상승; 언급 후 고점 대비 큰 하락; 복수 Telegram 채널 언급; 중요 공시 후보 제목 관찰
EVT-B2F6EA1B26,303530,이노뎁,2026-06-01 20:44:23+09:00,2026-06-01 20:44:23+09:00,2026-06-01 20:44:23+09:00,1,1,crioppstockfree,KOSDAQ,18274854510,확인,장후,29080.33333333333,22911.0,15,3,2.143948321766837,0.7952401557805223,-5.923836389280678,-2.378890994678684,15거래일 관찰 완료,15,-10.81301985187635,-26.82563338301043,2026-06-02,확인,32,14,14,False,3,True,19,True,1,0,0.84375,"네이버 인링크(CP) 관측(oid=003) · 네이버 인링크(CP) 관측(oid=008) · 네이버 인링크(CP) 관측(oid=018) · 네이버 인링크(CP) 관측(oid=374) · 미분류: 포털 CP 미등재 + 네이버 인링크 미관측(조회 2026-07) · 포털 CP 등재(다음 news.daum.net/cplist·네이트 경제 CP, 조회 2026-07)","보조지표(2026-06 표본 예측력 약함 r≈0.02, 재검증 대상; 단독 사용 안 함, 타깃광고 경계에서만 보조)",관찰 기간 내 공시 확인,1,True,1,False,False,False,False,True,True,False,False,False,False,특이 패턴 미관찰,언급 후 코스닥 대비 하락; 언급 후 고점 대비 큰 하락; 유사 기사 반복 관찰; 보도자료성 표현 관찰; 중요 공시 후보 제목 관찰
EVT-3248870A8F,353190,휴럼,2026-06-01 20:44:23+09:00,2026-06-01 20:44:23+09:00,2026-06-01 20:44:23+09:00,1,1,crioppstockfree,KOSDAQ,22288185720,확인,장후,44680.93333333333,40063.0,15,3,1.676284851359109,0.7590182142581222,2.007299270072993,6.539550729555099,15거래일 관찰 완료,15,22.80445712392147,-6.156405990016633,2026-06-02,확인,18,6,6,False,0,True,9,True,1,0,0.8888888888888888,"네이버 인링크(CP) 관측(oid=018) · 미분류: 포털 CP 미등재 + 네이버 인링크 미관측(조회 2026-07) · 포털 CP 등재(다음 news.daum.net/cplist·네이트 경제 CP, 조회 2026-07)","보조지표(2026-06 표본 예측력 약함 r≈0.02, 재검증 대상; 단독 사용 안 함, 타깃광고 경계에서만 보조)",관찰 기간 내 공시 확인,1,True,1,False,False,False,False,False,False,False,False,False,False,특이 패턴 미관찰,보도자료성 표현 관찰; 중요 공시 후보 제목 관찰
EVT-E5C364E46E,060900,에이전트AI,2026-06-02 05:43:54+09:00,2026-06-02 05:43:54+09:00,2026-06-02 05:43:54+09:00,1,1,mbngoldcsi,KOSDAQ,17021926345,확인,장전,51790.06666666667,40254.0,15,3,1.187732896109703,0.5540564825077088,-1.125703564727953,1.159945416729724,15거래일 관찰 완료,15,-1.337586790418454,-12.7134724857685,2026-06-02,기사 미확인,0,0,0,False,0,False,0,False,0,0,0.0,,"보조지표(2026-06 표본 예측력 약함 r≈0.02, 재검증 대상; 단독 사용 안 함, 타깃광고 경계에서만 보조)",관찰 기간 내 공시 확인,1,True,1,False,False,False,False,False,False,False,False,False,False,특이 패턴 미관찰,중요 공시 후보 제목 관찰; 뉴스: 기사 미확인
EVT-B57231F8FC,188260,세니젠,2026-06-02 07:01:48+09:00,2026-06-02 07:01:48+09:00,2026-06-02 08:50:08+09:00,2,2,crioppstockfree; jeilstock,KOSDAQ,28184880125,확인,장전,49314.93333333333,39839.0,15,3,0.7682923768166872,-0.2998645456366911,-2.155625657202942,0.1300233242547355,15거래일 관찰 완료,15,-2.863770403521537,-18.69962385814078,2026-06-02,확인,13,3,6,False,0,True,5,True,1,0,0.8461538461538461,네이버 인링크(CP) 관측(oid=018) · 미분류: 포털 CP 미등재 + 네이버 인링크 미관측(조회 2026-07),"보조지표(2026-06 표본 예측력 약함 r≈0.02, 재검증 대상; 단독 사용 안 함, 타깃광고 경계에서만 보조)",관찰 기간 내 공시 미확인,0,False,0,False,False,False,False,False,True,False,False,False,False,특이 패턴 미관찰,언급 후 고점 대비 큰 하락; 복수 Telegram 채널 언급; 보도자료성 표현 관찰; 관찰 기간 내 공시 미확인
EVT-B9CF3EED0E,424760,벨로크,2026-06-02 07:01:48+09:00,2026-06-02 07:01:48+09:00,2026-06-02 08:50:08+09:00,2,2,crioppstockfree; jeilstock,KOSDAQ,18952483680,확인,장전,860797.0,603174.5,8,3,0.3228418973282193,-2.378411909207661,-0.579150579150578,-0.5505799668823586,15거래일 관찰 완료,15,-7.624114304649952,-21.35922330097087,2026-06-02,확인,8,4,3,False,0,False,6,True,0,1,0.75,네이버 인링크(CP) 관측(oid=011) · 네이버 인링크(CP) 관측(oid=081) · 미분류: 포털 CP 미등재 + 네이버 인링크 미관측(조회 2026-07),"보조지표(2026-06 표본 예측력 약함 r≈0.02, 재검증 대상; 단독 사용 안 함, 타깃광고 경계에서만 보조)",관찰 기간 내 공시 확인,1,False,0,False,False,False,False,False,True,False,False,False,False,특이 패턴 미관찰,언급 후 고점 대비 큰 하락; 복수 Telegram 채널 언급; 관찰 기간 내 공시 확인
EVT-EF88319BCC,019570,플루토스,2026-06-02 07:02:01+09:00,2026-06-02 07:02:01+09:00,2026-06-02 07:02:01+09:00,1,1,crioppstockfree,KOSDAQ,22955735101,확인,장전,551454.6,421073.0,15,3,0.6842875225910947,-0.5880176591072049,-6.307490144546646,-4.021841163088968,15거래일 관찰 완료,15,-6.295923561311957,-18.51332398316971,2026-06-02,확인,21,4,9,False,0,False,12,True,0,0,0.6666666666666666,"네이버 인링크(CP) 관측(oid=011) · 네이버 인링크(CP) 관측(oid=018) · 네이버 인링크(CP) 관측(oid=293) · 미분류: 포털 CP 미등재 + 네이버 인링크 미관측(조회 2026-07) · 포털 CP 등재(다음 news.daum.net/cplist·네이트 경제 CP, 조회 2026-07)","보조지표(2026-06 표본 예측력 약함 r≈0.02, 재검증 대상; 단독 사용 안 함, 타깃광고 경계에서만 보조)",관찰 기간 내 공시 확인,9,True,1,False,False,False,False,False,True,False,False,False,False,특이 패턴 미관찰,언급 후 고점 대비 큰 하락; 중요 공시 후보 제목 관찰
EVT-3C26FFAC02,032680,소프트센,2026-06-02 07:02:01+09:00,2026-06-02 07:02:01+09:00,2026-06-02 07:02:01+09:00,1,1,crioppstockfree,KOSDAQ,19500248735,확인,장전,269494.0,251652.0,5,3,5.414616216044378,5.360822931162225,-2.926337033299697,-0.6406880518420199,15거래일 관찰 완료,15,-11.70103738157303,-24.33537832310838,2026-06-02,확인,35,9,6,False,0,True,23,True,1,3,0.7142857142857143,"네이버 인링크(CP) 관측(oid=018) · 네이버 인링크(CP) 관측(oid=081) · 미분류: 포털 CP 미등재 + 네이버 인링크 미관측(조회 2026-07) · 포털 CP 등재(다음 news.daum.net/cplist·네이트 경제 CP, 조회 2026-07)","보조지표(2026-06 표본 예측력 약함 r≈0.02, 재검증 대상; 단독 사용 안 함, 타깃광고 경계에서만 보조)",관찰 기간 내 공시 확인,3,True,1,True,True,True,False,True,True,False,False,False,False,특이 패턴 미관찰,기준 중앙값 대비 거래량 이상; MAD 기준 거래량 이상치; 언급 후 코스닥 대비 하락; 언급 후 고점 대비 큰 하락; 보도자료성 표현 관찰; 중요 공시 후보 제목 관찰
EVT-16013F1432,043360,디지아이,2026-06-02 07:02:01+09:00,2026-06-02 07:02:01+09:00,2026-06-02 07:02:01+09:00,1,1,crioppstockfree,KOSDAQ,18945000000,확인,장전,92426.2,45692.0,15,3,0.8897181125798826,-0.07750068534839936,-8.304498269896198,-6.018849288438521,15거래일 관찰 완료,15,-6.737321851819766,-21.32075471698113,2026-06-02,확인,25,5,14,False,0,True,11,True,1,2,0.96,"미분류: 포털 CP 미등재 + 네이버 인링크 미관측(조회 2026-07) · 포털 CP 등재(다음 news.daum.net/cplist·네이트 경제 CP, 조회 2026-07)","보조지표(2026-06 표본 예측력 약함 r≈0.02, 재검증 대상; 단독 사용 안 함, 타깃광고 경계에서만 보조)",관찰 기간 내 공시 미확인,0,False,0,False,False,False,False,False,True,False,False,False,False,특이 패턴 미관찰,언급 후 고점 대비 큰 하락; 보도자료성 표현 관찰; 관찰 기간 내 공시 미확인
EVT-67501B82D7,121890,에스디시스템,2026-06-02 07:02:01+09:00,2026-06-02 07:02:01+09:00,2026-06-02 07:02:01+09:00,1,1,crioppstockfree,KOSDAQ,28975352280,확인,장전,279153.7333333333,177877.0,15,3,1.445898008174188,0.771401235490465,-1.196172248803828,2.618375861395983,15거래일 관찰 완료,15,14.11902783998844,-8.842592592592592,2026-06-02,확인,11,3,5,False,0,False,6,False,0,1,1.0,미분류: 포털 CP 미등재 + 네이버 인링크 미관측(조회 2026-07),"보조지표(2026-06 표본 예측력 약함 r≈0.02, 재검증 대상; 단독 사용 안 함, 타깃광고 경계에서만 보조)",관찰 기간 내 공시 확인,1,False,0,False,False,False,False,False,False,False,False,False,False,특이 패턴 미관찰,관찰 기간 내 공시 확인
EVT-D2436ED592,142760,모아라이프플러스,2026-06-02 07:02:01+09:00,2026-06-02 07:02:01+09:00,2026-06-02 07:02:01+09:00,1,1,crioppstockfree,KOSDAQ,16234287300,확인,장전,411551.2,170474.0,15,3,1.985499255018361,0.7885857170559121,0.141643059490093,2.427292040947771,15거래일 관찰 완료,15,-15.07390214057641,-26.44978783592645,2026-06-02,기사 미확인,0,0,0,False,0,False,0,False,0,0,0.0,,"보조지표(2026-06 표본 예측력 약함 r≈0.02, 재검증 대상; 단독 사용 안 함, 타깃광고 경계에서만 보조)",관찰 기간 내 공시 확인,3,True,1,False,False,False,False,True,True,False,False,False,False,특이 패턴 미관찰,언급 후 코스닥 대비 하락; 언급 후 고점 대비 큰 하락; 중요 공시 후보 제목 관찰; 뉴스: 기사 미확인
EVT-B06B33ACE6,200350,아티스트스튜디오,2026-06-02 07:02:01+09:00,2026-06-02 07:02:01+09:00,2026-06-02 07:02:01+09:00,1,1,crioppstockfree,KOSDAQ,18062817175,확인,장전,91303.26666666666,64037.0,15,3,3.408092196698783,4.307460554778863,1.481481481481484,3.767130462939161,15거래일 관찰 완료,15,-38.13749629978378,-49.51338199513382,2026-06-02,기사 미확인,0,0,0,False,0,False,0,False,0,0,0.0,,"보조지표(2026-06 표본 예측력 약함 r≈0.02, 재검증 대상; 단독 사용 안 함, 타깃광고 경계에서만 보조)",관찰 기간 내 공시 확인,3,False,0,True,True,True,False,True,True,False,False,False,False,특이 패턴 미관찰,기준 중앙값 대비 거래량 이상; MAD 기준 거래량 이상치; 언급 후 코스닥 대비 하락; 언급 후 고점 대비 큰 하락; 관찰 기간 내 공시 확인; 뉴스: 기사 미확인
EVT-A67ED4558D,232830,아이티센피엔에스,2026-06-02 07:02:01+09:00,2026-06-02 07:02:01+09:00,2026-06-02 07:02:01+09:00,1,1,crioppstockfree,KOSDAQ,22403198730,확인,장전,232237.9333333333,190285.0,15,3,0.6959875975510419,-1.264700598089036,-3.987730061349692,-1.702081079892015,15거래일 관찰 완료,15,-31.40366702030492,-42.81150159744409,2026-06-02,확인,21,2,0,True,2,False,17,True,0,0,0.7142857142857143,"네이버 인링크(CP) 관측(oid=003) · 네이버 인링크(CP) 관측(oid=008) · 네이버 인링크(CP) 관측(oid=030) · 네이버 인링크(CP) 관측(oid=092) · 미분류: 포털 CP 미등재 + 네이버 인링크 미관측(조회 2026-07) · 포털 CP 등재(다음 news.daum.net/cplist·네이트 경제 CP, 조회 2026-07)","보조지표(2026-06 표본 예측력 약함 r≈0.02, 재검증 대상; 단독 사용 안 함, 타깃광고 경계에서만 보조)",관찰 기간 내 공시 미확인,0,False,0,False,False,False,False,True,True,False,False,False,False,특이 패턴 미관찰,언급 후 코스닥 대비 하락; 언급 후 고점 대비 큰 하락; 언급 시점 뉴스 집중; 유사 기사 반복 관찰; 관찰 기간 내 공시 미확인
EVT-7C6E8D3EE0,237750,피앤씨테크,2026-06-02 07:02:01+09:00,2026-06-02 07:02:01+09:00,2026-06-02 07:02:01+09:00,1,1,crioppstockfree,KOSDAQ,24297284000,확인,장전,66120.46666666666,49376.0,15,3,1.304398898250162,0.6059384812074949,4.126213592233019,6.411862573690696,15거래일 관찰 완료,15,2.984277303741644,-14.56521739130435,2026-06-02,확인,41,5,18,False,3,True,20,True,1,0,0.7073170731707317,"네이버 인링크(CP) 관측(oid=001) · 네이버 인링크(CP) 관측(oid=008) · 네이버 인링크(CP) 관측(oid=018) · 네이버 인링크(CP) 관측(oid=293) · 미분류: 포털 CP 미등재 + 네이버 인링크 미관측(조회 2026-07) · 포털 CP 등재(다음 news.daum.net/cplist·네이트 경제 CP, 조회 2026-07)","보조지표(2026-06 표본 예측력 약함 r≈0.02, 재검증 대상; 단독 사용 안 함, 타깃광고 경계에서만 보조)",관찰 기간 내 공시 확인,2,True,2,False,False,False,False,False,False,False,False,False,False,특이 패턴 미관찰,유사 기사 반복 관찰; 보도자료성 표현 관찰; 중요 공시 후보 제목 관찰
EVT-BC87B7A7ED,288980,모아데이타,2026-06-02 07:02:01+09:00,2026-06-02 07:02:01+09:00,2026-06-04 20:59:50+09:00,3,1,crioppstockfree,KOSDAQ,29177865958,확인,장전,1803526.733333333,1149788.0,15,3,1.532173757249162,0.3444065120662285,1.699716713881028,2.360391213967472,15거래일 관찰 완료,15,-17.90205693570832,-33.61188486536676,2026-06-02,확인,27,6,21,False,0,True,19,True,2,3,0.7037037037037037,"네이버 인링크(CP) 관측(oid=018) · 네이버 인링크(CP) 관측(oid=028) · 네이버 인링크(CP) 관측(oid=030) · 네이버 인링크(CP) 관측(oid=138) · 네이버 인링크(CP) 관측(oid=366) · 미분류: 포털 CP 미등재 + 네이버 인링크 미관측(조회 2026-07) · 포털 CP 등재(다음 news.daum.net/cplist·네이트 경제 CP, 조회 2026-07)","보조지표(2026-06 표본 예측력 약함 r≈0.02, 재검증 대상; 단독 사용 안 함, 타깃광고 경계에서만 보조)",관찰 기간 내 공시 확인,5,True,2,False,False,False,False,True,True,False,False,False,False,특이 패턴 미관찰,언급 후 코스닥 대비 하락; 언급 후 고점 대비 큰 하락; 보도자료성 표현 관찰; 중요 공시 후보 제목 관찰
EVT-AB7D71F1D8,462310,뉴키즈온,2026-06-02 11:25:55+09:00,2026-06-02 11:25:55+09:00,2026-06-02 11:25:55+09:00,1,1,crioppstockfree,KOSDAQ,25824056755,확인,장중,44069.4,42131.0,15,3,2.358500866345446,3.15894633788734,7.52212389380531,9.989478598125178,15거래일 관찰 완료,15,-1.636844149062977,-26.16822429906542,2026-06-02,확인,13,7,4,False,0,False,7,True,0,0,0.8461538461538461,네이버 인링크(CP) 관측(oid=015) · 네이버 인링크(CP) 관측(oid=018) · 미분류: 포털 CP 미등재 + 네이버 인링크 미관측(조회 2026-07),"보조지표(2026-06 표본 예측력 약함 r≈0.02, 재검증 대상; 단독 사용 안 함, 타깃광고 경계에서만 보조)",관찰 기간 내 공시 확인,3,True,2,False,False,False,True,False,True,False,False,False,False,특이 패턴 미관찰,코스닥 대비 단기 초과상승; 언급 후 고점 대비 큰 하락; 중요 공시 후보 제목 관찰
EVT-BB3E7EF8F1,450520,인스웨이브,2026-06-02 14:10:41+09:00,2026-06-02 14:10:41+09:00,2026-06-03 12:29:31+09:00,3,3,FastStockNews; crioppstockfree; mbngoldcsi,KOSDAQ,24997782600,확인,장중,116890.2,84027.0,15,3,9.02796720101872,3.262676592464264,0.8368200836819994,3.122469065139677,15거래일 관찰 완료,15,-11.03075330879934,-22.40663900414938,2026-06-02,확인,32,19,10,False,2,True,22,True,1,0,0.71875,"네이버 인링크(CP) 관측(oid=003) · 네이버 인링크(CP) 관측(oid=011) · 네이버 인링크(CP) 관측(oid=016) · 네이버 인링크(CP) 관측(oid=018) · 네이버 인링크(CP) 관측(oid=030) · 네이버 인링크(CP) 관측(oid=092) · 네이버 인링크(CP) 관측(oid=277) · 미분류: 포털 CP 미등재 + 네이버 인링크 미관측(조회 2026-07) · 포털 CP 등재(다음 news.daum.net/cplist·네이트 경제 CP, 조회 2026-07)","보조지표(2026-06 표본 예측력 약함 r≈0.02, 재검증 대상; 단독 사용 안 함, 타깃광고 경계에서만 보조)",관찰 기간 내 공시 확인,1,True,1,True,False,True,False,True,True,False,False,False,False,특이 패턴 미관찰,기준 중앙값 대비 거래량 이상; 언급 후 코스닥 대비 하락; 언급 후 고점 대비 큰 하락; 복수 Telegram 채널 언급; 유사 기사 반복 관찰; 보도자료성 표현 관찰; 중요 공시 후보 제목 관찰
EVT-915ACD04FC,009620,삼보산업,2026-06-02 20:36:37+09:00,2026-06-02 20:36:37+09:00,2026-06-04 12:19:38+09:00,3,2,crioppstockfree; mbngoldcsi,KOSDAQ,13384354768,확인,장후,306513.3333333333,232705.0,15,3,1.253961023613588,0.414668051048338,-2.070063694267521,0.229089351939693,15거래일 관찰 완료,15,24.49965188472631,-29.54022988505747,2026-06-04,확인,28,2,7,False,2,True,15,True,0,0,0.8571428571428571,"네이버 인링크(CP) 관측(oid=018) · 미분류: 포털 CP 미등재 + 네이버 인링크 미관측(조회 2026-07) · 포털 CP 등재(다음 news.daum.net/cplist·네이트 경제 CP, 조회 2026-07)","보조지표(2026-06 표본 예측력 약함 r≈0.02, 재검증 대상; 단독 사용 안 함, 타깃광고 경계에서만 보조)",관찰 기간 내 공시 미확인,0,False,0,False,False,False,False,False,True,False,False,False,False,특이 패턴 미관찰,언급 후 고점 대비 큰 하락; 복수 Telegram 채널 언급; 유사 기사 반복 관찰; 보도자료성 표현 관찰; 관찰 기간 내 공시 미확인
EVT-D95A742275,069140,누리플랜,2026-06-02 20:36:37+09:00,2026-06-02 20:36:37+09:00,2026-06-04 12:19:38+09:00,3,2,crioppstockfree; mbngoldcsi,KOSDAQ,26025166096,확인,장후,353706.8666666666,59519.0,15,3,6.553470320401888,5.05953151874099,-2.17633928571429,1.016912578092255,15거래일 관찰 완료,15,6.639978685959779,-14.43240159726184,2026-06-04,확인,48,12,35,False,11,True,38,True,4,7,0.5625,"네이버 인링크(CP) 관측(oid=001) · 네이버 인링크(CP) 관측(oid=003) · 네이버 인링크(CP) 관측(oid=015) · 네이버 인링크(CP) 관측(oid=016) · 네이버 인링크(CP) 관측(oid=020) · 네이버 인링크(CP) 관측(oid=021) · 네이버 인링크(CP) 관측(oid=024) · 네이버 인링크(CP) 관측(oid=025) · 네이버 인링크(CP) 관측(oid=028) · 네이버 인링크(CP) 관측(oid=030) · 네이버 인링크(CP) 관측(oid=081) · 네이버 인링크(CP) 관측(oid=277) · 네이버 인링크(CP) 관측(oid=421) · 네이버 인링크(CP) 관측(oid=449) · 네이버 인링크(CP) 관측(oid=469) · 미분류: 포털 CP 미등재 + 네이버 인링크 미관측(조회 2026-07) · 포털 CP 등재(다음 news.daum.net/cplist·네이트 경제 CP, 조회 2026-07)","보조지표(2026-06 표본 예측력 약함 r≈0.02, 재검증 대상; 단독 사용 안 함, 타깃광고 경계에서만 보조)",관찰 기간 내 공시 미확인,0,False,0,True,True,True,False,False,False,False,False,False,False,특이 패턴 미관찰,기준 중앙값 대비 거래량 이상; MAD 기준 거래량 이상치; 복수 Telegram 채널 언급; 유사 기사 반복 관찰; 보도자료성 표현 관찰; 관찰 기간 내 공시 미확인
EVT-809D35EFC9,236810,엔비티,2026-06-02 20:36:37+09:00,2026-06-02 20:36:37+09:00,2026-06-02 20:36:37+09:00,1,1,mbngoldcsi,KOSDAQ,17043327704,확인,장후,92216.26666666666,70513.0,15,3,1.508048161331953,0.629012647109779,-6.29020729092209,-3.991054244714876,15거래일 관찰 완료,15,-3.224598896246569,-26.6276517922458,2026-06-04,확인,27,11,7,False,6,False,18,True,0,0,0.7407407407407407,네이버 인링크(CP) 관측(oid=003) · 네이버 인링크(CP) 관측(oid=018) · 네이버 인링크(CP) 관측(oid=028) · 네이버 인링크(CP) 관측(oid=293) · 네이버 인링크(CP) 관측(oid=417) · 미분류: 포털 CP 미등재 + 네이버 인링크 미관측(조회 2026-07),"보조지표(2026-06 표본 예측력 약함 r≈0.02, 재검증 대상; 단독 사용 안 함, 타깃광고 경계에서만 보조)",관찰 기간 내 공시 미확인,0,False,0,False,False,False,False,False,True,False,False,False,False,특이 패턴 미관찰,언급 후 고점 대비 큰 하락; 유사 기사 반복 관찰; 관찰 기간 내 공시 미확인
EVT-CF12A90454,306040,에스제이그룹,2026-06-02 20:36:37+09:00,2026-06-02 20:36:37+09:00,2026-06-04 15:00:21+09:00,8,3,crioppstockfree; mbngoldcsi; numt7777,KOSDAQ,17265199000,확인,장후,289774.4666666667,216306.0,15,3,8.571551413275637,4.545861943585885,-30.0,-28.42143201650234,15거래일 관찰 완료,15,-18.93801557429347,-34.36293436293436,2026-06-04,확인,44,19,0,True,0,True,32,True,3,1,0.4318181818181818,"네이버 인링크(CP) 관측(oid=001) · 네이버 인링크(CP) 관측(oid=003) · 네이버 인링크(CP) 관측(oid=008) · 네이버 인링크(CP) 관측(oid=009) · 네이버 인링크(CP) 관측(oid=011) · 네이버 인링크(CP) 관측(oid=016) · 네이버 인링크(CP) 관측(oid=018) · 네이버 인링크(CP) 관측(oid=021) · 네이버 인링크(CP) 관측(oid=024) · 네이버 인링크(CP) 관측(oid=029) · 네이버 인링크(CP) 관측(oid=081) · 네이버 인링크(CP) 관측(oid=215) · 네이버 인링크(CP) 관측(oid=366) · 네이버 인링크(CP) 관측(oid=421) · 네이버 인링크(CP) 관측(oid=422) · 미분류: 포털 CP 미등재 + 네이버 인링크 미관측(조회 2026-07) · 포털 CP 등재(다음 news.daum.net/cplist·네이트 경제 CP, 조회 2026-07)","보조지표(2026-06 표본 예측력 약함 r≈0.02, 재검증 대상; 단독 사용 안 함, 타깃광고 경계에서만 보조)",관찰 기간 내 공시 확인,1,False,0,True,True,True,False,True,True,False,False,False,False,특이 패턴 미관찰,기준 중앙값 대비 거래량 이상; MAD 기준 거래량 이상치; 언급 후 코스닥 대비 하락; 언급 후 고점 대비 큰 하락; 복수 Telegram 채널 언급; 언급 시점 뉴스 집중; 보도자료성 표현 관찰; 관찰 기간 내 공시 확인
EVT-5BE6BE4D0E,335870,윙스풋,2026-06-02 20:36:37+09:00,2026-06-02 20:36:37+09:00,2026-06-02 20:36:37+09:00,1,1,mbngoldcsi,KOSDAQ,16884476784,확인,장후,38258.6,34618.0,15,3,1.392194811947542,1.313743368510712,-5.066666666666664,6.106495911425591,15거래일 관찰 완료,15,-2.264611897279678,-26.49903288201161,2026-06-04,확인,14,3,4,False,0,False,7,True,0,0,0.6428571428571429,네이버 인링크(CP) 관측(oid=015) · 네이버 인링크(CP) 관측(oid=020) · 네이버 인링크(CP) 관측(oid=366) · 미분류: 포털 CP 미등재 + 네이버 인링크 미관측(조회 2026-07),"보조지표(2026-06 표본 예측력 약함 r≈0.02, 재검증 대상; 단독 사용 안 함, 타깃광고 경계에서만 보조)",관찰 기간 내 공시 미확인,0,False,0,False,False,False,False,False,True,False,False,False,False,특이 패턴 미관찰,언급 후 고점 대비 큰 하락; 관찰 기간 내 공시 미확인
EVT-57795339E4,215790,이노인스트루먼트,2026-06-02 20:37:21+09:00,2026-06-02 20:37:21+09:00,2026-06-04 23:37:27+09:00,4,3,crioppstockfree; mbngoldcsi; selfstudyview,KOSDAQ,29527548217,확인,장후,17763762.06666667,10823399.0,15,3,2.320732239474864,0.6768591390554708,13.2404181184669,11.00995443993543,15거래일 관찰 완료,15,-19.95969659597448,-35.38461538461538,2026-06-04,확인,75,13,31,False,2,True,21,True,3,4,0.8533333333333334,"네이버 인링크(CP) 관측(oid=001) · 네이버 인링크(CP) 관측(oid=003) · 네이버 인링크(CP) 관측(oid=081) · 네이버 인링크(CP) 관측(oid=374) · 미분류: 포털 CP 미등재 + 네이버 인링크 미관측(조회 2026-07) · 포털 CP 등재(다음 news.daum.net/cplist·네이트 경제 CP, 조회 2026-07)","보조지표(2026-06 표본 예측력 약함 r≈0.02, 재검증 대상; 단독 사용 안 함, 타깃광고 경계에서만 보조)",관찰 기간 내 공시 미확인,0,False,0,False,False,False,True,True,True,False,False,False,False,특이 패턴 미관찰,코스닥 대비 단기 초과상승; 언급 후 코스닥 대비 하락; 언급 후 고점 대비 큰 하락; 복수 Telegram 채널 언급; 유사 기사 반복 관찰; 보도자료성 표현 관찰; 관찰 기간 내 공시 미확인
EVT-D3A779AA07,373110,엑셀세라퓨틱스,2026-06-02 20:37:21+09:00,2026-06-02 20:37:21+09:00,2026-06-02 20:37:21+09:00,1,1,mbngoldcsi,KOSDAQ,19387015674,확인,장후,1221431.6,283564.0,15,3,0.7357809877135321,-0.228839221486533,-3.186440677966107,-2.318362845636557,15거래일 관찰 완료,15,1.839484614971431,-16.0,2026-06-04,기사 미확인,0,0,0,False,0,False,0,False,0,0,0.0,,"보조지표(2026-06 표본 예측력 약함 r≈0.02, 재검증 대상; 단독 사용 안 함, 타깃광고 경계에서만 보조)",관찰 기간 내 공시 미확인,0,False,0,False,False,False,False,False,True,False,False,False,False,특이 패턴 미관찰,언급 후 고점 대비 큰 하락; 관찰 기간 내 공시 미확인; 뉴스: 기사 미확인
EVT-04D0925823,444530,심플랫폼,2026-06-03 10:25:11+09:00,2026-06-03 10:25:11+09:00,2026-06-03 10:25:11+09:00,1,1,companyreport,KOSDAQ,27792728520,확인,휴장일,80872.8,56033.0,15,3,1.02464619063766,0.059791522929544,-1.270207852193994,-0.01031577596368738,15거래일 관찰 완료,15,-19.07800518796729,-34.50292397660819,2026-06-04,기사 미확인,0,0,0,False,0,False,0,False,0,0,0.0,,"보조지표(2026-06 표본 예측력 약함 r≈0.02, 재검증 대상; 단독 사용 안 함, 타깃광고 경계에서만 보조)",관찰 기간 내 공시 미확인,0,False,0,False,False,False,False,True,True,False,False,False,False,특이 패턴 미관찰,언급 후 코스닥 대비 하락; 언급 후 고점 대비 큰 하락; 관찰 기간 내 공시 미확인; 뉴스: 기사 미확인
EVT-BBCC69C1B1,043200,파루,2026-06-03 12:29:31+09:00,2026-06-03 12:29:31+09:00,2026-06-03 12:29:31+09:00,1,1,crioppstockfree,KOSDAQ,22866960305,확인,휴장일,289573.8666666666,254898.0,15,3,1.098019599996861,0.2918434327220827,-2.018842530282638,5.789582497338552,15거래일 관찰 완료,15,31.08425944798157,-16.46903820816864,2026-06-04,확인,36,6,7,False,2,False,19,True,0,1,0.8333333333333334,"네이버 인링크(CP) 관측(oid=018) · 네이버 인링크(CP) 관측(oid=374) · 네이버 인링크(CP) 관측(oid=421) · 네이버 인링크(CP) 관측(oid=654) · 네이버 인링크(CP) 관측(oid=662) · 미분류: 포털 CP 미등재 + 네이버 인링크 미관측(조회 2026-07) · 포털 CP 등재(다음 news.daum.net/cplist·네이트 경제 CP, 조회 2026-07)","보조지표(2026-06 표본 예측력 약함 r≈0.02, 재검증 대상; 단독 사용 안 함, 타깃광고 경계에서만 보조)",관찰 기간 내 공시 확인,3,False,0,False,False,False,False,False,True,False,False,False,False,특이 패턴 미관찰,언급 후 고점 대비 큰 하락; 유사 기사 반복 관찰; 관찰 기간 내 공시 확인
EVT-6CD27DBC89,462510,라메디텍,2026-06-03 12:32:48+09:00,2026-06-03 12:32:48+09:00,2026-06-03 12:32:48+09:00,1,1,crioppstockfree,KOSDAQ,24956405775,확인,휴장일,211669.8,67575.0,15,3,0.8306622271550129,-0.2684247612577993,4.043545878693622,4.485759778714337,15거래일 관찰 완료,15,-5.352360733033247,-20.77727952167414,2026-06-04,확인,42,7,9,False,7,False,19,True,0,0,0.8333333333333334,네이버 인링크(CP) 관측(oid=003) · 네이버 인링크(CP) 관측(oid=018) · 네이버 인링크(CP) 관측(oid=020) · 네이버 인링크(CP) 관측(oid=584) · 미분류: 포털 CP 미등재 + 네이버 인링크 미관측(조회 2026-07),"보조지표(2026-06 표본 예측력 약함 r≈0.02, 재검증 대상; 단독 사용 안 함, 타깃광고 경계에서만 보조)",관찰 기간 내 공시 미확인,0,False,0,False,False,False,False,False,True,False,False,False,False,특이 패턴 미관찰,언급 후 고점 대비 큰 하락; 유사 기사 반복 관찰; 관찰 기간 내 공시 미확인
EVT-236F237034,328380,솔트웨어,2026-06-03 12:52:47+09:00,2026-06-03 12:52:47+09:00,2026-06-03 12:52:47+09:00,1,1,crioppstockfree,KOSDAQ,17234175825,확인,휴장일,60682.0,48721.0,15,3,0.7377722132140145,-1.095737505434708,-0.6622516556291425,0.3123980793197978,15거래일 관찰 완료,15,2.924918788640895,-40.20501138952164,2026-06-04,확인,46,1,12,False,0,True,21,True,2,9,0.717391304347826,"네이버 인링크(CP) 관측(oid=016) · 네이버 인링크(CP) 관측(oid=081) · 네이버 인링크(CP) 관측(oid=138) · 네이버 인링크(CP) 관측(oid=293) · 미분류: 포털 CP 미등재 + 네이버 인링크 미관측(조회 2026-07) · 포털 CP 등재(다음 news.daum.net/cplist·네이트 경제 CP, 조회 2026-07)","보조지표(2026-06 표본 예측력 약함 r≈0.02, 재검증 대상; 단독 사용 안 함, 타깃광고 경계에서만 보조)",관찰 기간 내 공시 확인,1,True,1,False,False,False,False,False,True,False,False,False,False,특이 패턴 미관찰,언급 후 고점 대비 큰 하락; 보도자료성 표현 관찰; 중요 공시 후보 제목 관찰
EVT-ABA51786D2,354200,엔젠바이오,2026-06-04 07:03:29+09:00,2026-06-04 07:03:29+09:00,2026-06-04 08:47:48+09:00,2,2,crioppstockfree; jeilstock,KOSDAQ,14915157027,확인,장전,320399.1333333334,108759.0,15,3,0.4240384703794629,-1.303311319640696,-0.5235602094240788,2.151817431092661,15거래일 관찰 완료,15,-11.37670064455748,-26.80161943319838,2026-06-04,기사 미확인,0,0,0,False,0,False,0,False,0,0,0.0,,"보조지표(2026-06 표본 예측력 약함 r≈0.02, 재검증 대상; 단독 사용 안 함, 타깃광고 경계에서만 보조)",관찰 기간 내 공시 확인,1,False,0,False,False,False,False,True,True,False,False,False,False,특이 패턴 미관찰,언급 후 코스닥 대비 하락; 언급 후 고점 대비 큰 하락; 복수 Telegram 채널 언급; 관찰 기간 내 공시 확인; 뉴스: 기사 미확인
EVT-2FFBACDF15,223310,사토시홀딩스,2026-06-04 07:04:24+09:00,2026-06-04 07:04:24+09:00,2026-06-05 07:05:25+09:00,4,1,crioppstockfree,KOSDAQ,20532312690,확인,장전,486005.8333333333,171785.0,12,3,0.6210728526937742,-0.5426142831103539,-9.442724458204331,-7.143571411997117,15거래일 관찰 완료,15,-17.13735879143028,-35.21367521367521,2026-06-04,확인,48,11,20,False,4,True,23,True,3,0,0.75,"네이버 인링크(CP) 관측(oid=003) · 네이버 인링크(CP) 관측(oid=008) · 네이버 인링크(CP) 관측(oid=016) · 네이버 인링크(CP) 관측(oid=018) · 네이버 인링크(CP) 관측(oid=277) · 네이버 인링크(CP) 관측(oid=293) · 네이버 인링크(CP) 관측(oid=366) · 미분류: 포털 CP 미등재 + 네이버 인링크 미관측(조회 2026-07) · 포털 CP 등재(다음 news.daum.net/cplist·네이트 경제 CP, 조회 2026-07)","보조지표(2026-06 표본 예측력 약함 r≈0.02, 재검증 대상; 단독 사용 안 함, 타깃광고 경계에서만 보조)",관찰 기간 내 공시 확인,2,False,0,False,False,False,False,True,True,False,False,False,False,특이 패턴 미관찰,언급 후 코스닥 대비 하락; 언급 후 고점 대비 큰 하락; 유사 기사 반복 관찰; 보도자료성 표현 관찰; 관찰 기간 내 공시 확인
EVT-D61A213DB9,191410,육일씨엔에쓰,2026-06-04 11:00:28+09:00,2026-06-04 11:00:28+09:00,2026-06-04 13:00:28+09:00,5,3,crioppstockfree; mbngoldcsi; numt7777,KOSDAQ,17758744175,확인,장중,180167.4666666667,153941.0,15,3,6.760304272416056,4.296323645023949,-14.3389199255121,-12.03976687930489,15거래일 관찰 완료,15,0.0743652831058359,-26.08695652173914,2026-06-04,확인,10,9,1,False,0,True,9,True,2,0,0.8,네이버 인링크(CP) 관측(oid=366) · 네이버 인링크(CP) 관측(oid=421) · 미분류: 포털 CP 미등재 + 네이버 인링크 미관측(조회 2026-07),"보조지표(2026-06 표본 예측력 약함 r≈0.02, 재검증 대상; 단독 사용 안 함, 타깃광고 경계에서만 보조)",관찰 기간 내 공시 미확인,0,False,0,True,True,True,False,False,True,False,False,False,False,특이 패턴 미관찰,기준 중앙값 대비 거래량 이상; MAD 기준 거래량 이상치; 언급 후 고점 대비 큰 하락; 복수 Telegram 채널 언급; 보도자료성 표현 관찰; 관찰 기간 내 공시 미확인
EVT-27DD17514B,014100,메디앙스,2026-06-04 11:27:35+09:00,2026-06-04 11:27:35+09:00,2026-06-04 19:33:35+09:00,3,1,crioppstockfree,KOSDAQ,21299000000,확인,장중,36749.86666666667,35630.0,15,3,0.9713724389559361,-0.03331783398235334,1.342756183745575,7.144894026855508,15거래일 관찰 완료,15,28.88377513452653,-5.299860529986056,2026-06-04,확인,15,2,8,False,0,False,8,True,0,0,0.5333333333333333,네이버 인링크(CP) 관측(oid=015) · 네이버 인링크(CP) 관측(oid=215) · 네이버 인링크(CP) 관측(oid=277) · 미분류: 포털 CP 미등재 + 네이버 인링크 미관측(조회 2026-07),"보조지표(2026-06 표본 예측력 약함 r≈0.02, 재검증 대상; 단독 사용 안 함, 타깃광고 경계에서만 보조)",관찰 기간 내 공시 확인,1,False,0,False,False,False,True,False,False,False,False,False,False,특이 패턴 미관찰,코스닥 대비 단기 초과상승; 관찰 기간 내 공시 확인
EVT-224631F987,114630,폴라리스우노,2026-06-04 11:28:10+09:00,2026-06-04 11:28:10+09:00,2026-06-04 11:28:10+09:00,1,1,crioppstockfree,KOSDAQ,24818757120,확인,장중,107950.0,100254.0,15,3,0.8429189857761287,-0.3354559915397355,7.834101382488479,12.3828399974471,15거래일 관찰 완료,15,8.480474344196452,-11.07708014293006,2026-06-04,확인,23,9,12,False,6,False,12,True,0,0,0.4782608695652174,"네이버 인링크(CP) 관측(oid=003) · 네이버 인링크(CP) 관측(oid=008) · 네이버 인링크(CP) 관측(oid=018) · 네이버 인링크(CP) 관측(oid=092) · 네이버 인링크(CP) 관측(oid=277) · 미분류: 포털 CP 미등재 + 네이버 인링크 미관측(조회 2026-07) · 포털 CP 등재(다음 news.daum.net/cplist·네이트 경제 CP, 조회 2026-07)","보조지표(2026-06 표본 예측력 약함 r≈0.02, 재검증 대상; 단독 사용 안 함, 타깃광고 경계에서만 보조)",관찰 기간 내 공시 미확인,0,False,0,False,False,False,True,False,False,False,False,False,False,특이 패턴 미관찰,코스닥 대비 단기 초과상승; 유사 기사 반복 관찰; 관찰 기간 내 공시 미확인
EVT-81FBEEA79E,359090,씨엔알리서치,2026-06-04 11:28:10+09:00,2026-06-04 11:28:10+09:00,2026-06-05 08:51:31+09:00,5,2,crioppstockfree; jeilstock,KOSDAQ,22080248703,확인,장중,36559.33333333334,37856.0,15,1,1.671703296703297,2.364714172088399,7.632093933463802,18.80525651155606,15거래일 관찰 완료,15,15.42491878864089,0.0,2026-06-04,확인,39,17,19,False,2,False,24,True,0,0,0.717948717948718,"네이버 인링크(CP) 관측(oid=015) · 네이버 인링크(CP) 관측(oid=018) · 네이버 인링크(CP) 관측(oid=215) · 미분류: 포털 CP 미등재 + 네이버 인링크 미관측(조회 2026-07) · 포털 CP 등재(다음 news.daum.net/cplist·네이트 경제 CP, 조회 2026-07)","보조지표(2026-06 표본 예측력 약함 r≈0.02, 재검증 대상; 단독 사용 안 함, 타깃광고 경계에서만 보조)",관찰 기간 내 공시 확인,1,True,1,False,False,False,True,False,False,False,False,False,False,특이 패턴 미관찰,코스닥 대비 단기 초과상승; 복수 Telegram 채널 언급; 유사 기사 반복 관찰; 중요 공시 후보 제목 관찰
EVT-C834C8DF24,405000,플라즈맵,2026-06-04 11:30:21+09:00,2026-06-04 11:30:21+09:00,2026-06-04 19:31:03+09:00,2,1,crioppstockfree,KOSDAQ,14816393840,확인,장중,13855.66666666667,8813.0,15,3,3.996255531601044,1.414047032766648,-3.921568627450978,-5.939136887148388,15거래일 관찰 완료,15,-19.64001627629417,-35.06493506493506,2026-06-04,확인,30,17,6,False,2,False,20,True,0,2,0.7333333333333333,"네이버 인링크(CP) 관측(oid=011) · 네이버 인링크(CP) 관측(oid=018) · 네이버 인링크(CP) 관측(oid=030) · 네이버 인링크(CP) 관측(oid=081) · 네이버 인링크(CP) 관측(oid=648) · 미분류: 포털 CP 미등재 + 네이버 인링크 미관측(조회 2026-07) · 포털 CP 등재(다음 news.daum.net/cplist·네이트 경제 CP, 조회 2026-07)","보조지표(2026-06 표본 예측력 약함 r≈0.02, 재검증 대상; 단독 사용 안 함, 타깃광고 경계에서만 보조)",관찰 기간 내 공시 확인,3,True,1,True,False,True,False,True,True,False,False,False,False,특이 패턴 미관찰,기준 중앙값 대비 거래량 이상; 언급 후 코스닥 대비 하락; 언급 후 고점 대비 큰 하락; 유사 기사 반복 관찰; 중요 공시 후보 제목 관찰
EVT-BFE76CD01B,048830,엔피케이,2026-06-04 11:35:59+09:00,2026-06-04 11:35:59+09:00,2026-06-04 11:35:59+09:00,1,1,crioppstockfree,KOSDAQ,21101861221,확인,장중,96451.0,82272.0,15,3,1.729677168416958,0.8716019349164991,-1.670378619153678,0.6287744270535356,15거래일 관찰 완료,15,2.924918788640895,-17.440543601359,2026-06-04,확인,10,1,3,False,0,False,5,True,0,0,0.8,네이버 인링크(CP) 관측(oid=029) · 미분류: 포털 CP 미등재 + 네이버 인링크 미관측(조회 2026-07),"보조지표(2026-06 표본 예측력 약함 r≈0.02, 재검증 대상; 단독 사용 안 함, 타깃광고 경계에서만 보조)",관찰 기간 내 공시 확인,2,False,0,False,False,False,False,False,True,False,False,False,False,특이 패턴 미관찰,언급 후 고점 대비 큰 하락; 관찰 기간 내 공시 확인
EVT-A32AD55B93,312610,에이에프더블류,2026-06-04 14:00:21+09:00,2026-06-04 14:00:21+09:00,2026-06-04 15:00:21+09:00,2,1,numt7777,KOSDAQ,8426865408,확인,장중,47454.8,41432.0,15,3,6.691397953272832,2.909539904676207,-18.17168338907469,-9.562623375085002,15거래일 관찰 완료,15,-14.20991267203327,-31.74386920980926,2026-06-04,확인,20,5,4,False,2,False,9,True,0,1,0.95,네이버 인링크(CP) 관측(oid=081) · 미분류: 포털 CP 미등재 + 네이버 인링크 미관측(조회 2026-07),"보조지표(2026-06 표본 예측력 약함 r≈0.02, 재검증 대상; 단독 사용 안 함, 타깃광고 경계에서만 보조)",관찰 기간 내 공시 미확인,0,False,0,True,False,True,False,True,True,False,False,False,False,특이 패턴 미관찰,기준 중앙값 대비 거래량 이상; 언급 후 코스닥 대비 하락; 언급 후 고점 대비 큰 하락; 유사 기사 반복 관찰; 관찰 기간 내 공시 미확인
EVT-778E01B413,083470,이엠앤아이,2026-06-04 19:31:03+09:00,2026-06-04 19:31:03+09:00,2026-06-04 19:31:03+09:00,1,1,crioppstockfree,KOSDAQ,14084617140,확인,장후,203756.3333333333,180475.0,15,3,0.9594182019670314,-0.1099875060561929,0.6045949214026569,6.165325796737664,15거래일 관찰 완료,15,24.32503633442094,-11.14488348530902,2026-06-05,확인,43,6,10,False,7,False,17,True,0,0,0.7441860465116279,네이버 인링크(CP) 관측(oid=003) · 네이버 인링크(CP) 관측(oid=008) · 네이버 인링크(CP) 관측(oid=018) · 네이버 인링크(CP) 관측(oid=277) · 미분류: 포털 CP 미등재 + 네이버 인링크 미관측(조회 2026-07),"보조지표(2026-06 표본 예측력 약함 r≈0.02, 재검증 대상; 단독 사용 안 함, 타깃광고 경계에서만 보조)",관찰 기간 내 공시 확인,2,True,1,False,False,False,False,False,False,False,False,False,False,특이 패턴 미관찰,유사 기사 반복 관찰; 중요 공시 후보 제목 관찰
EVT-759296318E,035460,기산텔레콤,2026-06-04 20:59:50+09:00,2026-06-04 20:59:50+09:00,2026-06-04 20:59:50+09:00,1,1,crioppstockfree,KOSDAQ,29318468100,확인,장후,435197.8666666666,355287.0,15,3,0.6787188948652779,-1.324343330432517,-9.5389507154213,0.301043419189762,15거래일 관찰 완료,15,-9.18284692906426,-25.17361111111111,2026-06-05,확인,14,2,2,False,0,True,2,False,1,0,1.0,미분류: 포털 CP 미등재 + 네이버 인링크 미관측(조회 2026-07),"보조지표(2026-06 표본 예측력 약함 r≈0.02, 재검증 대상; 단독 사용 안 함, 타깃광고 경계에서만 보조)",관찰 기간 내 공시 미확인,0,False,0,False,False,False,False,False,True,False,False,False,True,특이 패턴 미관찰,언급 후 고점 대비 큰 하락; 보도자료성 표현 관찰; 관찰 기간 내 공시 미확인
EVT-CF0B21946C,148250,알엔투테크놀로지,2026-06-04 20:59:50+09:00,2026-06-04 20:59:50+09:00,2026-06-04 20:59:50+09:00,1,1,crioppstockfree,KOSDAQ,29603281200,확인,장후,165892.6666666667,137001.0,15,3,0.4712885307406515,-3.196213561393191,-2.44328097731239,2.183862487102772,15거래일 관찰 완료,15,3.084539912238471,-11.98568872987478,2026-06-05,확인,26,2,12,False,2,True,11,True,2,0,0.8846153846153846,네이버 인링크(CP) 관측(oid=021) · 네이버 인링크(CP) 관측(oid=293) · 미분류: 포털 CP 미등재 + 네이버 인링크 미관측(조회 2026-07),"보조지표(2026-06 표본 예측력 약함 r≈0.02, 재검증 대상; 단독 사용 안 함, 타깃광고 경계에서만 보조)",관찰 기간 내 공시 확인,5,False,0,False,False,False,False,False,False,False,False,False,False,특이 패턴 미관찰,유사 기사 반복 관찰; 보도자료성 표현 관찰; 관찰 기간 내 공시 확인
EVT-DF84D70579,239340,이스트에이드,2026-06-04 20:59:50+09:00,2026-06-04 20:59:50+09:00,2026-06-04 20:59:50+09:00,1,1,crioppstockfree,KOSDAQ,15216513576,확인,장후,139565.6666666667,61269.0,15,3,2.086144706131976,1.138639568973987,-6.105263157894736,-1.60029521375672,15거래일 관찰 완료,15,-22.26160992290917,-40.91928251121077,2026-06-05,확인,22,10,7,False,2,False,12,True,0,0,0.9545454545454546,네이버 인링크(CP) 관측(oid=092) · 미분류: 포털 CP 미등재 + 네이버 인링크 미관측(조회 2026-07),"보조지표(2026-06 표본 예측력 약함 r≈0.02, 재검증 대상; 단독 사용 안 함, 타깃광고 경계에서만 보조)",관찰 기간 내 공시 미확인,0,False,0,False,False,False,False,True,True,False,False,False,False,특이 패턴 미관찰,언급 후 코스닥 대비 하락; 언급 후 고점 대비 큰 하락; 유사 기사 반복 관찰; 관찰 기간 내 공시 미확인
EVT-CAA9ED6199,301300,바이브컴퍼니,2026-06-04 20:59:50+09:00,2026-06-04 20:59:50+09:00,2026-06-04 20:59:50+09:00,1,1,crioppstockfree,KOSDAQ,18087729000,확인,장후,63693.0,57247.0,15,3,0.6108442363791989,-1.144432699112534,-3.299776286353473,3.385566962984477,15거래일 관찰 완료,15,-30.56308541225343,-48.12362030905077,2026-06-05,기사 미확인,0,0,0,False,0,False,0,False,0,0,0.0,,"보조지표(2026-06 표본 예측력 약함 r≈0.02, 재검증 대상; 단독 사용 안 함, 타깃광고 경계에서만 보조)",관찰 기간 내 공시 미확인,0,False,0,False,False,False,False,True,True,False,False,False,False,특이 패턴 미관찰,언급 후 코스닥 대비 하락; 언급 후 고점 대비 큰 하락; 관찰 기간 내 공시 미확인; 뉴스: 기사 미확인
EVT-5A75AB9C24,088290,이원컴포텍,2026-06-05 07:04:53+09:00,2026-06-05 07:04:53+09:00,2026-06-05 08:51:31+09:00,2,2,crioppstockfree; jeilstock,KOSDAQ,18624128120,확인,장전,93684.6,74730.0,5,3,0.3083902047370534,-2.558743558926703,3.742690058479536,11.54660154047967,15거래일 관찰 완료,15,36.15945228058371,-13.09771309771309,2026-06-05,확인,26,1,13,False,0,True,13,True,1,1,0.5384615384615384,"네이버 인링크(CP) 관측(oid=003) · 네이버 인링크(CP) 관측(oid=008) · 네이버 인링크(CP) 관측(oid=018) · 네이버 인링크(CP) 관측(oid=031) · 네이버 인링크(CP) 관측(oid=081) · 미분류: 포털 CP 미등재 + 네이버 인링크 미관측(조회 2026-07) · 포털 CP 등재(다음 news.daum.net/cplist·네이트 경제 CP, 조회 2026-07)","보조지표(2026-06 표본 예측력 약함 r≈0.02, 재검증 대상; 단독 사용 안 함, 타깃광고 경계에서만 보조)",관찰 기간 내 공시 미확인,0,False,0,False,False,False,True,False,False,False,False,False,False,특이 패턴 미관찰,코스닥 대비 단기 초과상승; 복수 Telegram 채널 언급; 보도자료성 표현 관찰; 관찰 기간 내 공시 미확인
EVT-BDB9912239,027040,서울전자통신,2026-06-05 07:05:25+09:00,2026-06-05 07:05:25+09:00,2026-06-08 07:02:55+09:00,2,1,crioppstockfree,KOSDAQ,25525188346,확인,장전,4283351.4,5280962.0,5,3,0.1913732763083696,-2.615481721915201,3.139013452914807,16.31764033792333,15거래일 관찰 완료,15,-4.439793629601676,-21.43478260869566,2026-06-05,확인,59,3,34,False,2,True,35,True,2,8,0.7627118644067796,"네이버 인링크(CP) 관측(oid=014) · 네이버 인링크(CP) 관측(oid=018) · 네이버 인링크(CP) 관측(oid=081) · 네이버 인링크(CP) 관측(oid=293) · 네이버 인링크(CP) 관측(oid=366) · 네이버 인링크(CP) 관측(oid=374) · 네이버 인링크(CP) 관측(oid=629) · 미분류: 포털 CP 미등재 + 네이버 인링크 미관측(조회 2026-07) · 포털 CP 등재(다음 news.daum.net/cplist·네이트 경제 CP, 조회 2026-07)","보조지표(2026-06 표본 예측력 약함 r≈0.02, 재검증 대상; 단독 사용 안 함, 타깃광고 경계에서만 보조)",관찰 기간 내 공시 확인,11,True,3,False,False,False,True,False,True,False,False,False,False,특이 패턴 미관찰,코스닥 대비 단기 초과상승; 언급 후 고점 대비 큰 하락; 유사 기사 반복 관찰; 보도자료성 표현 관찰; 중요 공시 후보 제목 관찰
EVT-93F79A20AE,043360,디지아이,2026-06-05 07:05:25+09:00,2026-06-05 07:05:25+09:00,2026-06-05 07:05:25+09:00,1,1,crioppstockfree,KOSDAQ,18945000000,확인,장전,93793.2,45692.0,15,3,0.9870217981265867,-0.01151291737853417,1.62601626016261,12.56887078744755,15거래일 관찰 완료,15,-4.529771357886746,-23.2824427480916,2026-06-05,확인,24,5,18,False,0,True,11,True,1,2,0.9583333333333334,"미분류: 포털 CP 미등재 + 네이버 인링크 미관측(조회 2026-07) · 포털 CP 등재(다음 news.daum.net/cplist·네이트 경제 CP, 조회 2026-07)","보조지표(2026-06 표본 예측력 약함 r≈0.02, 재검증 대상; 단독 사용 안 함, 타깃광고 경계에서만 보조)",관찰 기간 내 공시 확인,1,False,0,False,False,False,True,False,True,False,False,False,False,특이 패턴 미관찰,코스닥 대비 단기 초과상승; 언급 후 고점 대비 큰 하락; 보도자료성 표현 관찰; 관찰 기간 내 공시 확인
EVT-CC264D8CA5,057680,티사이언티픽,2026-06-05 07:05:25+09:00,2026-06-05 07:05:25+09:00,2026-06-05 07:05:25+09:00,1,1,crioppstockfree,KOSDAQ,28427236200,확인,장전,72804.2,54834.0,15,3,0.8467921362658205,-0.2842433956551838,4.444444444444451,9.178626885008523,15거래일 관찰 완료,15,-11.78083518767399,-26.85106382978724,2026-06-05,확인,19,6,9,False,0,False,12,True,0,0,0.7368421052631579,"네이버 인링크(CP) 관측(oid=008) · 네이버 인링크(CP) 관측(oid=031) · 미분류: 포털 CP 미등재 + 네이버 인링크 미관측(조회 2026-07) · 포털 CP 등재(다음 news.daum.net/cplist·네이트 경제 CP, 조회 2026-07)","보조지표(2026-06 표본 예측력 약함 r≈0.02, 재검증 대상; 단독 사용 안 함, 타깃광고 경계에서만 보조)",관찰 기간 내 공시 확인,2,True,1,False,False,False,True,True,True,False,False,False,False,특이 패턴 미관찰,코스닥 대비 단기 초과상승; 언급 후 코스닥 대비 하락; 언급 후 고점 대비 큰 하락; 중요 공시 후보 제목 관찰
EVT-8A3D1D1A63,096690,에이루트,2026-06-05 07:05:25+09:00,2026-06-05 07:05:25+09:00,2026-06-05 07:05:25+09:00,1,1,crioppstockfree,KOSDAQ,20275123680,확인,장전,44746.66666666666,31819.0,9,3,0.3138690719381502,-1.905482786619926,-3.401360544217691,1.614001034668389,15거래일 관찰 완료,15,7.32374976887381,-14.61267605633802,2026-06-05,확인,49,3,12,False,8,True,21,True,1,0,0.6122448979591837,"네이버 인링크(CP) 관측(oid=003) · 네이버 인링크(CP) 관측(oid=008) · 네이버 인링크(CP) 관측(oid=018) · 네이버 인링크(CP) 관측(oid=277) · 네이버 인링크(CP) 관측(oid=374) · 미분류: 포털 CP 미등재 + 네이버 인링크 미관측(조회 2026-07) · 포털 CP 등재(다음 news.daum.net/cplist·네이트 경제 CP, 조회 2026-07)","보조지표(2026-06 표본 예측력 약함 r≈0.02, 재검증 대상; 단독 사용 안 함, 타깃광고 경계에서만 보조)",관찰 기간 내 공시 확인,5,False,0,False,False,False,False,False,False,False,False,False,False,특이 패턴 미관찰,유사 기사 반복 관찰; 보도자료성 표현 관찰; 관찰 기간 내 공시 확인
EVT-194AB78666,131100,티엔엔터테인먼트,2026-06-05 07:05:25+09:00,2026-06-05 07:05:25+09:00,2026-06-05 07:05:25+09:00,1,1,crioppstockfree,KOSDAQ,23669095416,확인,장전,71406.6,74521.0,15,3,2.31772252116853,1.010008697613072,-7.46934225195095,1.695906706636174,15거래일 관찰 완료,15,-0.3514581048747019,-21.91323692992213,2026-06-05,확인,56,3,36,False,2,False,22,True,0,0,0.9107142857142857,"네이버 인링크(CP) 관측(oid=018) · 네이버 인링크(CP) 관측(oid=079) · 네이버 인링크(CP) 관측(oid=421) · 미분류: 포털 CP 미등재 + 네이버 인링크 미관측(조회 2026-07) · 포털 CP 등재(다음 news.daum.net/cplist·네이트 경제 CP, 조회 2026-07)","보조지표(2026-06 표본 예측력 약함 r≈0.02, 재검증 대상; 단독 사용 안 함, 타깃광고 경계에서만 보조)",관찰 기간 내 공시 확인,4,False,0,False,False,False,False,False,True,False,False,False,False,특이 패턴 미관찰,언급 후 고점 대비 큰 하락; 유사 기사 반복 관찰; 관찰 기간 내 공시 확인
EVT-B56BBA550D,383930,디티앤씨알오,2026-06-05 07:05:25+09:00,2026-06-05 07:05:25+09:00,2026-06-08 07:02:55+09:00,2,1,crioppstockfree,KOSDAQ,22193246208,확인,장전,461784.0,309314.0,15,3,1.181724719863957,0.2032809485589621,-5.37037037037037,7.808256514638156,15거래일 관찰 완료,15,-28.17830364751493,-45.69288389513109,2026-06-05,확인,41,5,10,False,5,False,23,True,0,1,0.7804878048780488,"네이버 인링크(CP) 관측(oid=014) · 네이버 인링크(CP) 관측(oid=015) · 네이버 인링크(CP) 관측(oid=018) · 네이버 인링크(CP) 관측(oid=629) · 네이버 인링크(CP) 관측(oid=648) · 미분류: 포털 CP 미등재 + 네이버 인링크 미관측(조회 2026-07) · 포털 CP 등재(다음 news.daum.net/cplist·네이트 경제 CP, 조회 2026-07)","보조지표(2026-06 표본 예측력 약함 r≈0.02, 재검증 대상; 단독 사용 안 함, 타깃광고 경계에서만 보조)",관찰 기간 내 공시 미확인,0,False,0,False,False,False,True,True,True,False,False,False,False,특이 패턴 미관찰,코스닥 대비 단기 초과상승; 언급 후 코스닥 대비 하락; 언급 후 고점 대비 큰 하락; 유사 기사 반복 관찰; 관찰 기간 내 공시 미확인
EVT-268D5A634A,078590,휴림에이텍,2026-06-05 08:15:02+09:00,2026-06-05 08:15:02+09:00,2026-06-05 08:15:02+09:00,1,1,companyreport,KOSDAQ,19534006145,확인,장전,730735.0,375300.0,6,3,0.4822808419930722,-1.190517217104754,-0.8431703204047181,6.770532449932642,15거래일 관찰 완료,15,-13.84133598373709,-28.91156462585034,2026-06-05,확인,24,3,19,False,0,True,17,True,0,3,0.6666666666666666,"네이버 인링크(CP) 관측(oid=008) · 네이버 인링크(CP) 관측(oid=018) · 네이버 인링크(CP) 관측(oid=031) · 네이버 인링크(CP) 관측(oid=081) · 네이버 인링크(CP) 관측(oid=293) · 네이버 인링크(CP) 관측(oid=366) · 미분류: 포털 CP 미등재 + 네이버 인링크 미관측(조회 2026-07) · 포털 CP 등재(다음 news.daum.net/cplist·네이트 경제 CP, 조회 2026-07)","보조지표(2026-06 표본 예측력 약함 r≈0.02, 재검증 대상; 단독 사용 안 함, 타깃광고 경계에서만 보조)",관찰 기간 내 공시 확인,2,False,0,False,False,False,False,True,True,False,False,False,False,특이 패턴 미관찰,언급 후 코스닥 대비 하락; 언급 후 고점 대비 큰 하락; 보도자료성 표현 관찰; 관찰 기간 내 공시 확인
EVT-8FF9E38C6A,140430,카티스,2026-06-05 11:40:14+09:00,2026-06-05 11:40:14+09:00,2026-06-05 22:26:08+09:00,3,1,crioppstockfree,KOSDAQ,18236298942,확인,장중,403432.2,192650.0,5,3,0.9740358162470802,-0.02378615743269393,-2.119460500963388,2.385507443174628,15거래일 관찰 완료,15,-22.52819655473714,-37.59842519685039,2026-06-05,확인,29,11,13,False,2,False,16,True,0,0,0.6551724137931034,"네이버 인링크(CP) 관측(oid=003) · 네이버 인링크(CP) 관측(oid=011) · 네이버 인링크(CP) 관측(oid=018) · 네이버 인링크(CP) 관측(oid=277) · 네이버 인링크(CP) 관측(oid=293) · 미분류: 포털 CP 미등재 + 네이버 인링크 미관측(조회 2026-07) · 포털 CP 등재(다음 news.daum.net/cplist·네이트 경제 CP, 조회 2026-07)","보조지표(2026-06 표본 예측력 약함 r≈0.02, 재검증 대상; 단독 사용 안 함, 타깃광고 경계에서만 보조)",관찰 기간 내 공시 확인,1,True,1,False,False,False,False,True,True,False,False,False,False,특이 패턴 미관찰,언급 후 코스닥 대비 하락; 언급 후 고점 대비 큰 하락; 유사 기사 반복 관찰; 중요 공시 후보 제목 관찰
EVT-7251BC44A8,476080,M83,2026-06-05 15:00:29+09:00,2026-06-05 15:00:29+09:00,2026-06-05 15:00:29+09:00,1,1,numt7777,KOSDAQ,26492560000,확인,장중,72026.73333333334,40539.0,15,3,168.3276844520092,10.1466367246491,-21.39175257731959,-13.58784109531945,15거래일 관찰 완료,15,-26.39936595248135,-43.19672131147541,2026-06-05,확인,59,19,22,False,6,True,30,True,3,7,0.559322033898305,"네이버 인링크(CP) 관측(oid=003) · 네이버 인링크(CP) 관측(oid=008) · 네이버 인링크(CP) 관측(oid=009) · 네이버 인링크(CP) 관측(oid=014) · 네이버 인링크(CP) 관측(oid=018) · 네이버 인링크(CP) 관측(oid=079) · 네이버 인링크(CP) 관측(oid=081) · 네이버 인링크(CP) 관측(oid=087) · 네이버 인링크(CP) 관측(oid=092) · 네이버 인링크(CP) 관측(oid=366) · 네이버 인링크(CP) 관측(oid=654) · 미분류: 포털 CP 미등재 + 네이버 인링크 미관측(조회 2026-07) · 포털 CP 등재(다음 news.daum.net/cplist·네이트 경제 CP, 조회 2026-07)","보조지표(2026-06 표본 예측력 약함 r≈0.02, 재검증 대상; 단독 사용 안 함, 타깃광고 경계에서만 보조)",캐시 범위 부족,0,False,0,True,True,True,False,True,True,False,False,False,False,특이 패턴 미관찰,기준 중앙값 대비 거래량 이상; MAD 기준 거래량 이상치; 언급 후 코스닥 대비 하락; 언급 후 고점 대비 큰 하락; 유사 기사 반복 관찰; 보도자료성 표현 관찰; 캐시 범위 부족
EVT-4D8F5F6083,060230,제이케이시냅스,2026-06-05 18:27:42+09:00,2026-06-05 18:27:42+09:00,2026-06-08 07:02:22+09:00,2,2,crioppstockfree; jeilstock,KOSDAQ,15313733280,확인,장후,653188.7333333333,236865.0,15,3,1.611246912798429,0.93608512348919,-10.84745762711864,-5.778825090507967,15거래일 관찰 완료,15,22.03801483168408,-15.54054054054054,2026-06-08,확인,24,2,8,False,0,False,11,True,0,0,0.9166666666666666,"네이버 인링크(CP) 관측(oid=018) · 미분류: 포털 CP 미등재 + 네이버 인링크 미관측(조회 2026-07) · 포털 CP 등재(다음 news.daum.net/cplist·네이트 경제 CP, 조회 2026-07)","보조지표(2026-06 표본 예측력 약함 r≈0.02, 재검증 대상; 단독 사용 안 함, 타깃광고 경계에서만 보조)",관찰 기간 내 공시 확인,2,False,0,False,False,False,False,False,True,False,False,False,False,특이 패턴 미관찰,언급 후 고점 대비 큰 하락; 복수 Telegram 채널 언급; 관찰 기간 내 공시 확인
EVT-2C1E6CEA89,193250,링크드,2026-06-05 22:26:08+09:00,2026-06-05 22:26:08+09:00,2026-06-05 23:12:35+09:00,2,1,crioppstockfree,KOSDAQ,24411671658,확인,장후,115258.6666666667,88909.0,9,3,0.5137612615145823,-3.434118246428101,-5.071428571428571,2.225695018440721,15거래일 관찰 완료,15,-6.75878640035914,-13.14487632508834,2026-06-08,기사 미확인,0,0,0,False,0,False,0,False,0,0,0.0,,"보조지표(2026-06 표본 예측력 약함 r≈0.02, 재검증 대상; 단독 사용 안 함, 타깃광고 경계에서만 보조)",관찰 기간 내 공시 확인,1,False,0,False,False,False,False,False,False,False,False,False,False,특이 패턴 미관찰,관찰 기간 내 공시 확인; 뉴스: 기사 미확인
EVT-26D3C78598,039290,인포뱅크,2026-06-05 23:12:35+09:00,2026-06-05 23:12:35+09:00,2026-06-05 23:12:35+09:00,1,1,crioppstockfree,KOSDAQ,26951331800,확인,장후,19002.86666666666,16268.0,15,3,6.853639045979838,3.765672849678786,-7.401812688821751,1.681025186761831,15거래일 관찰 완료,15,18.24233951162957,-11.41924959216966,2026-06-08,확인,39,2,21,False,2,False,24,True,0,0,0.7435897435897436,"네이버 인링크(CP) 관측(oid=008) · 네이버 인링크(CP) 관측(oid=011) · 네이버 인링크(CP) 관측(oid=016) · 네이버 인링크(CP) 관측(oid=018) · 네이버 인링크(CP) 관측(oid=030) · 네이버 인링크(CP) 관측(oid=092) · 네이버 인링크(CP) 관측(oid=215) · 네이버 인링크(CP) 관측(oid=481) · 미분류: 포털 CP 미등재 + 네이버 인링크 미관측(조회 2026-07) · 포털 CP 등재(다음 news.daum.net/cplist·네이트 경제 CP, 조회 2026-07)","보조지표(2026-06 표본 예측력 약함 r≈0.02, 재검증 대상; 단독 사용 안 함, 타깃광고 경계에서만 보조)",관찰 기간 내 공시 확인,1,False,0,True,True,True,False,False,False,False,False,False,False,특이 패턴 미관찰,기준 중앙값 대비 거래량 이상; MAD 기준 거래량 이상치; 유사 기사 반복 관찰; 관찰 기간 내 공시 확인
EVT-8FF414675F,300120,라온피플,2026-06-05 23:12:35+09:00,2026-06-05 23:12:35+09:00,2026-06-05 23:12:35+09:00,1,1,crioppstockfree,KOSDAQ,22672839328,확인,장후,544073.4,506355.0,15,3,1.217456132555223,0.5722580158948647,-7.968750000000002,-2.323412124416414,15거래일 관찰 완료,15,-19.52577117654638,-29.98324958123953,2026-06-08,확인,42,7,24,False,0,True,19,True,1,0,0.8809523809523809,네이버 인링크(CP) 관측(oid=003) · 네이버 인링크(CP) 관측(oid=018) · 네이버 인링크(CP) 관측(oid=123) · 미분류: 포털 CP 미등재 + 네이버 인링크 미관측(조회 2026-07),"보조지표(2026-06 표본 예측력 약함 r≈0.02, 재검증 대상; 단독 사용 안 함, 타깃광고 경계에서만 보조)",관찰 기간 내 공시 확인,3,False,0,False,False,False,False,True,True,False,False,False,False,특이 패턴 미관찰,언급 후 코스닥 대비 하락; 언급 후 고점 대비 큰 하락; 보도자료성 표현 관찰; 관찰 기간 내 공시 확인
EVT-286B5F5FAB,215790,이노인스트루먼트,2026-06-07 23:47:16+09:00,2026-06-07 23:47:16+09:00,2026-06-09 23:34:17+09:00,8,3,crioppstockfree; mbngoldcsi; selfstudyview,KOSDAQ,29527548217,확인,휴장일,15605524.73333333,11728324.0,15,3,1.646369336317789,0.4211191277154986,1.538461538461533,4.993032385594542,15거래일 관찰 완료,15,-27.25454116128165,-40.3387703889586,2026-06-08,확인,61,10,30,False,2,True,19,True,2,3,0.8360655737704918,"네이버 인링크(CP) 관측(oid=001) · 네이버 인링크(CP) 관측(oid=003) · 네이버 인링크(CP) 관측(oid=081) · 네이버 인링크(CP) 관측(oid=374) · 미분류: 포털 CP 미등재 + 네이버 인링크 미관측(조회 2026-07) · 포털 CP 등재(다음 news.daum.net/cplist·네이트 경제 CP, 조회 2026-07)","보조지표(2026-06 표본 예측력 약함 r≈0.02, 재검증 대상; 단독 사용 안 함, 타깃광고 경계에서만 보조)",관찰 기간 내 공시 미확인,0,False,0,False,False,False,False,True,True,False,False,False,False,특이 패턴 미관찰,언급 후 코스닥 대비 하락; 언급 후 고점 대비 큰 하락; 복수 Telegram 채널 언급; 유사 기사 반복 관찰; 보도자료성 표현 관찰; 관찰 기간 내 공시 미확인
EVT-46F7125F7C,032680,소프트센,2026-06-08 07:02:55+09:00,2026-06-08 07:02:55+09:00,2026-06-08 07:02:55+09:00,1,1,crioppstockfree,KOSDAQ,19500248735,확인,장전,418243.75,281447.0,8,3,0.5758704125465895,-0.7522062921803585,-6.235565819861433,1.808011085745242,15거래일 관찰 완료,15,12.31777847522246,-24.33537832310838,2026-06-08,확인,34,6,14,False,0,True,23,True,1,3,0.7352941176470589,"네이버 인링크(CP) 관측(oid=018) · 네이버 인링크(CP) 관측(oid=081) · 미분류: 포털 CP 미등재 + 네이버 인링크 미관측(조회 2026-07) · 포털 CP 등재(다음 news.daum.net/cplist·네이트 경제 CP, 조회 2026-07)","보조지표(2026-06 표본 예측력 약함 r≈0.02, 재검증 대상; 단독 사용 안 함, 타깃광고 경계에서만 보조)",관찰 기간 내 공시 확인,2,True,1,False,False,False,False,False,True,False,False,False,False,특이 패턴 미관찰,언급 후 고점 대비 큰 하락; 보도자료성 표현 관찰; 중요 공시 후보 제목 관찰
EVT-7739B25294,065420,에스아이리소스,2026-06-08 07:02:55+09:00,2026-06-08 07:02:55+09:00,2026-06-11 07:02:08+09:00,3,2,crioppstockfree; mbngoldcsi,KOSDAQ,7014575302,확인,장전,10360448.06666667,3555333.0,15,3,1.065952471962542,0.08973775896759788,1.530612244897966,6.59924478150864,15거래일 관찰 완료,15,-3.73949309518633,-10.55276381909548,2026-06-08,확인,40,1,22,False,0,True,23,True,3,3,0.8,"네이버 인링크(CP) 관측(oid=018) · 네이버 인링크(CP) 관측(oid=081) · 미분류: 포털 CP 미등재 + 네이버 인링크 미관측(조회 2026-07) · 포털 CP 등재(다음 news.daum.net/cplist·네이트 경제 CP, 조회 2026-07)","보조지표(2026-06 표본 예측력 약함 r≈0.02, 재검증 대상; 단독 사용 안 함, 타깃광고 경계에서만 보조)",관찰 기간 내 공시 확인,2,True,2,False,False,False,False,False,False,False,False,False,False,특이 패턴 미관찰,복수 Telegram 채널 언급; 보도자료성 표현 관찰; 중요 공시 후보 제목 관찰
EVT-438CC02C7C,342870,오아,2026-06-08 07:02:55+09:00,2026-06-08 07:02:55+09:00,2026-06-08 07:02:55+09:00,1,1,crioppstockfree,KOSDAQ,21909791940,확인,장전,10306.4,9477.0,15,3,0.6083148675741268,-1.076408534753117,-1.185770750988147,2.462284515899793,15거래일 관찰 완료,15,-18.25592990670511,-28.0,2026-06-08,확인,6,0,0,False,3,False,6,True,0,1,0.6666666666666666,네이버 인링크(CP) 관측(oid=015) · 네이버 인링크(CP) 관측(oid=088) · 미분류: 포털 CP 미등재 + 네이버 인링크 미관측(조회 2026-07),"보조지표(2026-06 표본 예측력 약함 r≈0.02, 재검증 대상; 단독 사용 안 함, 타깃광고 경계에서만 보조)",관찰 기간 내 공시 확인,2,True,1,False,False,False,False,True,True,False,False,False,False,특이 패턴 미관찰,언급 후 코스닥 대비 하락; 언급 후 고점 대비 큰 하락; 유사 기사 반복 관찰; 중요 공시 후보 제목 관찰
EVT-B7215B4444,377030,비트맥스,2026-06-08 07:02:55+09:00,2026-06-08 07:02:55+09:00,2026-06-08 13:17:32+09:00,3,2,crioppstockfree; mbngoldcsi,KOSDAQ,21366094490,확인,장전,143591.0666666667,75696.0,15,3,1.007530120481928,0.007983159296601065,-11.87607573149742,-4.227546519138158,15거래일 관찰 완료,15,-18.28058157927207,-36.17463617463618,2026-06-08,확인,33,6,0,True,2,False,23,True,0,1,0.7272727272727273,"네이버 인링크(CP) 관측(oid=018) · 네이버 인링크(CP) 관측(oid=092) · 네이버 인링크(CP) 관측(oid=277) · 미분류: 포털 CP 미등재 + 네이버 인링크 미관측(조회 2026-07) · 포털 CP 등재(다음 news.daum.net/cplist·네이트 경제 CP, 조회 2026-07)","보조지표(2026-06 표본 예측력 약함 r≈0.02, 재검증 대상; 단독 사용 안 함, 타깃광고 경계에서만 보조)",관찰 기간 내 공시 확인,3,True,1,False,False,False,False,True,True,False,False,False,False,특이 패턴 미관찰,언급 후 코스닥 대비 하락; 언급 후 고점 대비 큰 하락; 복수 Telegram 채널 언급; 언급 시점 뉴스 집중; 유사 기사 반복 관찰; 중요 공시 후보 제목 관찰
EVT-59D160C513,060900,에이전트AI,2026-06-08 11:50:36+09:00,2026-06-08 11:50:36+09:00,2026-06-08 19:06:31+09:00,2,1,crioppstockfree,KOSDAQ,17021926345,확인,장중,36992.26666666667,39977.0,15,3,0.6214823523526027,-1.792785077049501,-0.1960784313725483,8.886759444211034,15거래일 관찰 완료,15,-14.66147662659367,-14.63654223968566,2026-06-08,기사 미확인,0,0,0,False,0,False,0,False,0,0,0.0,,"보조지표(2026-06 표본 예측력 약함 r≈0.02, 재검증 대상; 단독 사용 안 함, 타깃광고 경계에서만 보조)",관찰 기간 내 공시 확인,1,False,0,False,False,False,True,True,False,False,False,False,False,특이 패턴 미관찰,코스닥 대비 단기 초과상승; 언급 후 코스닥 대비 하락; 관찰 기간 내 공시 확인; 뉴스: 기사 미확인
EVT-D9EE6C3702,177350,베셀,2026-06-08 19:05:23+09:00,2026-06-08 19:05:23+09:00,2026-06-08 19:05:23+09:00,1,1,crioppstockfree,KOSDAQ,14734954586,확인,장후,2311773.133333333,531230.0,15,3,0.3978766259435649,-0.9070301908901269,4.454685099846389,-1.735859014089458,15거래일 관찰 완료,15,22.3935483204348,-21.91176470588235,2026-06-09,확인,56,8,14,False,0,True,34,True,3,6,0.6964285714285714,"네이버 인링크(CP) 관측(oid=003) · 네이버 인링크(CP) 관측(oid=005) · 네이버 인링크(CP) 관측(oid=011) · 네이버 인링크(CP) 관측(oid=014) · 네이버 인링크(CP) 관측(oid=015) · 네이버 인링크(CP) 관측(oid=018) · 네이버 인링크(CP) 관측(oid=020) · 네이버 인링크(CP) 관측(oid=081) · 미분류: 포털 CP 미등재 + 네이버 인링크 미관측(조회 2026-07) · 포털 CP 등재(다음 news.daum.net/cplist·네이트 경제 CP, 조회 2026-07)","보조지표(2026-06 표본 예측력 약함 r≈0.02, 재검증 대상; 단독 사용 안 함, 타깃광고 경계에서만 보조)",관찰 기간 내 공시 확인,4,False,0,False,False,False,False,False,True,False,False,False,False,특이 패턴 미관찰,언급 후 고점 대비 큰 하락; 보도자료성 표현 관찰; 관찰 기간 내 공시 확인
EVT-B88939B03D,197140,디지캡,2026-06-08 19:05:23+09:00,2026-06-08 19:05:23+09:00,2026-06-11 11:53:51+09:00,4,2,crioppstockfree; mbngoldcsi,KOSDAQ,27392689170,확인,장후,24744.8,19208.0,15,3,17.66389004581425,3.143825891722356,12.01894612196566,2.633282465353238,15거래일 관찰 완료,15,33.0719510683953,-7.55148741418764,2026-06-09,확인,20,7,5,False,0,True,11,True,3,0,0.8,"네이버 인링크(CP) 관측(oid=016) · 네이버 인링크(CP) 관측(oid=018) · 네이버 인링크(CP) 관측(oid=366) · 미분류: 포털 CP 미등재 + 네이버 인링크 미관측(조회 2026-07) · 포털 CP 등재(다음 news.daum.net/cplist·네이트 경제 CP, 조회 2026-07)","보조지표(2026-06 표본 예측력 약함 r≈0.02, 재검증 대상; 단독 사용 안 함, 타깃광고 경계에서만 보조)",관찰 기간 내 공시 확인,3,True,2,True,False,True,False,False,False,False,False,False,False,특이 패턴 미관찰,기준 중앙값 대비 거래량 이상; 복수 Telegram 채널 언급; 보도자료성 표현 관찰; 중요 공시 후보 제목 관찰
EVT-FCD25E6D39,469750,아이비젼웍스,2026-06-08 19:05:23+09:00,2026-06-08 19:05:23+09:00,2026-06-08 19:05:23+09:00,1,1,crioppstockfree,KOSDAQ,21363018220,확인,장후,371887.5333333333,353420.0,15,3,0.7888857450059419,-0.9200940669101313,4.947668886774492,0.5324350132406508,15거래일 관찰 완료,15,-16.05416409786586,-28.0,2026-06-09,확인,17,8,4,False,0,True,10,True,2,0,0.8235294117647058,"네이버 인링크(CP) 관측(oid=011) · 네이버 인링크(CP) 관측(oid=016) · 미분류: 포털 CP 미등재 + 네이버 인링크 미관측(조회 2026-07) · 포털 CP 등재(다음 news.daum.net/cplist·네이트 경제 CP, 조회 2026-07)","보조지표(2026-06 표본 예측력 약함 r≈0.02, 재검증 대상; 단독 사용 안 함, 타깃광고 경계에서만 보조)",관찰 기간 내 공시 확인,1,True,1,False,False,False,False,True,True,False,False,False,False,특이 패턴 미관찰,언급 후 코스닥 대비 하락; 언급 후 고점 대비 큰 하락; 보도자료성 표현 관찰; 중요 공시 후보 제목 관찰
EVT-64ADF29EF3,051780,큐로홀딩스,2026-06-08 20:35:54+09:00,2026-06-08 20:35:54+09:00,2026-06-08 20:35:54+09:00,1,1,mbngoldcsi,KOSDAQ,16789379750,확인,장후,193690.5333333333,106531.0,15,3,3.504078625001173,1.747242260251513,4.456824512534818,-1.211891255149444,15거래일 관찰 완료,15,-13.27638632008808,-22.89473684210527,2026-06-09,확인,27,3,14,False,0,True,17,True,1,1,0.8888888888888888,"네이버 인링크(CP) 관측(oid=008) · 네이버 인링크(CP) 관측(oid=011) · 미분류: 포털 CP 미등재 + 네이버 인링크 미관측(조회 2026-07) · 포털 CP 등재(다음 news.daum.net/cplist·네이트 경제 CP, 조회 2026-07)","보조지표(2026-06 표본 예측력 약함 r≈0.02, 재검증 대상; 단독 사용 안 함, 타깃광고 경계에서만 보조)",관찰 기간 내 공시 확인,5,False,0,True,False,True,False,True,True,False,False,False,False,특이 패턴 미관찰,기준 중앙값 대비 거래량 이상; 언급 후 코스닥 대비 하락; 언급 후 고점 대비 큰 하락; 보도자료성 표현 관찰; 관찰 기간 내 공시 확인
EVT-48C1CFBB4E,027040,서울전자통신,2026-06-08 20:36:42+09:00,2026-06-08 20:36:42+09:00,2026-06-09 07:02:09+09:00,2,2,crioppstockfree; mbngoldcsi,KOSDAQ,25525188346,확인,장후,3224270.285714286,1382903.0,7,3,0.7308068606402618,-0.1586467910816211,-6.956521739130439,-13.14706585306629,15거래일 관찰 완료,15,-2.655929414584446,-20.39647577092511,2026-06-09,확인,59,17,36,False,2,True,35,True,2,8,0.7627118644067796,"네이버 인링크(CP) 관측(oid=014) · 네이버 인링크(CP) 관측(oid=018) · 네이버 인링크(CP) 관측(oid=081) · 네이버 인링크(CP) 관측(oid=293) · 네이버 인링크(CP) 관측(oid=366) · 네이버 인링크(CP) 관측(oid=374) · 네이버 인링크(CP) 관측(oid=629) · 미분류: 포털 CP 미등재 + 네이버 인링크 미관측(조회 2026-07) · 포털 CP 등재(다음 news.daum.net/cplist·네이트 경제 CP, 조회 2026-07)","보조지표(2026-06 표본 예측력 약함 r≈0.02, 재검증 대상; 단독 사용 안 함, 타깃광고 경계에서만 보조)",관찰 기간 내 공시 확인,5,True,3,False,False,False,False,False,True,False,False,False,False,특이 패턴 미관찰,언급 후 고점 대비 큰 하락; 복수 Telegram 채널 언급; 유사 기사 반복 관찰; 보도자료성 표현 관찰; 중요 공시 후보 제목 관찰
EVT-D5673A192B,011080,형지I&C,2026-06-08 20:56:40+09:00,2026-06-08 20:56:40+09:00,2026-06-08 20:56:40+09:00,1,1,crioppstockfree,KOSDAQ,9172519370,확인,장후,340838.6666666667,132012.0,15,3,0.6482062236766355,-0.4836904686452875,-1.646090534979427,-7.836634648915275,15거래일 관찰 완료,15,17.88702604625315,-34.42389758179232,2026-06-09,기사 미확인,0,0,0,False,0,False,0,False,0,0,0.0,,"보조지표(2026-06 표본 예측력 약함 r≈0.02, 재검증 대상; 단독 사용 안 함, 타깃광고 경계에서만 보조)",관찰 기간 내 공시 확인,5,True,3,False,False,False,False,False,True,False,False,False,False,특이 패턴 미관찰,언급 후 고점 대비 큰 하락; 중요 공시 후보 제목 관찰; 뉴스: 기사 미확인
EVT-39D0460CA1,130740,티피씨글로벌,2026-06-08 20:56:40+09:00,2026-06-08 20:56:40+09:00,2026-06-08 20:56:40+09:00,1,1,crioppstockfree,KOSDAQ,22339101099,확인,장후,703424.3333333334,278544.0,15,3,1.073356453558504,0.1560922407715275,-0.694444444444442,-6.730048688348655,15거래일 관찰 완료,15,2.056036266432859,-21.48648648648649,2026-06-09,확인,11,2,7,False,0,False,3,True,0,0,0.9090909090909091,네이버 인링크(CP) 관측(oid=003) · 미분류: 포털 CP 미등재 + 네이버 인링크 미관측(조회 2026-07),"보조지표(2026-06 표본 예측력 약함 r≈0.02, 재검증 대상; 단독 사용 안 함, 타깃광고 경계에서만 보조)",관찰 기간 내 공시 확인,1,True,1,False,False,False,False,False,True,False,False,False,False,특이 패턴 미관찰,언급 후 고점 대비 큰 하락; 중요 공시 후보 제목 관찰
EVT-6D7DF79FF5,019570,플루토스,2026-06-09 07:02:02+09:00,2026-06-09 07:02:02+09:00,2026-06-11 07:02:08+09:00,3,2,crioppstockfree; jeilstock,KOSDAQ,22955735101,확인,장전,473523.3333333333,340242.0,15,3,0.6193209539092763,-1.107143475688324,4.444444444444451,-0.6057100640100233,15거래일 관찰 완료,15,-5.455548765207974,-11.70212765957447,2026-06-09,확인,19,1,9,False,0,False,12,True,0,0,0.631578947368421,"네이버 인링크(CP) 관측(oid=008) · 네이버 인링크(CP) 관측(oid=011) · 네이버 인링크(CP) 관측(oid=018) · 네이버 인링크(CP) 관측(oid=277) · 네이버 인링크(CP) 관측(oid=293) · 미분류: 포털 CP 미등재 + 네이버 인링크 미관측(조회 2026-07) · 포털 CP 등재(다음 news.daum.net/cplist·네이트 경제 CP, 조회 2026-07)","보조지표(2026-06 표본 예측력 약함 r≈0.02, 재검증 대상; 단독 사용 안 함, 타깃광고 경계에서만 보조)",관찰 기간 내 공시 확인,5,True,2,False,False,False,False,False,False,False,False,False,False,특이 패턴 미관찰,복수 Telegram 채널 언급; 중요 공시 후보 제목 관찰
EVT-F1EF86522F,073570,리튬포어스,2026-06-09 07:02:02+09:00,2026-06-09 07:02:02+09:00,2026-06-09 08:54:21+09:00,2,2,crioppstockfree; jeilstock,KOSDAQ,19247687472,확인,장전,356690.8333333333,182407.0,12,3,0.2751758430323398,-1.720247857601639,0.9685230024213176,-5.141626125349818,15거래일 관찰 완료,15,-17.06335674374916,-24.41247002398082,2026-06-09,확인,33,4,23,False,0,True,19,True,2,4,0.7272727272727273,"네이버 인링크(CP) 관측(oid=008) · 네이버 인링크(CP) 관측(oid=015) · 네이버 인링크(CP) 관측(oid=016) · 네이버 인링크(CP) 관측(oid=031) · 네이버 인링크(CP) 관측(oid=081) · 네이버 인링크(CP) 관측(oid=374) · 미분류: 포털 CP 미등재 + 네이버 인링크 미관측(조회 2026-07) · 포털 CP 등재(다음 news.daum.net/cplist·네이트 경제 CP, 조회 2026-07)","보조지표(2026-06 표본 예측력 약함 r≈0.02, 재검증 대상; 단독 사용 안 함, 타깃광고 경계에서만 보조)",관찰 기간 내 공시 미확인,0,False,0,False,False,False,False,True,True,False,False,False,False,특이 패턴 미관찰,언급 후 코스닥 대비 하락; 언급 후 고점 대비 큰 하락; 복수 Telegram 채널 언급; 보도자료성 표현 관찰; 관찰 기간 내 공시 미확인
EVT-ED685B666B,037400,우리엔터프라이즈,2026-06-09 07:02:09+09:00,2026-06-09 07:02:09+09:00,2026-06-09 07:02:09+09:00,1,1,crioppstockfree,KOSDAQ,18487458930,확인,장전,108353.0666666667,72713.0,15,3,4.473312887654203,2.074875703009094,-0.5714285714285672,-6.761972685364414,15거래일 관찰 완료,15,-22.48136716299997,-27.81609195402299,2026-06-09,기사 미확인,0,0,0,False,0,False,0,False,0,0,0.0,,"보조지표(2026-06 표본 예측력 약함 r≈0.02, 재검증 대상; 단독 사용 안 함, 타깃광고 경계에서만 보조)",관찰 기간 내 공시 확인,3,False,0,True,False,True,False,True,True,False,False,False,False,특이 패턴 미관찰,기준 중앙값 대비 거래량 이상; 언급 후 코스닥 대비 하락; 언급 후 고점 대비 큰 하락; 관찰 기간 내 공시 확인; 뉴스: 기사 미확인
EVT-1D02B24D6A,087260,모바일어플라이언스,2026-06-09 07:02:09+09:00,2026-06-09 07:02:09+09:00,2026-06-11 11:00:33+09:00,6,3,crioppstockfree; mbngoldcsi; numt7777,KOSDAQ,8040556667,확인,장전,2111581.2,1654060.0,15,3,1.529206316578601,0.6926840708223538,-13.38983050847458,-17.80506438200842,15거래일 관찰 완료,15,-18.60893718080796,-52.21674876847291,2026-06-09,확인,46,9,2,False,0,True,25,True,2,10,0.7391304347826086,"네이버 인링크(CP) 관측(oid=014) · 네이버 인링크(CP) 관측(oid=018) · 네이버 인링크(CP) 관측(oid=081) · 미분류: 포털 CP 미등재 + 네이버 인링크 미관측(조회 2026-07) · 포털 CP 등재(다음 news.daum.net/cplist·네이트 경제 CP, 조회 2026-07)","보조지표(2026-06 표본 예측력 약함 r≈0.02, 재검증 대상; 단독 사용 안 함, 타깃광고 경계에서만 보조)",관찰 기간 내 공시 확인,10,True,2,False,False,False,False,True,True,False,False,False,False,특이 패턴 미관찰,언급 후 코스닥 대비 하락; 언급 후 고점 대비 큰 하락; 복수 Telegram 채널 언급; 보도자료성 표현 관찰; 중요 공시 후보 제목 관찰
EVT-86D0AD00F0,153490,우리이앤엘하루틴,2026-06-09 07:02:09+09:00,2026-06-09 07:02:09+09:00,2026-06-09 07:02:09+09:00,1,1,crioppstockfree,KOSDAQ,22702680000,확인,장전,204554.0,134499.0,15,3,1.977962661432427,2.11820235103672,2.183406113537112,-3.105190205411579,15거래일 관찰 완료,15,-28.14105868476044,-33.47578347578347,2026-06-09,확인,37,2,18,False,0,False,24,True,0,0,0.8378378378378378,"네이버 인링크(CP) 관측(oid=003) · 네이버 인링크(CP) 관측(oid=018) · 네이버 인링크(CP) 관측(oid=030) · 네이버 인링크(CP) 관측(oid=092) · 미분류: 포털 CP 미등재 + 네이버 인링크 미관측(조회 2026-07) · 포털 CP 등재(다음 news.daum.net/cplist·네이트 경제 CP, 조회 2026-07)","보조지표(2026-06 표본 예측력 약함 r≈0.02, 재검증 대상; 단독 사용 안 함, 타깃광고 경계에서만 보조)",관찰 기간 내 공시 확인,3,False,0,False,False,False,False,True,True,False,False,False,False,특이 패턴 미관찰,언급 후 코스닥 대비 하락; 언급 후 고점 대비 큰 하락; 관찰 기간 내 공시 확인
EVT-B460FF8C2A,223310,사토시홀딩스,2026-06-09 07:02:09+09:00,2026-06-09 07:02:09+09:00,2026-06-09 07:02:09+09:00,1,1,crioppstockfree,KOSDAQ,20532312690,확인,장전,406532.2,163490.0,15,3,0.7298917364976452,-0.3202411693553346,3.762376237623766,-2.428167876312082,15거래일 관찰 완료,15,-20.42863398760293,-27.67175572519084,2026-06-09,확인,44,8,20,False,0,True,22,True,2,0,0.7954545454545454,"네이버 인링크(CP) 관측(oid=003) · 네이버 인링크(CP) 관측(oid=008) · 네이버 인링크(CP) 관측(oid=016) · 네이버 인링크(CP) 관측(oid=018) · 네이버 인링크(CP) 관측(oid=031) · 네이버 인링크(CP) 관측(oid=277) · 네이버 인링크(CP) 관측(oid=293) · 미분류: 포털 CP 미등재 + 네이버 인링크 미관측(조회 2026-07) · 포털 CP 등재(다음 news.daum.net/cplist·네이트 경제 CP, 조회 2026-07)","보조지표(2026-06 표본 예측력 약함 r≈0.02, 재검증 대상; 단독 사용 안 함, 타깃광고 경계에서만 보조)",관찰 기간 내 공시 확인,2,False,0,False,False,False,False,True,True,False,False,False,False,특이 패턴 미관찰,언급 후 코스닥 대비 하락; 언급 후 고점 대비 큰 하락; 보도자료성 표현 관찰; 관찰 기간 내 공시 확인
EVT-FFC4328B42,227610,아우딘퓨쳐스,2026-06-09 07:02:09+09:00,2026-06-09 07:02:09+09:00,2026-06-09 07:02:09+09:00,1,1,crioppstockfree,KOSDAQ,26252543705,확인,장전,232527.8571428571,158437.0,7,3,0.4597474074868875,-1.01866091017691,10.20833333333333,0.8226696767209116,15거래일 관찰 완료,15,-15.35844544343161,-26.46502835538752,2026-06-09,확인,33,4,23,False,0,False,16,True,0,1,0.7878787878787878,네이버 인링크(CP) 관측(oid=008) · 네이버 인링크(CP) 관측(oid=011) · 네이버 인링크(CP) 관측(oid=018) · 네이버 인링크(CP) 관측(oid=081) · 미분류: 포털 CP 미등재 + 네이버 인링크 미관측(조회 2026-07),"보조지표(2026-06 표본 예측력 약함 r≈0.02, 재검증 대상; 단독 사용 안 함, 타깃광고 경계에서만 보조)",관찰 기간 내 공시 확인,2,True,1,False,False,False,False,True,True,False,False,False,False,특이 패턴 미관찰,언급 후 코스닥 대비 하락; 언급 후 고점 대비 큰 하락; 중요 공시 후보 제목 관찰
EVT-6CCDD2CB50,079950,인베니아,2026-06-09 11:29:34+09:00,2026-06-09 11:29:34+09:00,2026-06-09 12:17:38+09:00,2,2,crioppstockfree; mbngoldcsi,KOSDAQ,14558050500,확인,장중,337465.3333333333,270335.0,15,3,0.4898329850000925,-1.072295629701168,6.969376979936648,0.7788328660008004,15거래일 관찰 완료,15,6.025741572859166,-13.14338235294118,2026-06-09,확인,24,1,7,False,2,False,15,True,0,0,0.8333333333333334,"네이버 인링크(CP) 관측(oid=011) · 네이버 인링크(CP) 관측(oid=016) · 네이버 인링크(CP) 관측(oid=018) · 미분류: 포털 CP 미등재 + 네이버 인링크 미관측(조회 2026-07) · 포털 CP 등재(다음 news.daum.net/cplist·네이트 경제 CP, 조회 2026-07)","보조지표(2026-06 표본 예측력 약함 r≈0.02, 재검증 대상; 단독 사용 안 함, 타깃광고 경계에서만 보조)",관찰 기간 내 공시 미확인,0,False,0,False,False,False,False,False,False,False,False,False,False,특이 패턴 미관찰,복수 Telegram 채널 언급; 유사 기사 반복 관찰; 관찰 기간 내 공시 미확인
EVT-DE71EEB6CC,137940,넥스트아이,2026-06-09 11:29:34+09:00,2026-06-09 11:29:34+09:00,2026-06-09 19:35:59+09:00,2,1,crioppstockfree,KOSDAQ,17927487900,확인,장중,130362.0,75567.5,8,3,0.3862639362159658,-1.169930142685583,10.2905569007264,2.344564844901931,15거래일 관찰 완료,15,13.53327470736435,-22.05182443151772,2026-06-09,기사 미확인,0,0,0,False,0,False,0,False,0,0,0.0,,"보조지표(2026-06 표본 예측력 약함 r≈0.02, 재검증 대상; 단독 사용 안 함, 타깃광고 경계에서만 보조)",관찰 기간 내 공시 미확인,0,False,0,False,False,False,False,False,True,False,False,False,False,특이 패턴 미관찰,언급 후 고점 대비 큰 하락; 관찰 기간 내 공시 미확인; 뉴스: 기사 미확인
EVT-EF64777832,378800,샤페론,2026-06-09 11:29:34+09:00,2026-06-09 11:29:34+09:00,2026-06-12 07:02:54+09:00,6,2,crioppstockfree; mbngoldcsi,KOSDAQ,23768917934,확인,장중,647129.4,627887.0,15,3,1.208137770012757,0.5574975272252837,10.59670781893005,3.17159580375963,15거래일 관찰 완료,15,-46.87599957398167,-60.92307692307693,2026-06-09,기사 미확인,0,0,0,False,0,False,0,False,0,0,0.0,,"보조지표(2026-06 표본 예측력 약함 r≈0.02, 재검증 대상; 단독 사용 안 함, 타깃광고 경계에서만 보조)",관찰 기간 내 공시 확인,1,False,0,False,False,False,False,True,True,False,False,False,False,특이 패턴 미관찰,언급 후 코스닥 대비 하락; 언급 후 고점 대비 큰 하락; 복수 Telegram 채널 언급; 관찰 기간 내 공시 확인; 뉴스: 기사 미확인
EVT-22553DD722,367000,플래티어,2026-06-09 11:29:46+09:00,2026-06-09 11:29:46+09:00,2026-06-09 19:30:43+09:00,2,1,crioppstockfree,KOSDAQ,24116095125,확인,장중,13926.93333333333,11124.0,15,3,3.236066163250629,1.299598879421393,4.73684210526315,0.321608231729309,15거래일 관찰 완료,15,4.82014503116025,-13.57615894039735,2026-06-09,확인,58,10,27,False,6,True,29,True,2,0,0.5517241379310345,"네이버 인링크(CP) 관측(oid=003) · 네이버 인링크(CP) 관측(oid=018) · 네이버 인링크(CP) 관측(oid=030) · 네이버 인링크(CP) 관측(oid=092) · 네이버 인링크(CP) 관측(oid=138) · 네이버 인링크(CP) 관측(oid=277) · 미분류: 포털 CP 미등재 + 네이버 인링크 미관측(조회 2026-07) · 포털 CP 등재(다음 news.daum.net/cplist·네이트 경제 CP, 조회 2026-07)","보조지표(2026-06 표본 예측력 약함 r≈0.02, 재검증 대상; 단독 사용 안 함, 타깃광고 경계에서만 보조)",관찰 기간 내 공시 확인,2,True,1,True,False,True,False,False,False,False,False,False,False,특이 패턴 미관찰,기준 중앙값 대비 거래량 이상; 유사 기사 반복 관찰; 보도자료성 표현 관찰; 중요 공시 후보 제목 관찰
EVT-006099FEB1,210120,캔버스엔,2026-06-09 15:00:26+09:00,2026-06-09 15:00:26+09:00,2026-06-10 08:57:17+09:00,3,3,crioppstockfree; jeilstock; numt7777,KOSDAQ,22540854540,확인,장중,556644.4666666667,351141.0,15,1,10.9709290569885,6.207419451314014,-29.06178489702517,-33.47701877055901,15거래일 관찰 완료,15,5.334724791023026,0.0,2026-06-09,확인,23,5,17,False,2,True,16,True,0,4,0.5652173913043478,"네이버 인링크(CP) 관측(oid=008) · 네이버 인링크(CP) 관측(oid=009) · 네이버 인링크(CP) 관측(oid=018) · 네이버 인링크(CP) 관측(oid=081) · 네이버 인링크(CP) 관측(oid=277) · 네이버 인링크(CP) 관측(oid=293) · 미분류: 포털 CP 미등재 + 네이버 인링크 미관측(조회 2026-07) · 포털 CP 등재(다음 news.daum.net/cplist·네이트 경제 CP, 조회 2026-07)","보조지표(2026-06 표본 예측력 약함 r≈0.02, 재검증 대상; 단독 사용 안 함, 타깃광고 경계에서만 보조)",관찰 기간 내 공시 확인,3,True,1,True,True,True,False,False,False,False,False,False,False,특이 패턴 미관찰,기준 중앙값 대비 거래량 이상; MAD 기준 거래량 이상치; 복수 Telegram 채널 언급; 유사 기사 반복 관찰; 보도자료성 표현 관찰; 중요 공시 후보 제목 관찰
EVT-E32B8407AA,032790,엠젠솔루션,2026-06-09 20:23:31+09:00,2026-06-09 20:23:31+09:00,2026-06-09 20:23:31+09:00,1,1,mbngoldcsi,KOSDAQ,23368896460,확인,장후,416247.3333333333,375949.0,9,3,1.173207004141519,0.1564279820449405,16.39610389610389,10.95218391717703,15거래일 관찰 완료,15,-19.29662019343726,-28.10320781032079,2026-06-10,확인,12,0,7,False,0,False,9,True,0,1,0.75,"네이버 인링크(CP) 관측(oid=018) · 네이버 인링크(CP) 관측(oid=277) · 미분류: 포털 CP 미등재 + 네이버 인링크 미관측(조회 2026-07) · 포털 CP 등재(다음 news.daum.net/cplist·네이트 경제 CP, 조회 2026-07)","보조지표(2026-06 표본 예측력 약함 r≈0.02, 재검증 대상; 단독 사용 안 함, 타깃광고 경계에서만 보조)",관찰 기간 내 공시 확인,3,True,2,False,False,False,True,True,True,False,False,False,False,특이 패턴 미관찰,코스닥 대비 단기 초과상승; 언급 후 코스닥 대비 하락; 언급 후 고점 대비 큰 하락; 중요 공시 후보 제목 관찰
EVT-BA6F934B3B,054090,삼진엘앤디,2026-06-09 20:23:31+09:00,2026-06-09 20:23:31+09:00,2026-06-10 11:35:43+09:00,3,2,crioppstockfree; mbngoldcsi,KOSDAQ,22413390336,확인,장후,227532.6666666667,256150.0,15,3,1.159176263907866,0.3193546268941671,6.561085972850678,6.649191314569847,15거래일 관찰 완료,15,11.50072883114887,-6.031746031746033,2026-06-10,확인,29,14,10,False,2,False,17,True,0,0,0.7931034482758621,"네이버 인링크(CP) 관측(oid=003) · 네이버 인링크(CP) 관측(oid=018) · 네이버 인링크(CP) 관측(oid=030) · 네이버 인링크(CP) 관측(oid=374) · 미분류: 포털 CP 미등재 + 네이버 인링크 미관측(조회 2026-07) · 포털 CP 등재(다음 news.daum.net/cplist·네이트 경제 CP, 조회 2026-07)","보조지표(2026-06 표본 예측력 약함 r≈0.02, 재검증 대상; 단독 사용 안 함, 타깃광고 경계에서만 보조)",관찰 기간 내 공시 확인,3,True,3,False,False,False,False,False,False,False,False,False,False,특이 패턴 미관찰,복수 Telegram 채널 언급; 유사 기사 반복 관찰; 중요 공시 후보 제목 관찰
EVT-89188E5D68,291810,핀텔,2026-06-09 20:23:31+09:00,2026-06-09 20:23:31+09:00,2026-06-12 07:02:54+09:00,4,2,crioppstockfree; mbngoldcsi,KOSDAQ,16041252632,확인,장후,1219541.066666667,200920.0,15,3,34.5379952219789,2.769730114396349,3.513174404015063,5.184990152974045,15거래일 관찰 완료,15,-17.71935998807788,-48.72727272727273,2026-06-10,확인,65,28,20,False,2,True,31,True,5,6,0.7538461538461538,"네이버 인링크(CP) 관측(oid=003) · 네이버 인링크(CP) 관측(oid=014) · 네이버 인링크(CP) 관측(oid=025) · 네이버 인링크(CP) 관측(oid=031) · 네이버 인링크(CP) 관측(oid=081) · 미분류: 포털 CP 미등재 + 네이버 인링크 미관측(조회 2026-07) · 포털 CP 등재(다음 news.daum.net/cplist·네이트 경제 CP, 조회 2026-07)","보조지표(2026-06 표본 예측력 약함 r≈0.02, 재검증 대상; 단독 사용 안 함, 타깃광고 경계에서만 보조)",관찰 기간 내 공시 확인,1,False,0,True,False,True,False,True,True,False,False,False,False,특이 패턴 미관찰,기준 중앙값 대비 거래량 이상; 언급 후 코스닥 대비 하락; 언급 후 고점 대비 큰 하락; 복수 Telegram 채널 언급; 유사 기사 반복 관찰; 보도자료성 표현 관찰; 관찰 기간 내 공시 확인
EVT-C20495A8A9,383930,디티앤씨알오,2026-06-09 20:23:31+09:00,2026-06-09 20:23:31+09:00,2026-06-09 20:23:31+09:00,1,1,mbngoldcsi,KOSDAQ,22193246208,확인,장후,441235.8666666666,309314.0,15,3,0.8643966972073686,-0.1622272942884988,6.800000000000006,0.4723117140761124,15거래일 관찰 완료,15,-23.28645955517745,-45.69288389513109,2026-06-10,확인,64,15,15,False,13,False,35,True,0,1,0.75,"네이버 인링크(CP) 관측(oid=008) · 네이버 인링크(CP) 관측(oid=014) · 네이버 인링크(CP) 관측(oid=015) · 네이버 인링크(CP) 관측(oid=018) · 네이버 인링크(CP) 관측(oid=296) · 네이버 인링크(CP) 관측(oid=421) · 네이버 인링크(CP) 관측(oid=629) · 네이버 인링크(CP) 관측(oid=648) · 미분류: 포털 CP 미등재 + 네이버 인링크 미관측(조회 2026-07) · 포털 CP 등재(다음 news.daum.net/cplist·네이트 경제 CP, 조회 2026-07)","보조지표(2026-06 표본 예측력 약함 r≈0.02, 재검증 대상; 단독 사용 안 함, 타깃광고 경계에서만 보조)",캐시 범위 부족,0,False,0,False,False,False,False,True,True,False,False,False,False,특이 패턴 미관찰,언급 후 코스닥 대비 하락; 언급 후 고점 대비 큰 하락; 유사 기사 반복 관찰; 캐시 범위 부족
EVT-5685B438D3,418620,E8,2026-06-09 20:23:31+09:00,2026-06-09 20:23:31+09:00,2026-06-10 07:01:27+09:00,2,2,crioppstockfree; mbngoldcsi,KOSDAQ,13895333900,확인,장후,178745.4666666667,149339.0,15,3,12.05884598129089,5.760195858244002,-0.09191176470588758,1.579903984253095,15거래일 관찰 완료,15,-24.06169780971653,-29.567519858782,2026-06-10,확인,63,17,10,False,8,True,34,True,1,0,0.7301587301587301,"네이버 인링크(CP) 관측(oid=003) · 네이버 인링크(CP) 관측(oid=018) · 네이버 인링크(CP) 관측(oid=023) · 네이버 인링크(CP) 관측(oid=030) · 네이버 인링크(CP) 관측(oid=366) · 미분류: 포털 CP 미등재 + 네이버 인링크 미관측(조회 2026-07) · 포털 CP 등재(다음 news.daum.net/cplist·네이트 경제 CP, 조회 2026-07)","보조지표(2026-06 표본 예측력 약함 r≈0.02, 재검증 대상; 단독 사용 안 함, 타깃광고 경계에서만 보조)",관찰 기간 내 공시 확인,2,False,0,True,True,True,False,True,True,False,False,False,False,특이 패턴 미관찰,기준 중앙값 대비 거래량 이상; MAD 기준 거래량 이상치; 언급 후 코스닥 대비 하락; 언급 후 고점 대비 큰 하락; 복수 Telegram 채널 언급; 유사 기사 반복 관찰; 보도자료성 표현 관찰; 관찰 기간 내 공시 확인
EVT-9530FCDFE1,239610,에이치엘사이언스,2026-06-09 21:30:40+09:00,2026-06-09 21:30:40+09:00,2026-06-09 21:30:40+09:00,1,1,crioppstockfree,KOSDAQ,29602711350,확인,장후,3152.6,2541.0,15,3,2.926013380558835,1.719386189665353,-3.198653198653201,-1.526837449694218,15거래일 관찰 완료,15,-4.963101753558774,-10.69609507640068,2026-06-10,확인,19,4,9,False,0,False,8,True,0,0,0.9473684210526315,네이버 인링크(CP) 관측(oid=015) · 미분류: 포털 CP 미등재 + 네이버 인링크 미관측(조회 2026-07),"보조지표(2026-06 표본 예측력 약함 r≈0.02, 재검증 대상; 단독 사용 안 함, 타깃광고 경계에서만 보조)",관찰 기간 내 공시 미확인,0,False,0,False,False,False,False,False,False,False,False,False,False,특이 패턴 미관찰,관찰 기간 내 공시 미확인
EVT-3044389707,304840,피플바이오,2026-06-10 07:01:27+09:00,2026-06-10 07:01:27+09:00,2026-06-10 21:44:58+09:00,3,1,crioppstockfree,KOSDAQ,16367804180,확인,장전,764422.8666666667,230568.0,15,3,0.4688204781235905,-0.5095791119850003,1.818181818181808,-1.998754033760908,15거래일 관찰 완료,15,-12.25959426360628,-23.41269841269841,2026-06-10,확인,12,0,0,False,0,False,8,True,0,0,0.5,"네이버 인링크(CP) 관측(oid=018) · 네이버 인링크(CP) 관측(oid=088) · 미분류: 포털 CP 미등재 + 네이버 인링크 미관측(조회 2026-07) · 포털 CP 등재(다음 news.daum.net/cplist·네이트 경제 CP, 조회 2026-07)","보조지표(2026-06 표본 예측력 약함 r≈0.02, 재검증 대상; 단독 사용 안 함, 타깃광고 경계에서만 보조)",관찰 기간 내 공시 확인,3,False,0,False,False,False,False,True,True,False,False,False,False,특이 패턴 미관찰,언급 후 코스닥 대비 하락; 언급 후 고점 대비 큰 하락; 관찰 기간 내 공시 확인
EVT-4557A005B7,312610,에이에프더블류,2026-06-10 10:00:27+09:00,2026-06-10 10:00:27+09:00,2026-06-10 11:00:30+09:00,2,1,numt7777,KOSDAQ,8426865408,확인,장중,63532.73333333333,41432.0,15,3,10.72818111604557,3.632102112856372,-15.07607192254495,-13.6808813464767,15거래일 관찰 완료,15,38.61575587644975,-43.28358208955224,2026-06-10,확인,23,4,10,False,0,False,10,True,0,1,0.9130434782608695,네이버 인링크(CP) 관측(oid=081) · 네이버 인링크(CP) 관측(oid=088) · 미분류: 포털 CP 미등재 + 네이버 인링크 미관측(조회 2026-07),"보조지표(2026-06 표본 예측력 약함 r≈0.02, 재검증 대상; 단독 사용 안 함, 타깃광고 경계에서만 보조)",관찰 기간 내 공시 미확인,0,False,0,True,True,True,False,False,True,False,False,False,False,특이 패턴 미관찰,기준 중앙값 대비 거래량 이상; MAD 기준 거래량 이상치; 언급 후 고점 대비 큰 하락; 관찰 기간 내 공시 미확인
EVT-5C73B972D9,387570,파인메딕스,2026-06-10 11:37:54+09:00,2026-06-10 11:37:54+09:00,2026-06-11 11:53:51+09:00,2,1,crioppstockfree,KOSDAQ,22447341000,확인,장중,10685.2,10586.0,15,3,1.679198941998866,1.143183775898654,1.669449081802998,-0.6654129655652263,15거래일 관찰 완료,15,-14.58183085054874,-24.65116279069768,2026-06-10,확인,17,15,0,True,3,False,15,True,0,0,0.5882352941176471,네이버 인링크(CP) 관측(oid=008) · 네이버 인링크(CP) 관측(oid=011) · 네이버 인링크(CP) 관측(oid=015) · 네이버 인링크(CP) 관측(oid=018) · 네이버 인링크(CP) 관측(oid=088) · 네이버 인링크(CP) 관측(oid=277) · 미분류: 포털 CP 미등재 + 네이버 인링크 미관측(조회 2026-07),"보조지표(2026-06 표본 예측력 약함 r≈0.02, 재검증 대상; 단독 사용 안 함, 타깃광고 경계에서만 보조)",관찰 기간 내 공시 미확인,0,False,0,False,False,False,False,True,True,False,False,False,False,특이 패턴 미관찰,언급 후 코스닥 대비 하락; 언급 후 고점 대비 큰 하락; 언급 시점 뉴스 집중; 유사 기사 반복 관찰; 관찰 기간 내 공시 미확인
EVT-027880E98F,317120,라닉스,2026-06-10 11:39:35+09:00,2026-06-10 11:39:35+09:00,2026-06-10 21:44:58+09:00,2,1,crioppstockfree,KOSDAQ,19395460000,확인,장중,378822.0666666667,303333.0,15,3,0.4569433592784168,-0.9938122084919765,-0.5927682276229973,-3.129606894787318,15거래일 관찰 완료,15,-8.181792532702202,-20.02355712603062,2026-06-10,확인,18,7,5,False,0,True,5,True,1,0,0.9444444444444444,네이버 인링크(CP) 관측(oid=293) · 미분류: 포털 CP 미등재 + 네이버 인링크 미관측(조회 2026-07),"보조지표(2026-06 표본 예측력 약함 r≈0.02, 재검증 대상; 단독 사용 안 함, 타깃광고 경계에서만 보조)",관찰 기간 내 공시 미확인,0,False,0,False,False,False,False,False,True,False,False,False,False,특이 패턴 미관찰,언급 후 고점 대비 큰 하락; 보도자료성 표현 관찰; 관찰 기간 내 공시 미확인
EVT-737D1E25C4,095910,에스에너지,2026-06-10 15:34:32+09:00,2026-06-10 15:34:32+09:00,2026-06-10 23:09:41+09:00,2,1,selfstudyview,KOSDAQ,27487821933,확인,장후,1492445.666666667,831811.0,15,3,1.640830669466982,1.077806061500315,2.080123266563949,-2.680130193289143,15거래일 관찰 완료,15,-26.25965714744266,-40.48852701702442,2026-06-11,확인,30,13,5,False,0,True,18,True,0,1,0.8666666666666667,"네이버 인링크(CP) 관측(oid=081) · 네이버 인링크(CP) 관측(oid=277) · 네이버 인링크(CP) 관측(oid=374) · 미분류: 포털 CP 미등재 + 네이버 인링크 미관측(조회 2026-07) · 포털 CP 등재(다음 news.daum.net/cplist·네이트 경제 CP, 조회 2026-07)","보조지표(2026-06 표본 예측력 약함 r≈0.02, 재검증 대상; 단독 사용 안 함, 타깃광고 경계에서만 보조)",관찰 기간 내 공시 미확인,0,False,0,False,False,False,False,True,True,False,False,False,False,특이 패턴 미관찰,언급 후 코스닥 대비 하락; 언급 후 고점 대비 큰 하락; 보도자료성 표현 관찰; 관찰 기간 내 공시 미확인
EVT-86A913CF5A,016920,카스,2026-06-10 20:26:01+09:00,2026-06-10 20:26:01+09:00,2026-06-11 07:02:08+09:00,2,2,crioppstockfree; mbngoldcsi,KOSDAQ,26758473380,확인,장후,77043.2,77348.0,15,3,22.31406112633811,6.898920000175616,9.013398294762487,0.3545708092902,15거래일 관찰 완료,15,25.44204995049085,-4.807692307692313,2026-06-11,기사 미확인,0,0,0,False,0,False,0,False,0,0,0.0,,"보조지표(2026-06 표본 예측력 약함 r≈0.02, 재검증 대상; 단독 사용 안 함, 타깃광고 경계에서만 보조)",관찰 기간 내 공시 확인,2,True,2,True,True,True,False,False,False,False,False,False,False,특이 패턴 미관찰,기준 중앙값 대비 거래량 이상; MAD 기준 거래량 이상치; 복수 Telegram 채널 언급; 중요 공시 후보 제목 관찰; 뉴스: 기사 미확인
EVT-DF4D498A61,254120,자비스,2026-06-10 20:26:01+09:00,2026-06-10 20:26:01+09:00,2026-06-10 20:26:01+09:00,1,1,mbngoldcsi,KOSDAQ,24695678810,확인,장후,327374.0,332421.0,15,3,0.512344286311635,-2.155708498964101,4.153686396677059,-3.981828456784897,15거래일 관찰 완료,15,-2.011667503226599,-31.50548354935194,2026-06-11,기사 미확인,0,0,0,False,0,False,0,False,0,0,0.0,,"보조지표(2026-06 표본 예측력 약함 r≈0.02, 재검증 대상; 단독 사용 안 함, 타깃광고 경계에서만 보조)",관찰 기간 내 공시 미확인,0,False,0,False,False,False,False,False,True,False,False,False,False,특이 패턴 미관찰,언급 후 고점 대비 큰 하락; 관찰 기간 내 공시 미확인; 뉴스: 기사 미확인
EVT-8475D2FB08,352940,인바이오,2026-06-10 21:44:58+09:00,2026-06-10 21:44:58+09:00,2026-06-10 21:44:58+09:00,1,1,crioppstockfree,KOSDAQ,21789798650,확인,장후,23156.13333333334,21788.0,15,3,1.539608959060033,0.8461139004164695,3.456913827655317,-4.309351656245886,15거래일 관찰 완료,15,12.81172101093498,-4.534606205250602,2026-06-11,확인,23,8,4,False,2,False,13,True,0,0,0.5652173913043478,"네이버 인링크(CP) 관측(oid=003) · 네이버 인링크(CP) 관측(oid=011) · 네이버 인링크(CP) 관측(oid=018) · 네이버 인링크(CP) 관측(oid=277) · 미분류: 포털 CP 미등재 + 네이버 인링크 미관측(조회 2026-07) · 포털 CP 등재(다음 news.daum.net/cplist·네이트 경제 CP, 조회 2026-07)","보조지표(2026-06 표본 예측력 약함 r≈0.02, 재검증 대상; 단독 사용 안 함, 타깃광고 경계에서만 보조)",관찰 기간 내 공시 확인,3,False,0,False,False,False,False,False,False,False,False,False,False,특이 패턴 미관찰,유사 기사 반복 관찰; 관찰 기간 내 공시 확인
EVT-8F26537B1E,032800,판타지오,2026-06-11 07:02:02+09:00,2026-06-11 07:02:02+09:00,2026-06-11 07:02:02+09:00,1,1,crioppstockfree,KOSDAQ,20063050420,확인,장전,316113.3333333333,89915.0,15,3,1.037046099093588,0.05008951555830562,9.770114942528728,2.13629826428483,15거래일 관찰 완료,15,17.89980724695782,-14.46345256609643,2026-06-11,기사 미확인,0,0,0,False,0,False,0,False,0,0,0.0,,"보조지표(2026-06 표본 예측력 약함 r≈0.02, 재검증 대상; 단독 사용 안 함, 타깃광고 경계에서만 보조)",관찰 기간 내 공시 확인,2,False,0,False,False,False,False,False,False,False,False,False,False,특이 패턴 미관찰,관찰 기간 내 공시 확인; 뉴스: 기사 미확인
EVT-83674D1C9D,054780,키이스트,2026-06-11 07:02:08+09:00,2026-06-11 07:02:08+09:00,2026-06-11 07:02:08+09:00,1,1,crioppstockfree,KOSDAQ,23432089256,확인,장전,66477.06666666667,60377.0,15,3,1.350994584030343,0.650358738526289,5.533854166666674,-2.601660686795282,15거래일 관찰 완료,15,6.04930202563283,-25.33333333333333,2026-06-11,확인,29,0,0,False,2,False,10,True,0,0,0.9655172413793104,네이버 인링크(CP) 관측(oid=018) · 미분류: 포털 CP 미등재 + 네이버 인링크 미관측(조회 2026-07),"보조지표(2026-06 표본 예측력 약함 r≈0.02, 재검증 대상; 단독 사용 안 함, 타깃광고 경계에서만 보조)",관찰 기간 내 공시 확인,1,True,1,False,False,False,False,False,True,False,False,False,False,특이 패턴 미관찰,언급 후 고점 대비 큰 하락; 유사 기사 반복 관찰; 중요 공시 후보 제목 관찰
EVT-5FC0547E2A,298060,풍전약품,2026-06-11 07:02:08+09:00,2026-06-11 07:02:08+09:00,2026-06-11 07:02:08+09:00,1,1,crioppstockfree,KOSDAQ,22234197025,확인,장전,69910.46666666666,69209.0,15,3,0.5942146252655002,-0.7835988359951082,-3.000000000000003,-7.760253459853095,15거래일 관찰 완료,15,6.531887947545346,-15.12027491408935,2026-06-11,확인,29,10,12,False,0,True,15,True,1,0,0.896551724137931,"네이버 인링크(CP) 관측(oid=018) · 네이버 인링크(CP) 관측(oid=648) · 미분류: 포털 CP 미등재 + 네이버 인링크 미관측(조회 2026-07) · 포털 CP 등재(다음 news.daum.net/cplist·네이트 경제 CP, 조회 2026-07)","보조지표(2026-06 표본 예측력 약함 r≈0.02, 재검증 대상; 단독 사용 안 함, 타깃광고 경계에서만 보조)",관찰 기간 내 공시 확인,5,True,2,False,False,False,False,False,True,False,False,False,False,특이 패턴 미관찰,언급 후 고점 대비 큰 하락; 보도자료성 표현 관찰; 중요 공시 후보 제목 관찰
EVT-7658CE46F3,306040,에스제이그룹,2026-06-11 07:02:08+09:00,2026-06-11 07:02:08+09:00,2026-06-11 07:02:08+09:00,1,1,crioppstockfree,KOSDAQ,17265199000,확인,장전,347380.2666666667,216306.0,15,3,0.5171423816260298,-1.525661345992827,-3.532008830022071,-10.94126891239172,15거래일 관찰 완료,15,-6.844784783402702,-25.40045766590389,2026-06-11,확인,49,4,21,False,0,True,33,True,3,1,0.4897959183673469,"네이버 인링크(CP) 관측(oid=001) · 네이버 인링크(CP) 관측(oid=003) · 네이버 인링크(CP) 관측(oid=008) · 네이버 인링크(CP) 관측(oid=009) · 네이버 인링크(CP) 관측(oid=011) · 네이버 인링크(CP) 관측(oid=016) · 네이버 인링크(CP) 관측(oid=018) · 네이버 인링크(CP) 관측(oid=021) · 네이버 인링크(CP) 관측(oid=024) · 네이버 인링크(CP) 관측(oid=029) · 네이버 인링크(CP) 관측(oid=081) · 네이버 인링크(CP) 관측(oid=215) · 네이버 인링크(CP) 관측(oid=366) · 네이버 인링크(CP) 관측(oid=421) · 네이버 인링크(CP) 관측(oid=422) · 미분류: 포털 CP 미등재 + 네이버 인링크 미관측(조회 2026-07) · 포털 CP 등재(다음 news.daum.net/cplist·네이트 경제 CP, 조회 2026-07)","보조지표(2026-06 표본 예측력 약함 r≈0.02, 재검증 대상; 단독 사용 안 함, 타깃광고 경계에서만 보조)",관찰 기간 내 공시 확인,1,True,1,False,False,False,False,False,True,False,False,False,False,특이 패턴 미관찰,언급 후 고점 대비 큰 하락; 보도자료성 표현 관찰; 중요 공시 후보 제목 관찰
EVT-48A939E5A3,199480,뱅크웨어글로벌,2026-06-11 08:10:02+09:00,2026-06-11 08:10:02+09:00,2026-06-11 11:56:01+09:00,2,2,companyreport; crioppstockfree,KOSDAQ,27224889960,확인,장전,37630.26666666667,36076.0,15,3,1.260062091140925,0.4919311668880681,1.325478645066269,-5.496630484889908,15거래일 관찰 완료,15,0.7465575101912929,-20.57553956834532,2026-06-11,확인,63,1,3,False,18,False,49,True,0,0,0.746031746031746,"네이버 인링크(CP) 관측(oid=001) · 네이버 인링크(CP) 관측(oid=003) · 네이버 인링크(CP) 관측(oid=008) · 네이버 인링크(CP) 관측(oid=014) · 네이버 인링크(CP) 관측(oid=018) · 네이버 인링크(CP) 관측(oid=029) · 네이버 인링크(CP) 관측(oid=030) · 네이버 인링크(CP) 관측(oid=138) · 네이버 인링크(CP) 관측(oid=277) · 미분류: 포털 CP 미등재 + 네이버 인링크 미관측(조회 2026-07) · 포털 CP 등재(다음 news.daum.net/cplist·네이트 경제 CP, 조회 2026-07)","보조지표(2026-06 표본 예측력 약함 r≈0.02, 재검증 대상; 단독 사용 안 함, 타깃광고 경계에서만 보조)",관찰 기간 내 공시 확인,1,False,0,False,False,False,False,False,True,False,False,False,False,특이 패턴 미관찰,언급 후 고점 대비 큰 하락; 복수 Telegram 채널 언급; 유사 기사 반복 관찰; 관찰 기간 내 공시 확인
EVT-9E135C3DA0,340440,세림B&G,2026-06-11 09:14:20+09:00,2026-06-11 09:14:20+09:00,2026-06-11 09:14:23+09:00,2,2,moneypyp; stockteac,KOSDAQ,29967552384,확인,장중,509647.4,373119.0,15,3,7.526746158732201,4.365593583435819,-1.103230890464935,-6.415099795550494,15거래일 관찰 완료,15,-13.46133832789742,-26.93227091633467,2026-06-11,확인,7,1,0,False,0,False,6,True,0,0,0.8571428571428571,네이버 인링크(CP) 관측(oid=022) · 미분류: 포털 CP 미등재 + 네이버 인링크 미관측(조회 2026-07),"보조지표(2026-06 표본 예측력 약함 r≈0.02, 재검증 대상; 단독 사용 안 함, 타깃광고 경계에서만 보조)",관찰 기간 내 공시 미확인,0,False,0,True,True,True,False,True,True,False,False,False,False,특이 패턴 미관찰,기준 중앙값 대비 거래량 이상; MAD 기준 거래량 이상치; 언급 후 코스닥 대비 하락; 언급 후 고점 대비 큰 하락; 복수 Telegram 채널 언급; 관찰 기간 내 공시 미확인
EVT-213DEF42D2,012340,뉴인텍,2026-06-11 09:25:05+09:00,2026-06-11 09:25:05+09:00,2026-06-11 09:25:05+09:00,1,1,FastStockNews,KOSDAQ,14997650224,확인,장중,133306.2,107467.0,15,3,1.329347613686062,0.5310305068430377,8.078817733990151,-0.05669711947180467,15거래일 관찰 완료,15,-0.4317253969687069,-37.6551724137931,2026-06-11,확인,32,4,9,False,0,True,21,True,1,2,0.71875,"네이버 인링크(CP) 관측(oid=011) · 네이버 인링크(CP) 관측(oid=015) · 네이버 인링크(CP) 관측(oid=018) · 네이버 인링크(CP) 관측(oid=081) · 미분류: 포털 CP 미등재 + 네이버 인링크 미관측(조회 2026-07) · 포털 CP 등재(다음 news.daum.net/cplist·네이트 경제 CP, 조회 2026-07)","보조지표(2026-06 표본 예측력 약함 r≈0.02, 재검증 대상; 단독 사용 안 함, 타깃광고 경계에서만 보조)",관찰 기간 내 공시 확인,1,False,0,False,False,False,False,False,True,False,False,False,False,특이 패턴 미관찰,언급 후 고점 대비 큰 하락; 보도자료성 표현 관찰; 관찰 기간 내 공시 확인
EVT-099C27CBD2,115530,씨엔플러스,2026-06-11 11:00:33+09:00,2026-06-11 11:00:33+09:00,2026-06-11 11:00:33+09:00,1,1,numt7777,KOSDAQ,13979007513,확인,장중,114211.2727272727,74368.0,11,3,1.510609401893287,0.4604203062338513,5.241700640652303,-2.721814321821636,15거래일 관찰 완료,15,16.65698798049738,-17.01030927835051,2026-06-11,확인,15,6,3,False,2,False,8,True,0,0,0.7333333333333333,"네이버 인링크(CP) 관측(oid=003) · 네이버 인링크(CP) 관측(oid=008) · 네이버 인링크(CP) 관측(oid=366) · 미분류: 포털 CP 미등재 + 네이버 인링크 미관측(조회 2026-07) · 포털 CP 등재(다음 news.daum.net/cplist·네이트 경제 CP, 조회 2026-07)","보조지표(2026-06 표본 예측력 약함 r≈0.02, 재검증 대상; 단독 사용 안 함, 타깃광고 경계에서만 보조)",관찰 기간 내 공시 미확인,0,False,0,False,False,False,False,False,True,False,False,False,False,특이 패턴 미관찰,언급 후 고점 대비 큰 하락; 유사 기사 반복 관찰; 관찰 기간 내 공시 미확인
EVT-818385B490,039290,인포뱅크,2026-06-11 11:54:00+09:00,2026-06-11 11:54:00+09:00,2026-06-11 19:48:38+09:00,2,1,crioppstockfree,KOSDAQ,26951331800,확인,장중,28338.46666666667,20373.0,15,3,2.980709762921514,1.904919662379233,20.07366482504604,11.41483733957376,15거래일 관찰 완료,15,47.34681185525275,-10.98901098901099,2026-06-11,확인,43,9,21,False,0,False,24,True,0,0,0.7906976744186046,"네이버 인링크(CP) 관측(oid=008) · 네이버 인링크(CP) 관측(oid=011) · 네이버 인링크(CP) 관측(oid=016) · 네이버 인링크(CP) 관측(oid=018) · 네이버 인링크(CP) 관측(oid=030) · 네이버 인링크(CP) 관측(oid=092) · 네이버 인링크(CP) 관측(oid=215) · 네이버 인링크(CP) 관측(oid=481) · 미분류: 포털 CP 미등재 + 네이버 인링크 미관측(조회 2026-07) · 포털 CP 등재(다음 news.daum.net/cplist·네이트 경제 CP, 조회 2026-07)","보조지표(2026-06 표본 예측력 약함 r≈0.02, 재검증 대상; 단독 사용 안 함, 타깃광고 경계에서만 보조)",관찰 기간 내 공시 확인,2,True,1,False,False,False,True,False,False,False,False,False,False,특이 패턴 미관찰,코스닥 대비 단기 초과상승; 중요 공시 후보 제목 관찰
EVT-A95FB19070,131100,티엔엔터테인먼트,2026-06-11 11:55:04+09:00,2026-06-11 11:55:04+09:00,2026-06-11 11:55:04+09:00,1,1,mbngoldcsi,KOSDAQ,23669095416,확인,장중,74804.8,76627.0,15,3,0.757317916661229,-0.2949529577461146,13.93229166666667,5.273464181194388,15거래일 관찰 완료,15,8.381294613873447,-21.91323692992213,2026-06-11,확인,63,11,42,False,2,False,25,True,0,0,0.9047619047619048,"네이버 인링크(CP) 관측(oid=018) · 네이버 인링크(CP) 관측(oid=022) · 네이버 인링크(CP) 관측(oid=079) · 네이버 인링크(CP) 관측(oid=421) · 미분류: 포털 CP 미등재 + 네이버 인링크 미관측(조회 2026-07) · 포털 CP 등재(다음 news.daum.net/cplist·네이트 경제 CP, 조회 2026-07)","보조지표(2026-06 표본 예측력 약함 r≈0.02, 재검증 대상; 단독 사용 안 함, 타깃광고 경계에서만 보조)",관찰 기간 내 공시 확인,3,False,0,False,False,False,False,False,True,False,False,False,False,특이 패턴 미관찰,언급 후 고점 대비 큰 하락; 유사 기사 반복 관찰; 관찰 기간 내 공시 확인
EVT-13BCF8B0B5,039740,한국정보공학,2026-06-11 15:48:01+09:00,2026-06-11 15:48:01+09:00,2026-06-11 15:48:01+09:00,1,1,FastStockNews,KOSDAQ,24576386805,확인,장후,171312.8,87632.0,15,3,18.64587137118861,7.602552070683381,5.602240896358546,3.420543084074845,15거래일 관찰 완료,15,-4.335937924316024,-25.72944297082228,2026-06-12,확인,37,7,8,False,2,True,27,True,1,1,0.6216216216216216,네이버 인링크(CP) 관측(oid=008) · 네이버 인링크(CP) 관측(oid=015) · 네이버 인링크(CP) 관측(oid=018) · 네이버 인링크(CP) 관측(oid=020) · 네이버 인링크(CP) 관측(oid=025) · 네이버 인링크(CP) 관측(oid=030) · 네이버 인링크(CP) 관측(oid=092) · 네이버 인링크(CP) 관측(oid=138) · 네이버 인링크(CP) 관측(oid=366) · 미분류: 포털 CP 미등재 + 네이버 인링크 미관측(조회 2026-07),"보조지표(2026-06 표본 예측력 약함 r≈0.02, 재검증 대상; 단독 사용 안 함, 타깃광고 경계에서만 보조)",관찰 기간 내 공시 미확인,0,False,0,True,True,True,False,False,True,False,False,False,False,특이 패턴 미관찰,기준 중앙값 대비 거래량 이상; MAD 기준 거래량 이상치; 언급 후 고점 대비 큰 하락; 유사 기사 반복 관찰; 보도자료성 표현 관찰; 관찰 기간 내 공시 미확인
EVT-404C3EE9DE,020400,대동금속,2026-06-11 19:48:38+09:00,2026-06-11 19:48:38+09:00,2026-06-11 19:48:38+09:00,1,1,crioppstockfree,KOSDAQ,17986896240,확인,장후,71790.0,68571.0,15,3,1.762348514678217,2.360717141156443,6.270096463022501,4.0883986507388,15거래일 관찰 완료,15,15.45352868098535,-12.66568483063328,2026-06-12,기사 미확인,0,0,0,False,0,False,0,False,0,0,0.0,,"보조지표(2026-06 표본 예측력 약함 r≈0.02, 재검증 대상; 단독 사용 안 함, 타깃광고 경계에서만 보조)",관찰 기간 내 공시 확인,1,True,1,False,False,False,False,False,False,False,False,False,False,특이 패턴 미관찰,중요 공시 후보 제목 관찰; 뉴스: 기사 미확인
EVT-0F8228E7D9,078590,휴림에이텍,2026-06-11 20:56:21+09:00,2026-06-11 20:56:21+09:00,2026-06-11 20:56:21+09:00,1,1,crioppstockfree,KOSDAQ,19534006145,확인,장후,456867.0909090909,181000.0,11,3,0.8091436464088397,-0.2316827096546276,7.011070110701101,4.8293722984174,15거래일 관찰 완료,15,-8.56339849122132,-27.93103448275862,2026-06-12,확인,13,0,12,False,0,False,7,True,0,0,0.7692307692307693,네이버 인링크(CP) 관측(oid=031) · 네이버 인링크(CP) 관측(oid=293) · 네이버 인링크(CP) 관측(oid=366) · 미분류: 포털 CP 미등재 + 네이버 인링크 미관측(조회 2026-07),"보조지표(2026-06 표본 예측력 약함 r≈0.02, 재검증 대상; 단독 사용 안 함, 타깃광고 경계에서만 보조)",관찰 기간 내 공시 확인,4,False,0,False,False,False,False,False,True,False,False,False,False,특이 패턴 미관찰,언급 후 고점 대비 큰 하락; 관찰 기간 내 공시 확인
EVT-542172E9A0,188040,바이오포트,2026-06-11 20:56:21+09:00,2026-06-11 20:56:21+09:00,2026-06-11 20:56:21+09:00,1,1,crioppstockfree,KOSDAQ,24472780840,확인,장후,47249.6,17095.0,15,3,1.830710734132787,2.019761263312426,9.480122324159023,6.686803716768286,15거래일 관찰 완료,15,6.918925767210204,-21.04283054003724,2026-06-12,기사 미확인,0,0,0,False,0,False,0,False,0,0,0.0,,"보조지표(2026-06 표본 예측력 약함 r≈0.02, 재검증 대상; 단독 사용 안 함, 타깃광고 경계에서만 보조)",관찰 기간 내 공시 미확인,0,False,0,False,False,False,False,False,True,False,False,False,False,특이 패턴 미관찰,언급 후 고점 대비 큰 하락; 관찰 기간 내 공시 미확인; 뉴스: 기사 미확인
EVT-B240116147,238200,비피도,2026-06-11 20:56:21+09:00,2026-06-11 20:56:21+09:00,2026-06-11 20:56:21+09:00,1,1,crioppstockfree,KOSDAQ,20000100000,확인,장후,22051.2,22247.0,15,3,0.6880028767923765,-0.5848938344635415,5.020920502092041,2.839222689808341,15거래일 관찰 완료,15,16.65435588837384,-8.235294117647063,2026-06-12,확인,21,4,12,False,0,False,10,True,0,0,0.8095238095238095,네이버 인링크(CP) 관측(oid=215) · 네이버 인링크(CP) 관측(oid=346) · 네이버 인링크(CP) 관측(oid=422) · 네이버 인링크(CP) 관측(oid=654) · 미분류: 포털 CP 미등재 + 네이버 인링크 미관측(조회 2026-07),"보조지표(2026-06 표본 예측력 약함 r≈0.02, 재검증 대상; 단독 사용 안 함, 타깃광고 경계에서만 보조)",관찰 기간 내 공시 미확인,0,False,0,False,False,False,False,False,False,False,False,False,False,특이 패턴 미관찰,관찰 기간 내 공시 미확인
EVT-68A139B104,403490,우듬지팜,2026-06-11 20:56:21+09:00,2026-06-11 20:56:21+09:00,2026-06-12 18:05:02+09:00,2,2,companyreport; crioppstockfree,KOSDAQ,22736569680,확인,장후,428020.4,328699.0,15,3,0.7132726293660766,-0.9453784752436126,-2.737940026075625,-5.95983123207805,15거래일 관찰 완료,15,-12.80771601074574,-28.41823056300268,2026-06-12,확인,14,1,9,False,0,False,7,True,0,0,0.7857142857142857,"네이버 인링크(CP) 관측(oid=005) · 네이버 인링크(CP) 관측(oid=018) · 미분류: 포털 CP 미등재 + 네이버 인링크 미관측(조회 2026-07) · 포털 CP 등재(다음 news.daum.net/cplist·네이트 경제 CP, 조회 2026-07)","보조지표(2026-06 표본 예측력 약함 r≈0.02, 재검증 대상; 단독 사용 안 함, 타깃광고 경계에서만 보조)",관찰 기간 내 공시 확인,1,False,0,False,False,False,False,True,True,False,False,False,False,특이 패턴 미관찰,언급 후 코스닥 대비 하락; 언급 후 고점 대비 큰 하락; 복수 Telegram 채널 언급; 관찰 기간 내 공시 확인
EVT-6D615227B1,405000,플라즈맵,2026-06-11 20:56:21+09:00,2026-06-11 20:56:21+09:00,2026-06-11 20:56:21+09:00,1,1,crioppstockfree,KOSDAQ,14816393840,확인,장후,20009.8,14407.0,15,3,1.541750537932949,0.3659061258203595,11.53846153846154,8.316570332459117,15거래일 관찰 완료,15,-12.27995197918322,-29.00608519269777,2026-06-12,확인,32,1,26,False,4,False,20,True,0,3,0.75,"네이버 인링크(CP) 관측(oid=011) · 네이버 인링크(CP) 관측(oid=018) · 네이버 인링크(CP) 관측(oid=030) · 네이버 인링크(CP) 관측(oid=081) · 네이버 인링크(CP) 관측(oid=648) · 미분류: 포털 CP 미등재 + 네이버 인링크 미관측(조회 2026-07) · 포털 CP 등재(다음 news.daum.net/cplist·네이트 경제 CP, 조회 2026-07)","보조지표(2026-06 표본 예측력 약함 r≈0.02, 재검증 대상; 단독 사용 안 함, 타깃광고 경계에서만 보조)",관찰 기간 내 공시 확인,1,True,1,False,False,False,True,True,True,False,False,False,False,특이 패턴 미관찰,코스닥 대비 단기 초과상승; 언급 후 코스닥 대비 하락; 언급 후 고점 대비 큰 하락; 유사 기사 반복 관찰; 중요 공시 후보 제목 관찰
EVT-5D718A716A,464500,아이언디바이스,2026-06-11 20:56:21+09:00,2026-06-11 20:56:21+09:00,2026-06-11 20:56:21+09:00,1,1,crioppstockfree,KOSDAQ,23620627944,확인,장후,139340.6666666667,114525.0,15,3,1.427103252564942,0.9493413335389789,4.051172707889128,1.869474895605427,15거래일 관찰 완료,15,-2.867286716242003,-26.31147540983606,2026-06-12,확인,42,4,12,False,2,False,20,True,0,0,0.8571428571428571,"네이버 인링크(CP) 관측(oid=003) · 네이버 인링크(CP) 관측(oid=018) · 네이버 인링크(CP) 관측(oid=030) · 네이버 인링크(CP) 관측(oid=138) · 미분류: 포털 CP 미등재 + 네이버 인링크 미관측(조회 2026-07) · 포털 CP 등재(다음 news.daum.net/cplist·네이트 경제 CP, 조회 2026-07)","보조지표(2026-06 표본 예측력 약함 r≈0.02, 재검증 대상; 단독 사용 안 함, 타깃광고 경계에서만 보조)",관찰 기간 내 공시 미확인,0,False,0,False,False,False,False,False,True,False,False,False,False,특이 패턴 미관찰,언급 후 고점 대비 큰 하락; 유사 기사 반복 관찰; 관찰 기간 내 공시 미확인
EVT-5B84197A10,001000,신라섬유,2026-06-12 07:02:54+09:00,2026-06-12 07:02:54+09:00,2026-06-12 07:02:54+09:00,1,1,crioppstockfree,KOSDAQ,21024349640,확인,장전,1055574.0,44678.0,15,3,11.96515063342137,2.648860838282997,1.018181818181829,-2.203709387820596,15거래일 관찰 완료,15,4.163430318995598,-26.4,2026-06-12,확인,30,6,17,False,0,True,19,True,2,5,0.7333333333333333,"네이버 인링크(CP) 관측(oid=018) · 네이버 인링크(CP) 관측(oid=081) · 미분류: 포털 CP 미등재 + 네이버 인링크 미관측(조회 2026-07) · 포털 CP 등재(다음 news.daum.net/cplist·네이트 경제 CP, 조회 2026-07)","보조지표(2026-06 표본 예측력 약함 r≈0.02, 재검증 대상; 단독 사용 안 함, 타깃광고 경계에서만 보조)",캐시 범위 부족,0,False,0,True,False,True,False,False,True,False,False,False,False,특이 패턴 미관찰,기준 중앙값 대비 거래량 이상; 언급 후 고점 대비 큰 하락; 보도자료성 표현 관찰; 캐시 범위 부족
EVT-548E9D89B4,069920,엑시온그룹,2026-06-12 07:02:54+09:00,2026-06-12 07:02:54+09:00,2026-06-12 11:38:45+09:00,2,1,crioppstockfree,KOSDAQ,11462610393,확인,장전,48554.53333333333,49345.0,15,3,26.95873948728341,5.941223253733585,5.633802816901401,2.411911610898976,15거래일 관찰 완료,15,-25.3306619183313,-45.31490015360983,2026-06-12,확인,29,7,1,False,0,True,21,True,1,1,0.8275862068965517,"네이버 인링크(CP) 관측(oid=001) · 네이버 인링크(CP) 관측(oid=366) · 네이버 인링크(CP) 관측(oid=374) · 미분류: 포털 CP 미등재 + 네이버 인링크 미관측(조회 2026-07) · 포털 CP 등재(다음 news.daum.net/cplist·네이트 경제 CP, 조회 2026-07)","보조지표(2026-06 표본 예측력 약함 r≈0.02, 재검증 대상; 단독 사용 안 함, 타깃광고 경계에서만 보조)",관찰 기간 내 공시 확인,5,True,2,True,True,True,False,True,True,False,False,False,False,특이 패턴 미관찰,기준 중앙값 대비 거래량 이상; MAD 기준 거래량 이상치; 언급 후 코스닥 대비 하락; 언급 후 고점 대비 큰 하락; 보도자료성 표현 관찰; 중요 공시 후보 제목 관찰
EVT-0B2548F0D7,084440,유비온,2026-06-12 07:02:54+09:00,2026-06-12 07:02:54+09:00,2026-06-12 11:38:45+09:00,2,1,crioppstockfree,KOSDAQ,20031644787,확인,장전,47973.13333333333,39037.0,15,3,1.631067961165048,0.6723647991615092,4.794520547945202,1.073095773888855,15거래일 관찰 완료,15,-1.056152114409727,-21.10177404295052,2026-06-12,확인,65,8,14,False,13,False,41,True,0,0,0.3692307692307693,"네이버 인링크(CP) 관측(oid=001) · 네이버 인링크(CP) 관측(oid=003) · 네이버 인링크(CP) 관측(oid=015) · 네이버 인링크(CP) 관측(oid=016) · 네이버 인링크(CP) 관측(oid=018) · 네이버 인링크(CP) 관측(oid=020) · 네이버 인링크(CP) 관측(oid=022) · 네이버 인링크(CP) 관측(oid=030) · 네이버 인링크(CP) 관측(oid=079) · 네이버 인링크(CP) 관측(oid=119) · 네이버 인링크(CP) 관측(oid=215) · 네이버 인링크(CP) 관측(oid=277) · 네이버 인링크(CP) 관측(oid=366) · 네이버 인링크(CP) 관측(oid=421) · 네이버 인링크(CP) 관측(oid=662) · 미분류: 포털 CP 미등재 + 네이버 인링크 미관측(조회 2026-07) · 포털 CP 등재(다음 news.daum.net/cplist·네이트 경제 CP, 조회 2026-07)","보조지표(2026-06 표본 예측력 약함 r≈0.02, 재검증 대상; 단독 사용 안 함, 타깃광고 경계에서만 보조)",관찰 기간 내 공시 확인,4,True,1,False,False,False,False,False,True,False,False,False,False,특이 패턴 미관찰,언급 후 고점 대비 큰 하락; 유사 기사 반복 관찰; 중요 공시 후보 제목 관찰
EVT-0457D6F6E2,434480,모니터랩,2026-06-12 08:20:02+09:00,2026-06-12 08:20:02+09:00,2026-06-12 11:40:14+09:00,2,2,companyreport; crioppstockfree,KOSDAQ,25974733000,확인,장전,94245.8,77807.0,15,3,0.5966943848239875,-0.8440172670552848,4.924242424242431,2.363756733170841,15거래일 관찰 완료,15,2.131461728941819,-23.46570397111913,2026-06-12,확인,26,0,0,False,0,False,14,True,0,0,0.9615384615384616,"미분류: 포털 CP 미등재 + 네이버 인링크 미관측(조회 2026-07) · 포털 CP 등재(다음 news.daum.net/cplist·네이트 경제 CP, 조회 2026-07)","보조지표(2026-06 표본 예측력 약함 r≈0.02, 재검증 대상; 단독 사용 안 함, 타깃광고 경계에서만 보조)",관찰 기간 내 공시 확인,1,False,0,False,False,False,False,False,True,False,False,False,False,특이 패턴 미관찰,언급 후 고점 대비 큰 하락; 복수 Telegram 채널 언급; 관찰 기간 내 공시 확인
EVT-9647881CB4,018620,우진비앤지,2026-06-12 08:48:50+09:00,2026-06-12 08:48:50+09:00,2026-06-12 08:48:50+09:00,1,1,jeilstock,KOSDAQ,16916476080,확인,장전,82189.14285714286,55094.0,14,3,1.068900424728646,0.1096609157009088,-0.5736137667303964,-4.177914150553097,15거래일 관찰 완료,15,10.59120953295192,-17.00554528650648,2026-06-12,확인,41,10,20,False,0,True,17,True,2,0,0.8048780487804879,네이버 인링크(CP) 관측(oid=018) · 네이버 인링크(CP) 관측(oid=277) · 네이버 인링크(CP) 관측(oid=421) · 네이버 인링크(CP) 관측(oid=648) · 미분류: 포털 CP 미등재 + 네이버 인링크 미관측(조회 2026-07),"보조지표(2026-06 표본 예측력 약함 r≈0.02, 재검증 대상; 단독 사용 안 함, 타깃광고 경계에서만 보조)",관찰 기간 내 공시 확인,7,True,1,False,False,False,False,False,True,False,False,False,False,특이 패턴 미관찰,언급 후 고점 대비 큰 하락; 보도자료성 표현 관찰; 중요 공시 후보 제목 관찰
EVT-4FA079DC7A,007720,소노스퀘어,2026-06-13 06:12:53+09:00,2026-06-13 06:12:53+09:00,2026-06-13 06:12:53+09:00,1,1,mbngoldcsi,KOSDAQ,24252588270,확인,휴장일,104582.8,77051.0,15,2,1.842675630426601,0.8114121621870617,5.36955148452305,4.885609985081807,15거래일 관찰 완료,15,13.34450229435707,-4.736211031175063,2026-06-15,확인,43,1,13,False,0,False,31,True,0,0,0.7674418604651163,"네이버 인링크(CP) 관측(oid=009) · 네이버 인링크(CP) 관측(oid=011) · 네이버 인링크(CP) 관측(oid=015) · 네이버 인링크(CP) 관측(oid=018) · 네이버 인링크(CP) 관측(oid=277) · 네이버 인링크(CP) 관측(oid=417) · 네이버 인링크(CP) 관측(oid=421) · 네이버 인링크(CP) 관측(oid=648) · 미분류: 포털 CP 미등재 + 네이버 인링크 미관측(조회 2026-07) · 포털 CP 등재(다음 news.daum.net/cplist·네이트 경제 CP, 조회 2026-07)","보조지표(2026-06 표본 예측력 약함 r≈0.02, 재검증 대상; 단독 사용 안 함, 타깃광고 경계에서만 보조)",관찰 기간 내 공시 확인,1,True,1,False,False,False,False,False,False,False,False,False,False,특이 패턴 미관찰,중요 공시 후보 제목 관찰
EVT-45A568E95A,009620,삼보산업,2026-06-13 08:23:56+09:00,2026-06-13 08:23:56+09:00,2026-06-16 07:02:49+09:00,2,1,crioppstockfree,KOSDAQ,13384354768,확인,휴장일,693041.5333333333,310123.0,15,3,1.765883214079575,0.6492170633268755,0.6711409395973256,0.3883558465503256,15거래일 관찰 완료,15,41.14377638859521,-31.60919540229885,2026-06-15,확인,57,5,8,False,0,True,30,True,4,6,0.8245614035087719,"네이버 인링크(CP) 관측(oid=018) · 네이버 인링크(CP) 관측(oid=081) · 미분류: 포털 CP 미등재 + 네이버 인링크 미관측(조회 2026-07) · 포털 CP 등재(다음 news.daum.net/cplist·네이트 경제 CP, 조회 2026-07)","보조지표(2026-06 표본 예측력 약함 r≈0.02, 재검증 대상; 단독 사용 안 함, 타깃광고 경계에서만 보조)",관찰 기간 내 공시 확인,5,True,1,False,False,False,False,False,True,False,False,False,False,특이 패턴 미관찰,언급 후 고점 대비 큰 하락; 보도자료성 표현 관찰; 중요 공시 후보 제목 관찰
EVT-51F4D151B9,080530,코디,2026-06-13 08:23:56+09:00,2026-06-13 08:23:56+09:00,2026-06-13 08:23:56+09:00,1,1,crioppstockfree,KOSDAQ,27845285260,확인,휴장일,68991.46666666666,29250.0,15,3,0.6859487179487179,-0.3398514490278001,3.278688524590168,2.794747025148925,15거래일 관찰 완료,15,9.350554595373405,-17.85714285714286,2026-06-15,기사 미확인,0,0,0,False,0,False,0,False,0,0,0.0,,"보조지표(2026-06 표본 예측력 약함 r≈0.02, 재검증 대상; 단독 사용 안 함, 타깃광고 경계에서만 보조)",관찰 기간 내 공시 확인,6,False,0,False,False,False,False,False,True,False,False,False,False,특이 패턴 미관찰,언급 후 고점 대비 큰 하락; 관찰 기간 내 공시 확인; 뉴스: 기사 미확인
EVT-34E99E5CE8,290520,신도기연,2026-06-13 08:23:56+09:00,2026-06-13 08:23:56+09:00,2026-06-13 08:23:56+09:00,1,1,crioppstockfree,KOSDAQ,23856024624,확인,휴장일,74816.86666666667,54599.0,15,3,0.6466785105954321,-0.5147947583507834,-1.152435830277632,-0.1970937049788013,15거래일 관찰 완료,15,-2.429382317400908,-22.62851086380498,2026-06-15,확인,23,6,11,False,0,False,6,True,0,0,0.8695652173913043,"네이버 인링크(CP) 관측(oid=011) · 네이버 인링크(CP) 관측(oid=018) · 미분류: 포털 CP 미등재 + 네이버 인링크 미관측(조회 2026-07) · 포털 CP 등재(다음 news.daum.net/cplist·네이트 경제 CP, 조회 2026-07)","보조지표(2026-06 표본 예측력 약함 r≈0.02, 재검증 대상; 단독 사용 안 함, 타깃광고 경계에서만 보조)",관찰 기간 내 공시 확인,1,False,0,False,False,False,False,False,True,False,False,False,False,특이 패턴 미관찰,언급 후 고점 대비 큰 하락; 관찰 기간 내 공시 확인
EVT-43B4D86C1C,028080,휴맥스홀딩스,2026-06-15 07:24:31+09:00,2026-06-15 07:24:31+09:00,2026-06-15 07:24:31+09:00,1,1,crioppstockfree,KOSDAQ,14207465250,확인,장전,15001.53333333333,8957.0,15,3,0.5241710394105169,-0.8522103200397458,6.158833063209079,5.876047970162079,15거래일 관찰 완료,15,12.50795790757548,-26.94656488549618,2026-06-15,확인,15,1,10,False,0,False,12,True,0,0,0.8,네이버 인링크(CP) 관측(oid=009) · 네이버 인링크(CP) 관측(oid=018) · 네이버 인링크(CP) 관측(oid=020) · 미분류: 포털 CP 미등재 + 네이버 인링크 미관측(조회 2026-07),"보조지표(2026-06 표본 예측력 약함 r≈0.02, 재검증 대상; 단독 사용 안 함, 타깃광고 경계에서만 보조)",관찰 기간 내 공시 미확인,0,False,0,False,False,False,False,False,True,False,False,False,False,특이 패턴 미관찰,언급 후 고점 대비 큰 하락; 관찰 기간 내 공시 미확인
EVT-54699972C7,006050,국영지앤엠,2026-06-15 07:24:41+09:00,2026-06-15 07:24:41+09:00,2026-06-15 15:00:27+09:00,3,2,crioppstockfree; numt7777,KOSDAQ,18703850248,확인,장전,486386.4,484906.0,15,3,6.29046866815424,3.848900117273804,-13.06240928882438,-13.34519438187138,15거래일 관찰 완료,15,11.72557313861625,-16.36060100166945,2026-06-15,확인,26,8,6,False,0,False,16,True,0,2,0.8076923076923077,"네이버 인링크(CP) 관측(oid=018) · 네이버 인링크(CP) 관측(oid=020) · 미분류: 포털 CP 미등재 + 네이버 인링크 미관측(조회 2026-07) · 포털 CP 등재(다음 news.daum.net/cplist·네이트 경제 CP, 조회 2026-07)","보조지표(2026-06 표본 예측력 약함 r≈0.02, 재검증 대상; 단독 사용 안 함, 타깃광고 경계에서만 보조)",관찰 기간 내 공시 확인,3,False,0,True,True,True,False,False,True,False,False,False,False,특이 패턴 미관찰,기준 중앙값 대비 거래량 이상; MAD 기준 거래량 이상치; 언급 후 고점 대비 큰 하락; 복수 Telegram 채널 언급; 관찰 기간 내 공시 확인
EVT-291BE0EEB5,051780,큐로홀딩스,2026-06-15 07:24:41+09:00,2026-06-15 07:24:41+09:00,2026-06-15 07:24:41+09:00,1,1,crioppstockfree,KOSDAQ,16789379750,확인,장전,200057.4,172863.0,15,3,1.229939316105818,0.2161993327437876,-2.105263157894732,-2.589204657335975,15거래일 관찰 완료,15,-1.274125384145286,-26.20967741935484,2026-06-15,확인,25,3,15,False,0,True,15,True,1,1,0.88,"네이버 인링크(CP) 관측(oid=008) · 네이버 인링크(CP) 관측(oid=011) · 미분류: 포털 CP 미등재 + 네이버 인링크 미관측(조회 2026-07) · 포털 CP 등재(다음 news.daum.net/cplist·네이트 경제 CP, 조회 2026-07)","보조지표(2026-06 표본 예측력 약함 r≈0.02, 재검증 대상; 단독 사용 안 함, 타깃광고 경계에서만 보조)",관찰 기간 내 공시 확인,4,False,0,False,False,False,False,False,True,False,False,False,False,특이 패턴 미관찰,언급 후 고점 대비 큰 하락; 보도자료성 표현 관찰; 관찰 기간 내 공시 확인
EVT-7A59C536D3,351320,넥사다이내믹스,2026-06-15 07:24:41+09:00,2026-06-15 07:24:41+09:00,2026-06-18 07:09:39+09:00,4,1,crioppstockfree,KOSDAQ,29104669160,확인,장전,96981.53333333334,100279.0,15,3,2.083477098894086,1.41360774662229,-1.78571428571429,-2.06849937876129,15거래일 관찰 완료,15,14.08814136638636,-27.85602503912363,2026-06-15,확인,24,10,3,False,0,False,15,True,0,1,0.8333333333333334,"네이버 인링크(CP) 관측(oid=003) · 네이버 인링크(CP) 관측(oid=008) · 네이버 인링크(CP) 관측(oid=277) · 미분류: 포털 CP 미등재 + 네이버 인링크 미관측(조회 2026-07) · 포털 CP 등재(다음 news.daum.net/cplist·네이트 경제 CP, 조회 2026-07)","보조지표(2026-06 표본 예측력 약함 r≈0.02, 재검증 대상; 단독 사용 안 함, 타깃광고 경계에서만 보조)",관찰 기간 내 공시 확인,3,True,3,False,False,False,False,False,True,False,False,False,False,특이 패턴 미관찰,언급 후 고점 대비 큰 하락; 중요 공시 후보 제목 관찰
EVT-B015E064C8,455180,케이지에이,2026-06-15 07:24:41+09:00,2026-06-15 07:24:41+09:00,2026-06-15 07:24:41+09:00,1,1,crioppstockfree,KOSDAQ,18690185124,확인,장전,150212.8,110303.0,15,3,0.7106878326065474,-0.6029113811225106,-7.048224695283523,-6.464452488283722,15거래일 관찰 완료,15,4.055627806717997,-27.36602052451539,2026-06-15,확인,18,2,6,False,0,False,10,True,0,0,0.7777777777777778,네이버 인링크(CP) 관측(oid=014) · 네이버 인링크(CP) 관측(oid=015) · 네이버 인링크(CP) 관측(oid=018) · 미분류: 포털 CP 미등재 + 네이버 인링크 미관측(조회 2026-07),"보조지표(2026-06 표본 예측력 약함 r≈0.02, 재검증 대상; 단독 사용 안 함, 타깃광고 경계에서만 보조)",관찰 기간 내 공시 확인,5,True,2,False,False,False,False,False,True,False,False,False,False,특이 패턴 미관찰,언급 후 고점 대비 큰 하락; 중요 공시 후보 제목 관찰
EVT-DA6C720103,377220,프롬바이오,2026-06-15 11:35:41+09:00,2026-06-15 11:35:41+09:00,2026-06-15 22:47:45+09:00,5,3,crioppstockfree; mbngoldcsi; selfstudyview,KOSDAQ,14523030000,확인,장중,303070.8666666666,188173.0,15,3,15.53465162377174,6.471848240990111,4.63659147869675,4.152649979255507,15거래일 관찰 완료,15,-6.82946631518643,-34.13173652694611,2026-06-15,확인,13,0,0,False,0,False,9,True,0,0,0.9230769230769231,네이버 인링크(CP) 관측(oid=018) · 미분류: 포털 CP 미등재 + 네이버 인링크 미관측(조회 2026-07),"보조지표(2026-06 표본 예측력 약함 r≈0.02, 재검증 대상; 단독 사용 안 함, 타깃광고 경계에서만 보조)",관찰 기간 내 공시 확인,2,False,0,True,True,True,False,False,True,False,False,False,False,특이 패턴 미관찰,기준 중앙값 대비 거래량 이상; MAD 기준 거래량 이상치; 언급 후 고점 대비 큰 하락; 복수 Telegram 채널 언급; 관찰 기간 내 공시 확인
EVT-5A56DEB22C,140430,카티스,2026-06-15 11:37:56+09:00,2026-06-15 11:37:56+09:00,2026-06-15 11:37:56+09:00,1,1,crioppstockfree,KOSDAQ,18236298942,확인,장중,246140.5454545454,147628.0,11,3,0.6931950578481046,-0.5687406267171771,5.263157894736836,4.980372801689836,15거래일 관찰 완료,15,-0.9060708154370225,-33.95833333333334,2026-06-15,확인,24,0,18,False,2,False,14,True,0,0,0.7916666666666666,네이버 인링크(CP) 관측(oid=003) · 네이버 인링크(CP) 관측(oid=011) · 네이버 인링크(CP) 관측(oid=018) · 네이버 인링크(CP) 관측(oid=277) · 네이버 인링크(CP) 관측(oid=293) · 미분류: 포털 CP 미등재 + 네이버 인링크 미관측(조회 2026-07),"보조지표(2026-06 표본 예측력 약함 r≈0.02, 재검증 대상; 단독 사용 안 함, 타깃광고 경계에서만 보조)",관찰 기간 내 공시 미확인,0,False,0,False,False,False,False,False,True,False,False,False,False,특이 패턴 미관찰,언급 후 고점 대비 큰 하락; 유사 기사 반복 관찰; 관찰 기간 내 공시 미확인
EVT-7C7803182F,355390,크라우드웍스,2026-06-15 11:38:03+09:00,2026-06-15 11:38:03+09:00,2026-06-16 11:37:32+09:00,2,1,crioppstockfree,KOSDAQ,23700395592,확인,장중,675943.5333333333,248400.0,15,3,1.090495169082126,0.07109579094920089,0.0,-0.4839414994412428,15거래일 관찰 완료,15,-21.57206445224564,-41.97916666666666,2026-06-15,확인,13,0,0,False,2,False,11,True,0,0,0.7692307692307693,"네이버 인링크(CP) 관측(oid=018) · 네이버 인링크(CP) 관측(oid=081) · 미분류: 포털 CP 미등재 + 네이버 인링크 미관측(조회 2026-07) · 포털 CP 등재(다음 news.daum.net/cplist·네이트 경제 CP, 조회 2026-07)","보조지표(2026-06 표본 예측력 약함 r≈0.02, 재검증 대상; 단독 사용 안 함, 타깃광고 경계에서만 보조)",관찰 기간 내 공시 확인,5,False,0,False,False,False,False,True,True,False,False,False,False,특이 패턴 미관찰,언급 후 코스닥 대비 하락; 언급 후 고점 대비 큰 하락; 유사 기사 반복 관찰; 관찰 기간 내 공시 확인
EVT-D49067A41A,403490,우듬지팜,2026-06-15 11:38:03+09:00,2026-06-15 11:38:03+09:00,2026-06-16 11:37:32+09:00,2,1,crioppstockfree,KOSDAQ,22736569680,확인,장중,413993.4,297861.0,15,3,0.5542014563840181,-1.827631226923122,-1.876675603217159,-1.002998288460177,15거래일 관찰 완료,15,-5.617916811454162,-27.04918032786885,2026-06-15,확인,11,0,6,False,0,False,5,True,0,0,0.8181818181818182,"네이버 인링크(CP) 관측(oid=005) · 미분류: 포털 CP 미등재 + 네이버 인링크 미관측(조회 2026-07) · 포털 CP 등재(다음 news.daum.net/cplist·네이트 경제 CP, 조회 2026-07)","보조지표(2026-06 표본 예측력 약함 r≈0.02, 재검증 대상; 단독 사용 안 함, 타깃광고 경계에서만 보조)",캐시 범위 부족,0,False,0,False,False,False,False,False,True,False,False,False,False,특이 패턴 미관찰,언급 후 고점 대비 큰 하락; 캐시 범위 부족
EVT-6D71DCF228,223310,사토시홀딩스,2026-06-15 11:41:43+09:00,2026-06-15 11:41:43+09:00,2026-06-15 22:19:01+09:00,2,1,crioppstockfree,KOSDAQ,20532312690,확인,장중,105028.4,84233.0,15,3,0.7486970664703857,-0.607352397866482,2.88065843621399,2.396716936772747,15거래일 관찰 완료,15,-0.3192866744678682,-24.2,2026-06-15,확인,46,7,23,False,2,True,20,True,1,0,0.717391304347826,"네이버 인링크(CP) 관측(oid=003) · 네이버 인링크(CP) 관측(oid=008) · 네이버 인링크(CP) 관측(oid=016) · 네이버 인링크(CP) 관측(oid=018) · 네이버 인링크(CP) 관측(oid=031) · 네이버 인링크(CP) 관측(oid=277) · 네이버 인링크(CP) 관측(oid=293) · 미분류: 포털 CP 미등재 + 네이버 인링크 미관측(조회 2026-07) · 포털 CP 등재(다음 news.daum.net/cplist·네이트 경제 CP, 조회 2026-07)","보조지표(2026-06 표본 예측력 약함 r≈0.02, 재검증 대상; 단독 사용 안 함, 타깃광고 경계에서만 보조)",관찰 기간 내 공시 확인,1,False,0,False,False,False,False,False,True,False,False,False,False,특이 패턴 미관찰,언급 후 고점 대비 큰 하락; 유사 기사 반복 관찰; 보도자료성 표현 관찰; 관찰 기간 내 공시 확인
EVT-208112366B,083660,CSA 코스믹,2026-06-15 13:00:28+09:00,2026-06-15 13:00:28+09:00,2026-06-18 12:10:24+09:00,7,3,crioppstockfree; mbngoldcsi; numt7777,KOSDAQ,24526966090,확인,장중,1043695.266666667,552963.0,15,3,61.76430430245785,8.219448162045996,0.2531645569620267,-0.02962053608497328,15거래일 관찰 완료,15,-12.97518729558588,-43.93939393939394,2026-06-15,확인,68,23,25,False,0,True,25,True,4,13,0.7352941176470589,"네이버 인링크(CP) 관측(oid=014) · 네이버 인링크(CP) 관측(oid=028) · 네이버 인링크(CP) 관측(oid=081) · 네이버 인링크(CP) 관측(oid=293) · 미분류: 포털 CP 미등재 + 네이버 인링크 미관측(조회 2026-07) · 포털 CP 등재(다음 news.daum.net/cplist·네이트 경제 CP, 조회 2026-07)","보조지표(2026-06 표본 예측력 약함 r≈0.02, 재검증 대상; 단독 사용 안 함, 타깃광고 경계에서만 보조)",관찰 기간 내 공시 확인,5,True,4,True,True,True,False,True,True,False,False,False,False,특이 패턴 미관찰,기준 중앙값 대비 거래량 이상; MAD 기준 거래량 이상치; 언급 후 코스닥 대비 하락; 언급 후 고점 대비 큰 하락; 복수 Telegram 채널 언급; 보도자료성 표현 관찰; 중요 공시 후보 제목 관찰
EVT-1C9BD14709,011080,형지I&C,2026-06-15 18:34:54+09:00,2026-06-15 18:34:54+09:00,2026-06-15 22:47:45+09:00,2,2,crioppstockfree; mbngoldcsi,KOSDAQ,9172519370,확인,장후,334625.8,96717.0,15,3,1.429490162019087,0.4109219504381058,7.733812949640284,9.218295991718373,15거래일 관찰 완료,15,-15.92260874051352,-44.0398293029872,2026-06-16,기사 미확인,0,0,0,False,0,False,0,False,0,0,0.0,,"보조지표(2026-06 표본 예측력 약함 r≈0.02, 재검증 대상; 단독 사용 안 함, 타깃광고 경계에서만 보조)",관찰 기간 내 공시 미확인,0,False,0,False,False,False,True,True,True,False,False,False,False,특이 패턴 미관찰,코스닥 대비 단기 초과상승; 언급 후 코스닥 대비 하락; 언급 후 고점 대비 큰 하락; 복수 Telegram 채널 언급; 관찰 기간 내 공시 미확인; 뉴스: 기사 미확인
EVT-6E366601DF,101000,KS인더스트리,2026-06-15 18:34:54+09:00,2026-06-15 18:34:54+09:00,2026-06-15 22:47:45+09:00,3,2,crioppstockfree; mbngoldcsi,KOSDAQ,14548594916,확인,장후,544796.6666666666,313714.0,15,3,0.8074424475796426,-0.5691634817672983,-5.597579425113464,-2.547797688239551,15거래일 관찰 완료,15,-20.17247954084795,-40.38461538461539,2026-06-16,확인,29,2,11,False,0,False,18,True,0,0,0.8275862068965517,"네이버 인링크(CP) 관측(oid=018) · 네이버 인링크(CP) 관측(oid=081) · 네이버 인링크(CP) 관측(oid=277) · 미분류: 포털 CP 미등재 + 네이버 인링크 미관측(조회 2026-07) · 포털 CP 등재(다음 news.daum.net/cplist·네이트 경제 CP, 조회 2026-07)","보조지표(2026-06 표본 예측력 약함 r≈0.02, 재검증 대상; 단독 사용 안 함, 타깃광고 경계에서만 보조)",관찰 기간 내 공시 확인,1,False,0,False,False,False,False,True,True,False,False,False,False,특이 패턴 미관찰,언급 후 코스닥 대비 하락; 언급 후 고점 대비 큰 하락; 복수 Telegram 채널 언급; 관찰 기간 내 공시 확인
EVT-E12BE7FFAF,198940,한주라이트메탈,2026-06-15 18:34:54+09:00,2026-06-15 18:34:54+09:00,2026-06-15 18:34:54+09:00,1,1,mbngoldcsi,KOSDAQ,25623861120,확인,장후,1748663.133333333,764220.0,15,3,2.486174138337128,0.7810178785979388,12.55411255411256,15.75518022139495,15거래일 관찰 완료,15,-19.85237387228199,-42.88461538461539,2026-06-16,확인,17,0,7,False,0,True,9,True,0,2,0.8823529411764706,"미분류: 포털 CP 미등재 + 네이버 인링크 미관측(조회 2026-07) · 포털 CP 등재(다음 news.daum.net/cplist·네이트 경제 CP, 조회 2026-07)","보조지표(2026-06 표본 예측력 약함 r≈0.02, 재검증 대상; 단독 사용 안 함, 타깃광고 경계에서만 보조)",관찰 기간 내 공시 미확인,0,False,0,False,False,False,True,True,True,False,False,False,False,특이 패턴 미관찰,코스닥 대비 단기 초과상승; 언급 후 코스닥 대비 하락; 언급 후 고점 대비 큰 하락; 보도자료성 표현 관찰; 관찰 기간 내 공시 미확인
EVT-0F55E0FA68,378800,샤페론,2026-06-15 18:34:54+09:00,2026-06-15 18:34:54+09:00,2026-06-18 08:46:42+09:00,5,2,crioppstockfree; mbngoldcsi,KOSDAQ,23768917934,확인,장후,885148.2,548942.0,15,3,3.869853281403135,3.277018352459963,-1.538461538461533,-1.338273923015176,15거래일 관찰 완료,15,-35.7399736308495,-60.77220077220078,2026-06-16,확인,27,0,0,False,3,True,19,True,2,0,0.7407407407407407,"네이버 인링크(CP) 관측(oid=008) · 네이버 인링크(CP) 관측(oid=018) · 네이버 인링크(CP) 관측(oid=421) · 미분류: 포털 CP 미등재 + 네이버 인링크 미관측(조회 2026-07) · 포털 CP 등재(다음 news.daum.net/cplist·네이트 경제 CP, 조회 2026-07)","보조지표(2026-06 표본 예측력 약함 r≈0.02, 재검증 대상; 단독 사용 안 함, 타깃광고 경계에서만 보조)",관찰 기간 내 공시 확인,1,False,0,True,False,True,False,True,True,False,False,False,False,특이 패턴 미관찰,기준 중앙값 대비 거래량 이상; 언급 후 코스닥 대비 하락; 언급 후 고점 대비 큰 하락; 복수 Telegram 채널 언급; 유사 기사 반복 관찰; 보도자료성 표현 관찰; 관찰 기간 내 공시 확인
EVT-BB660E83B3,419540,비스토스,2026-06-15 18:34:54+09:00,2026-06-15 18:34:54+09:00,2026-06-15 18:34:54+09:00,1,1,mbngoldcsi,KOSDAQ,18142880385,확인,장후,163677.0714285714,69202.0,14,3,2.127611918730672,0.8982966038513491,3.125,3.325187615446357,15거래일 관찰 완료,15,19.33584382060859,-9.848484848484851,2026-06-16,확인,27,2,16,False,0,False,18,True,0,2,0.8518518518518519,"네이버 인링크(CP) 관측(oid=421) · 네이버 인링크(CP) 관측(oid=648) · 미분류: 포털 CP 미등재 + 네이버 인링크 미관측(조회 2026-07) · 포털 CP 등재(다음 news.daum.net/cplist·네이트 경제 CP, 조회 2026-07)","보조지표(2026-06 표본 예측력 약함 r≈0.02, 재검증 대상; 단독 사용 안 함, 타깃광고 경계에서만 보조)",관찰 기간 내 공시 확인,5,True,3,False,False,False,False,False,False,False,False,False,False,특이 패턴 미관찰,중요 공시 후보 제목 관찰
EVT-02FA22B54A,051380,피씨디렉트,2026-06-15 22:17:47+09:00,2026-06-15 22:17:47+09:00,2026-06-15 22:19:04+09:00,2,1,crioppstockfree,KOSDAQ,23777111600,확인,장후,77101.06666666667,64894.0,15,3,0.8826393811446359,-0.2091405533325633,-0.5830903790087438,1.5684146060579,15거래일 관찰 완료,15,18.99792309257345,-11.43695014662757,2026-06-16,확인,14,5,4,False,0,False,9,False,0,0,1.0,미분류: 포털 CP 미등재 + 네이버 인링크 미관측(조회 2026-07),"보조지표(2026-06 표본 예측력 약함 r≈0.02, 재검증 대상; 단독 사용 안 함, 타깃광고 경계에서만 보조)",관찰 기간 내 공시 확인,1,True,1,False,False,False,False,False,False,False,False,False,False,특이 패턴 미관찰,중요 공시 후보 제목 관찰
EVT-423AF5E60C,067010,이씨에스,2026-06-15 22:17:47+09:00,2026-06-15 22:17:47+09:00,2026-06-15 22:19:04+09:00,2,1,crioppstockfree,KOSDAQ,23900257500,확인,장후,28190.86666666666,28269.0,15,3,0.8854221939226715,-0.3292840268088808,2.625298329355608,5.826365996637994,15거래일 관찰 완료,15,19.10881155116758,-10.55813953488373,2026-06-16,확인,13,3,6,False,0,False,7,True,0,0,0.9230769230769231,"미분류: 포털 CP 미등재 + 네이버 인링크 미관측(조회 2026-07) · 포털 CP 등재(다음 news.daum.net/cplist·네이트 경제 CP, 조회 2026-07)","보조지표(2026-06 표본 예측력 약함 r≈0.02, 재검증 대상; 단독 사용 안 함, 타깃광고 경계에서만 보조)",관찰 기간 내 공시 확인,4,False,0,False,False,False,False,False,False,False,False,False,False,특이 패턴 미관찰,관찰 기간 내 공시 확인
EVT-018F0EB4A4,138070,신진에스엠,2026-06-15 22:17:47+09:00,2026-06-15 22:17:47+09:00,2026-06-15 22:17:47+09:00,1,1,crioppstockfree,KOSDAQ,25484665024,확인,장후,66599.86666666667,28924.0,15,3,2.908484303692435,1.539700622140287,0.4778156996587013,1.96229874173679,15거래일 관찰 완료,15,3.183873077008435,-29.14402173913043,2026-06-16,확인,8,2,3,False,0,False,6,True,0,0,0.875,네이버 인링크(CP) 관측(oid=018) · 미분류: 포털 CP 미등재 + 네이버 인링크 미관측(조회 2026-07),"보조지표(2026-06 표본 예측력 약함 r≈0.02, 재검증 대상; 단독 사용 안 함, 타깃광고 경계에서만 보조)",관찰 기간 내 공시 확인,1,False,0,False,False,False,False,False,True,False,False,False,False,특이 패턴 미관찰,언급 후 고점 대비 큰 하락; 관찰 기간 내 공시 확인
EVT-034CD0AB48,199480,뱅크웨어글로벌,2026-06-15 22:17:47+09:00,2026-06-15 22:17:47+09:00,2026-06-15 22:17:47+09:00,1,1,crioppstockfree,KOSDAQ,27224889960,확인,장후,38738.2,41761.0,15,3,0.8096070496396159,-0.5918981653583445,1.906158357771259,3.201067667282387,15거래일 관찰 완료,15,2.125604557309345,-20.57553956834532,2026-06-16,확인,64,6,3,False,19,False,50,True,0,0,0.75,"네이버 인링크(CP) 관측(oid=001) · 네이버 인링크(CP) 관측(oid=003) · 네이버 인링크(CP) 관측(oid=008) · 네이버 인링크(CP) 관측(oid=014) · 네이버 인링크(CP) 관측(oid=018) · 네이버 인링크(CP) 관측(oid=029) · 네이버 인링크(CP) 관측(oid=030) · 네이버 인링크(CP) 관측(oid=138) · 네이버 인링크(CP) 관측(oid=277) · 미분류: 포털 CP 미등재 + 네이버 인링크 미관측(조회 2026-07) · 포털 CP 등재(다음 news.daum.net/cplist·네이트 경제 CP, 조회 2026-07)","보조지표(2026-06 표본 예측력 약함 r≈0.02, 재검증 대상; 단독 사용 안 함, 타깃광고 경계에서만 보조)",관찰 기간 내 공시 확인,1,True,1,False,False,False,False,False,True,False,False,False,False,특이 패턴 미관찰,언급 후 고점 대비 큰 하락; 유사 기사 반복 관찰; 중요 공시 후보 제목 관찰
EVT-262D9D388B,464500,아이언디바이스,2026-06-15 22:17:47+09:00,2026-06-15 22:17:47+09:00,2026-06-16 19:57:15+09:00,3,1,crioppstockfree,KOSDAQ,23620627944,확인,장후,141936.3333333333,123566.0,15,3,0.7976951588624702,-0.4638626420987836,1.035196687370599,2.519679729448687,15거래일 관찰 완료,15,-3.361030700610947,-26.31147540983606,2026-06-16,확인,43,13,15,False,2,False,19,True,0,0,0.8837209302325582,네이버 인링크(CP) 관측(oid=003) · 네이버 인링크(CP) 관측(oid=018) · 네이버 인링크(CP) 관측(oid=030) · 네이버 인링크(CP) 관측(oid=138) · 미분류: 포털 CP 미등재 + 네이버 인링크 미관측(조회 2026-07),"보조지표(2026-06 표본 예측력 약함 r≈0.02, 재검증 대상; 단독 사용 안 함, 타깃광고 경계에서만 보조)",관찰 기간 내 공시 확인,1,False,0,False,False,False,False,False,True,False,False,False,False,특이 패턴 미관찰,언급 후 고점 대비 큰 하락; 유사 기사 반복 관찰; 관찰 기간 내 공시 확인
EVT-35919894DE,083470,이엠앤아이,2026-06-15 22:19:01+09:00,2026-06-15 22:19:01+09:00,2026-06-15 22:19:01+09:00,1,1,crioppstockfree,KOSDAQ,14084617140,확인,장후,250807.0666666667,173151.0,15,3,0.5172710524340027,-1.056405134575934,-1.21580547112462,1.985262196157767,15거래일 관찰 완료,15,4.999202525686163,-13.84615384615384,2026-06-16,확인,39,8,24,False,7,False,16,True,0,0,0.7435897435897436,네이버 인링크(CP) 관측(oid=003) · 네이버 인링크(CP) 관측(oid=008) · 네이버 인링크(CP) 관측(oid=018) · 네이버 인링크(CP) 관측(oid=277) · 미분류: 포털 CP 미등재 + 네이버 인링크 미관측(조회 2026-07),"보조지표(2026-06 표본 예측력 약함 r≈0.02, 재검증 대상; 단독 사용 안 함, 타깃광고 경계에서만 보조)",관찰 기간 내 공시 확인,1,True,1,False,False,False,False,False,False,False,False,False,False,특이 패턴 미관찰,유사 기사 반복 관찰; 중요 공시 후보 제목 관찰
EVT-4D0D9234FC,187220,디티앤씨,2026-06-15 22:47:45+09:00,2026-06-15 22:47:45+09:00,2026-06-15 22:47:45+09:00,1,1,crioppstockfree,KOSDAQ,27256466545,확인,장후,34855.06666666667,29367.0,15,3,0.2660469234174413,-1.862309006816369,-0.7092198581560294,0.7752631839220592,15거래일 관찰 완료,15,8.04412152421341,-22.32142857142857,2026-06-16,확인,14,5,7,False,0,True,5,True,1,0,0.6428571428571429,네이버 인링크(CP) 관측(oid=008) · 네이버 인링크(CP) 관측(oid=014) · 네이버 인링크(CP) 관측(oid=030) · 미분류: 포털 CP 미등재 + 네이버 인링크 미관측(조회 2026-07),"보조지표(2026-06 표본 예측력 약함 r≈0.02, 재검증 대상; 단독 사용 안 함, 타깃광고 경계에서만 보조)",관찰 기간 내 공시 미확인,0,False,0,False,False,False,False,False,True,False,False,False,False,특이 패턴 미관찰,언급 후 고점 대비 큰 하락; 보도자료성 표현 관찰; 관찰 기간 내 공시 미확인
EVT-89FFC835D7,237750,피앤씨테크,2026-06-15 22:47:45+09:00,2026-06-15 22:47:45+09:00,2026-06-15 22:47:45+09:00,1,1,crioppstockfree,KOSDAQ,24297284000,확인,장후,30845.8,24296.0,15,3,0.549390846229832,-1.204508601872339,5.263157894736836,6.747640936814925,15거래일 관찰 완료,15,3.509960033530179,-19.56521739130434,2026-06-16,확인,43,5,19,False,0,True,16,True,1,0,0.627906976744186,"네이버 인링크(CP) 관측(oid=001) · 네이버 인링크(CP) 관측(oid=003) · 네이버 인링크(CP) 관측(oid=008) · 네이버 인링크(CP) 관측(oid=011) · 네이버 인링크(CP) 관측(oid=018) · 네이버 인링크(CP) 관측(oid=144) · 네이버 인링크(CP) 관측(oid=293) · 미분류: 포털 CP 미등재 + 네이버 인링크 미관측(조회 2026-07) · 포털 CP 등재(다음 news.daum.net/cplist·네이트 경제 CP, 조회 2026-07)","보조지표(2026-06 표본 예측력 약함 r≈0.02, 재검증 대상; 단독 사용 안 함, 타깃광고 경계에서만 보조)",관찰 기간 내 공시 확인,4,False,0,False,False,False,False,False,True,False,False,False,False,특이 패턴 미관찰,언급 후 고점 대비 큰 하락; 보도자료성 표현 관찰; 관찰 기간 내 공시 확인
EVT-9934798011,368970,오에스피,2026-06-16 07:02:43+09:00,2026-06-16 07:02:43+09:00,2026-06-17 11:46:19+09:00,4,2,crioppstockfree; jeilstock,KOSDAQ,19927783680,확인,장전,57723.91666666666,43331.0,12,3,3.705291823405876,1.667143308800324,-0.4563894523326617,2.744678214949725,15거래일 관찰 완료,15,46.09910610797498,-13.75445746306674,2026-06-16,확인,34,7,0,True,2,True,24,True,2,1,0.6470588235294118,"네이버 인링크(CP) 관측(oid=001) · 네이버 인링크(CP) 관측(oid=003) · 네이버 인링크(CP) 관측(oid=011) · 네이버 인링크(CP) 관측(oid=018) · 네이버 인링크(CP) 관측(oid=081) · 네이버 인링크(CP) 관측(oid=277) · 미분류: 포털 CP 미등재 + 네이버 인링크 미관측(조회 2026-07) · 포털 CP 등재(다음 news.daum.net/cplist·네이트 경제 CP, 조회 2026-07)","보조지표(2026-06 표본 예측력 약함 r≈0.02, 재검증 대상; 단독 사용 안 함, 타깃광고 경계에서만 보조)",관찰 기간 내 공시 확인,4,True,2,True,False,True,False,False,False,False,False,False,False,특이 패턴 미관찰,기준 중앙값 대비 거래량 이상; 복수 Telegram 채널 언급; 언급 시점 뉴스 집중; 유사 기사 반복 관찰; 보도자료성 표현 관찰; 중요 공시 후보 제목 관찰
EVT-5657BA5F3C,008470,부스타,2026-06-16 07:02:49+09:00,2026-06-16 07:02:49+09:00,2026-06-16 07:02:49+09:00,1,1,crioppstockfree,KOSDAQ,28156080000,확인,장전,18928.73333333333,18394.0,15,3,0.9498205936718496,-0.111767612897855,1.689708141321034,2.4061420282532,15거래일 관찰 완료,15,28.29471948029082,-9.818731117824775,2026-06-16,확인,29,1,19,False,3,False,9,True,0,0,0.9655172413793104,"미분류: 포털 CP 미등재 + 네이버 인링크 미관측(조회 2026-07) · 포털 CP 등재(다음 news.daum.net/cplist·네이트 경제 CP, 조회 2026-07)","보조지표(2026-06 표본 예측력 약함 r≈0.02, 재검증 대상; 단독 사용 안 함, 타깃광고 경계에서만 보조)",관찰 기간 내 공시 확인,1,True,1,False,False,False,False,False,False,False,False,False,False,특이 패턴 미관찰,유사 기사 반복 관찰; 중요 공시 후보 제목 관찰
EVT-38E73312F3,032790,엠젠솔루션,2026-06-16 07:02:49+09:00,2026-06-16 07:02:49+09:00,2026-06-16 07:02:49+09:00,1,1,crioppstockfree,KOSDAQ,23368896460,확인,장전,353011.3076923077,189319.0,13,3,0.7220458591055309,-0.2841915883381684,-8.418740849194728,-5.290879624079248,15거래일 관찰 완료,15,5.531560144745551,-18.4652278177458,2026-06-16,확인,7,3,4,False,0,False,7,True,0,1,0.7142857142857143,"네이버 인링크(CP) 관측(oid=018) · 미분류: 포털 CP 미등재 + 네이버 인링크 미관측(조회 2026-07) · 포털 CP 등재(다음 news.daum.net/cplist·네이트 경제 CP, 조회 2026-07)","보조지표(2026-06 표본 예측력 약함 r≈0.02, 재검증 대상; 단독 사용 안 함, 타깃광고 경계에서만 보조)",관찰 기간 내 공시 확인,4,True,2,False,False,False,False,False,True,False,False,False,False,특이 패턴 미관찰,언급 후 고점 대비 큰 하락; 중요 공시 후보 제목 관찰
EVT-07EC33366B,060540,에스에이티,2026-06-16 07:02:49+09:00,2026-06-16 07:02:49+09:00,2026-06-16 07:02:49+09:00,1,1,crioppstockfree,KOSDAQ,27256650162,확인,장전,63608.66666666666,43206.0,15,3,0.8405776975420081,-0.2367132388548049,-0.2388535031847105,1.927182316963916,15거래일 관찰 완료,15,2.67899782110088,-18.0367118914605,2026-06-16,확인,6,2,2,False,0,True,4,True,1,0,0.6666666666666666,네이버 인링크(CP) 관측(oid=030) · 네이버 인링크(CP) 관측(oid=366) · 미분류: 포털 CP 미등재 + 네이버 인링크 미관측(조회 2026-07),"보조지표(2026-06 표본 예측력 약함 r≈0.02, 재검증 대상; 단독 사용 안 함, 타깃광고 경계에서만 보조)",관찰 기간 내 공시 확인,1,False,0,False,False,False,False,False,True,False,False,False,False,특이 패턴 미관찰,언급 후 고점 대비 큰 하락; 보도자료성 표현 관찰; 관찰 기간 내 공시 확인
EVT-499916AB0E,084440,유비온,2026-06-16 07:02:49+09:00,2026-06-16 07:02:49+09:00,2026-06-16 07:02:49+09:00,1,1,crioppstockfree,KOSDAQ,20031644787,확인,장전,47010.2,36456.0,15,3,1.746543778801843,0.85235627118401,-4.295051353874879,-2.81056831179679,15거래일 관찰 완료,15,6.596386332575776,-17.5609756097561,2026-06-16,확인,65,6,19,False,13,False,38,True,0,0,0.3384615384615385,"네이버 인링크(CP) 관측(oid=001) · 네이버 인링크(CP) 관측(oid=003) · 네이버 인링크(CP) 관측(oid=015) · 네이버 인링크(CP) 관측(oid=016) · 네이버 인링크(CP) 관측(oid=018) · 네이버 인링크(CP) 관측(oid=020) · 네이버 인링크(CP) 관측(oid=022) · 네이버 인링크(CP) 관측(oid=030) · 네이버 인링크(CP) 관측(oid=079) · 네이버 인링크(CP) 관측(oid=119) · 네이버 인링크(CP) 관측(oid=215) · 네이버 인링크(CP) 관측(oid=277) · 네이버 인링크(CP) 관측(oid=366) · 네이버 인링크(CP) 관측(oid=421) · 네이버 인링크(CP) 관측(oid=662) · 미분류: 포털 CP 미등재 + 네이버 인링크 미관측(조회 2026-07) · 포털 CP 등재(다음 news.daum.net/cplist·네이트 경제 CP, 조회 2026-07)","보조지표(2026-06 표본 예측력 약함 r≈0.02, 재검증 대상; 단독 사용 안 함, 타깃광고 경계에서만 보조)",관찰 기간 내 공시 확인,4,True,1,False,False,False,False,False,True,False,False,False,False,특이 패턴 미관찰,언급 후 고점 대비 큰 하락; 유사 기사 반복 관찰; 중요 공시 후보 제목 관찰
EVT-645541B48E,096690,에이루트,2026-06-16 07:02:49+09:00,2026-06-16 07:02:49+09:00,2026-06-18 12:20:17+09:00,2,1,crioppstockfree,KOSDAQ,20275123680,확인,장전,22813.0,17295.0,15,3,1.901879155825383,0.5784776005459191,10.37037037037036,13.57143803765275,15거래일 관찰 완료,15,16.93874152943671,-15.60402684563759,2026-06-16,확인,63,20,19,False,8,True,21,True,1,0,0.6190476190476191,"네이버 인링크(CP) 관측(oid=003) · 네이버 인링크(CP) 관측(oid=008) · 네이버 인링크(CP) 관측(oid=018) · 네이버 인링크(CP) 관측(oid=277) · 네이버 인링크(CP) 관측(oid=374) · 미분류: 포털 CP 미등재 + 네이버 인링크 미관측(조회 2026-07) · 포털 CP 등재(다음 news.daum.net/cplist·네이트 경제 CP, 조회 2026-07)","보조지표(2026-06 표본 예측력 약함 r≈0.02, 재검증 대상; 단독 사용 안 함, 타깃광고 경계에서만 보조)",관찰 기간 내 공시 확인,4,True,4,False,False,False,True,False,True,False,False,False,False,특이 패턴 미관찰,코스닥 대비 단기 초과상승; 언급 후 고점 대비 큰 하락; 유사 기사 반복 관찰; 보도자료성 표현 관찰; 중요 공시 후보 제목 관찰
EVT-6E97060B46,232830,아이티센피엔에스,2026-06-16 07:50:03+09:00,2026-06-16 07:50:03+09:00,2026-06-17 11:48:05+09:00,4,3,companyreport; crioppstockfree; numt7777,KOSDAQ,22403198730,확인,장전,103799.2666666667,90832.0,15,3,2.652248106394222,1.326677870209332,-6.976744186046513,-5.492261143968425,15거래일 관찰 완료,15,-15.55706895197707,-33.95833333333334,2026-06-16,확인,55,1,21,False,4,False,25,True,0,0,0.7636363636363637,"네이버 인링크(CP) 관측(oid=003) · 네이버 인링크(CP) 관측(oid=008) · 네이버 인링크(CP) 관측(oid=009) · 네이버 인링크(CP) 관측(oid=030) · 네이버 인링크(CP) 관측(oid=092) · 네이버 인링크(CP) 관측(oid=138) · 네이버 인링크(CP) 관측(oid=293) · 미분류: 포털 CP 미등재 + 네이버 인링크 미관측(조회 2026-07) · 포털 CP 등재(다음 news.daum.net/cplist·네이트 경제 CP, 조회 2026-07)","보조지표(2026-06 표본 예측력 약함 r≈0.02, 재검증 대상; 단독 사용 안 함, 타깃광고 경계에서만 보조)",관찰 기간 내 공시 미확인,0,False,0,False,False,False,False,True,True,False,False,False,False,특이 패턴 미관찰,언급 후 코스닥 대비 하락; 언급 후 고점 대비 큰 하락; 복수 Telegram 채널 언급; 유사 기사 반복 관찰; 관찰 기간 내 공시 미확인
EVT-5AFFB002B9,039740,한국정보공학,2026-06-16 09:42:48+09:00,2026-06-16 09:42:48+09:00,2026-06-17 12:16:16+09:00,3,1,FastStockNews,KOSDAQ,24576386805,확인,장중,280249.0,87632.0,15,3,5.120960379769947,3.974907180556372,2.445652173913038,3.930135215991126,15거래일 관찰 완료,15,-3.482024743312174,-25.72944297082228,2026-06-16,확인,34,11,10,False,0,True,27,True,1,1,0.6176470588235294,네이버 인링크(CP) 관측(oid=008) · 네이버 인링크(CP) 관측(oid=015) · 네이버 인링크(CP) 관측(oid=018) · 네이버 인링크(CP) 관측(oid=020) · 네이버 인링크(CP) 관측(oid=025) · 네이버 인링크(CP) 관측(oid=030) · 네이버 인링크(CP) 관측(oid=092) · 네이버 인링크(CP) 관측(oid=138) · 네이버 인링크(CP) 관측(oid=366) · 미분류: 포털 CP 미등재 + 네이버 인링크 미관측(조회 2026-07),"보조지표(2026-06 표본 예측력 약함 r≈0.02, 재검증 대상; 단독 사용 안 함, 타깃광고 경계에서만 보조)",관찰 기간 내 공시 미확인,0,False,0,True,True,True,False,False,True,False,False,False,False,특이 패턴 미관찰,기준 중앙값 대비 거래량 이상; MAD 기준 거래량 이상치; 언급 후 고점 대비 큰 하락; 보도자료성 표현 관찰; 관찰 기간 내 공시 미확인
EVT-E890961C37,377330,이지트로닉스,2026-06-16 11:35:38+09:00,2026-06-16 11:35:38+09:00,2026-06-18 08:46:42+09:00,3,2,crioppstockfree; mbngoldcsi,KOSDAQ,19495189830,확인,장중,36917.73333333333,13368.0,15,3,12.83467983243567,2.404292801907923,4.553119730185506,6.037602772263595,15거래일 관찰 완료,15,-8.050348521869545,-27.58064516129032,2026-06-16,확인,22,5,4,False,0,False,10,True,0,0,0.6818181818181818,"네이버 인링크(CP) 관측(oid=003) · 네이버 인링크(CP) 관측(oid=018) · 네이버 인링크(CP) 관측(oid=020) · 네이버 인링크(CP) 관측(oid=277) · 미분류: 포털 CP 미등재 + 네이버 인링크 미관측(조회 2026-07) · 포털 CP 등재(다음 news.daum.net/cplist·네이트 경제 CP, 조회 2026-07)","보조지표(2026-06 표본 예측력 약함 r≈0.02, 재검증 대상; 단독 사용 안 함, 타깃광고 경계에서만 보조)",관찰 기간 내 공시 미확인,0,False,0,True,False,True,False,False,True,False,False,False,False,특이 패턴 미관찰,기준 중앙값 대비 거래량 이상; 언급 후 고점 대비 큰 하락; 복수 Telegram 채널 언급; 관찰 기간 내 공시 미확인
EVT-64B5D10FE6,373170,엠아이큐브솔루션,2026-06-16 11:37:32+09:00,2026-06-16 11:37:32+09:00,2026-06-16 11:37:32+09:00,1,1,crioppstockfree,KOSDAQ,23743764090,확인,장중,41014.6,35374.0,15,3,0.6751851642449257,-0.6497280098997782,0.0,1.484483042078089,15거래일 관찰 완료,15,2.037628017719893,-25.77272727272727,2026-06-16,확인,53,3,17,False,9,False,41,True,0,0,0.7924528301886793,"네이버 인링크(CP) 관측(oid=003) · 네이버 인링크(CP) 관측(oid=011) · 네이버 인링크(CP) 관측(oid=015) · 네이버 인링크(CP) 관측(oid=016) · 네이버 인링크(CP) 관측(oid=030) · 네이버 인링크(CP) 관측(oid=092) · 네이버 인링크(CP) 관측(oid=138) · 네이버 인링크(CP) 관측(oid=277) · 미분류: 포털 CP 미등재 + 네이버 인링크 미관측(조회 2026-07) · 포털 CP 등재(다음 news.daum.net/cplist·네이트 경제 CP, 조회 2026-07)","보조지표(2026-06 표본 예측력 약함 r≈0.02, 재검증 대상; 단독 사용 안 함, 타깃광고 경계에서만 보조)",관찰 기간 내 공시 미확인,0,False,0,False,False,False,False,False,True,False,False,False,False,특이 패턴 미관찰,언급 후 고점 대비 큰 하락; 유사 기사 반복 관찰; 관찰 기간 내 공시 미확인
EVT-9678D24BF6,025870,신라에스지,2026-06-16 19:54:14+09:00,2026-06-16 19:54:14+09:00,2026-06-16 19:57:19+09:00,2,1,crioppstockfree,KOSDAQ,6680000000,확인,장후,16127.13333333333,10068.0,15,3,5.307508939213349,1.777098652563288,-2.258064516129032,-0.531681100272718,15거래일 관찰 완료,15,-12.70250324385126,-36.63366336633663,2026-06-17,확인,24,9,4,False,2,True,11,True,1,0,0.875,네이버 인링크(CP) 관측(oid=015) · 네이버 인링크(CP) 관측(oid=018) · 미분류: 포털 CP 미등재 + 네이버 인링크 미관측(조회 2026-07),"보조지표(2026-06 표본 예측력 약함 r≈0.02, 재검증 대상; 단독 사용 안 함, 타깃광고 경계에서만 보조)",관찰 기간 내 공시 확인,1,False,0,True,False,True,False,True,True,False,False,False,False,특이 패턴 미관찰,기준 중앙값 대비 거래량 이상; 언급 후 코스닥 대비 하락; 언급 후 고점 대비 큰 하락; 유사 기사 반복 관찰; 보도자료성 표현 관찰; 관찰 기간 내 공시 확인
EVT-44869939BB,241840,에이스토리,2026-06-16 19:54:14+09:00,2026-06-16 19:54:14+09:00,2026-06-16 19:54:14+09:00,1,1,crioppstockfree,KOSDAQ,20797186920,확인,장후,110612.6,54554.0,15,3,0.7639586464787184,-0.2922654464666453,1.818181818181808,0.5145339601694721,15거래일 관찰 완료,15,3.151939343264598,-33.11688311688312,2026-06-17,확인,40,9,24,False,6,False,31,True,0,0,0.6,"네이버 인링크(CP) 관측(oid=003) · 네이버 인링크(CP) 관측(oid=011) · 네이버 인링크(CP) 관측(oid=018) · 네이버 인링크(CP) 관측(oid=025) · 네이버 인링크(CP) 관측(oid=056) · 네이버 인링크(CP) 관측(oid=079) · 네이버 인링크(CP) 관측(oid=092) · 네이버 인링크(CP) 관측(oid=119) · 네이버 인링크(CP) 관측(oid=277) · 네이버 인링크(CP) 관측(oid=293) · 네이버 인링크(CP) 관측(oid=421) · 네이버 인링크(CP) 관측(oid=437) · 네이버 인링크(CP) 관측(oid=629) · 미분류: 포털 CP 미등재 + 네이버 인링크 미관측(조회 2026-07) · 포털 CP 등재(다음 news.daum.net/cplist·네이트 경제 CP, 조회 2026-07)","보조지표(2026-06 표본 예측력 약함 r≈0.02, 재검증 대상; 단독 사용 안 함, 타깃광고 경계에서만 보조)",관찰 기간 내 공시 확인,1,True,1,False,False,False,False,False,True,False,False,False,False,특이 패턴 미관찰,언급 후 고점 대비 큰 하락; 유사 기사 반복 관찰; 중요 공시 후보 제목 관찰
EVT-E88D143C47,310870,디와이씨,2026-06-16 19:54:14+09:00,2026-06-16 19:54:14+09:00,2026-06-19 16:39:48+09:00,2,2,crioppstockfree; jeilstock,KOSDAQ,29025525048,확인,장후,782976.9333333333,289186.0,15,3,1.340358800218544,0.4041496958927389,1.332288401253923,5.975549155567095,15거래일 관찰 완료,15,14.74027245555686,-18.13031161473087,2026-06-17,확인,15,6,6,False,0,True,7,False,1,0,1.0,미분류: 포털 CP 미등재 + 네이버 인링크 미관측(조회 2026-07),"보조지표(2026-06 표본 예측력 약함 r≈0.02, 재검증 대상; 단독 사용 안 함, 타깃광고 경계에서만 보조)",관찰 기간 내 공시 확인,2,True,2,False,False,False,False,False,True,False,False,False,False,특이 패턴 미관찰,언급 후 고점 대비 큰 하락; 복수 Telegram 채널 언급; 보도자료성 표현 관찰; 중요 공시 후보 제목 관찰
EVT-7B0F9B2494,109960,앱토크롬,2026-06-17 07:06:54+09:00,2026-06-17 07:06:54+09:00,2026-06-17 08:43:38+09:00,2,2,crioppstockfree; jeilstock,KOSDAQ,25649134935,확인,장전,29173.90909090909,22353.0,11,3,0.4666040352525388,-0.6037671080431902,-0.3252032520325243,3.216461219860157,15거래일 관찰 완료,15,17.23910353924272,-7.993474714518756,2026-06-17,확인,16,1,10,False,0,False,12,True,0,0,0.6875,"네이버 인링크(CP) 관측(oid=008) · 네이버 인링크(CP) 관측(oid=031) · 미분류: 포털 CP 미등재 + 네이버 인링크 미관측(조회 2026-07) · 포털 CP 등재(다음 news.daum.net/cplist·네이트 경제 CP, 조회 2026-07)","보조지표(2026-06 표본 예측력 약함 r≈0.02, 재검증 대상; 단독 사용 안 함, 타깃광고 경계에서만 보조)",관찰 기간 내 공시 확인,3,False,0,False,False,False,False,False,False,False,False,False,False,특이 패턴 미관찰,복수 Telegram 채널 언급; 관찰 기간 내 공시 확인
EVT-2D0A91DC48,462510,라메디텍,2026-06-17 07:06:54+09:00,2026-06-17 07:06:54+09:00,2026-06-17 08:43:38+09:00,2,2,crioppstockfree; jeilstock,KOSDAQ,24956405775,확인,장전,42763.2,41791.0,15,3,1.09516403053289,0.1230232953522942,2.531645569620244,5.271708038151124,15거래일 관찰 완료,15,8.4752095815271,-23.35329341317365,2026-06-17,확인,48,1,31,False,12,False,21,True,0,0,0.7708333333333334,네이버 인링크(CP) 관측(oid=003) · 네이버 인링크(CP) 관측(oid=018) · 네이버 인링크(CP) 관측(oid=020) · 네이버 인링크(CP) 관측(oid=584) · 미분류: 포털 CP 미등재 + 네이버 인링크 미관측(조회 2026-07),"보조지표(2026-06 표본 예측력 약함 r≈0.02, 재검증 대상; 단독 사용 안 함, 타깃광고 경계에서만 보조)",관찰 기간 내 공시 확인,1,False,0,False,False,False,False,False,True,False,False,False,False,특이 패턴 미관찰,언급 후 고점 대비 큰 하락; 복수 Telegram 채널 언급; 유사 기사 반복 관찰; 관찰 기간 내 공시 확인
EVT-B90D2F3BB1,288620,에스프리즘,2026-06-17 07:07:00+09:00,2026-06-17 07:07:00+09:00,2026-06-19 07:05:53+09:00,2,1,crioppstockfree,KOSDAQ,28405816120,확인,장전,39730.46666666667,41018.0,15,3,0.6058072065922278,-1.075184400496363,1.510989010989006,0.20734115297667,15거래일 관찰 완료,15,-13.34894813191246,-37.28010825439784,2026-06-17,확인,18,5,6,False,0,False,9,True,0,0,0.9444444444444444,네이버 인링크(CP) 관측(oid=018) · 미분류: 포털 CP 미등재 + 네이버 인링크 미관측(조회 2026-07),"보조지표(2026-06 표본 예측력 약함 r≈0.02, 재검증 대상; 단독 사용 안 함, 타깃광고 경계에서만 보조)",관찰 기간 내 공시 확인,3,True,2,False,False,False,False,True,True,False,False,False,False,특이 패턴 미관찰,언급 후 코스닥 대비 하락; 언급 후 고점 대비 큰 하락; 중요 공시 후보 제목 관찰
EVT-082D42BA55,431190,케이쓰리아이,2026-06-17 16:50:03+09:00,2026-06-17 16:50:03+09:00,2026-06-19 11:31:11+09:00,3,2,companyreport; crioppstockfree,KOSDAQ,17405977650,확인,장후,50508.73333333333,42790.0,15,3,7.25548025239542,2.267377915630839,-1.340996168582376,4.99355168210951,15거래일 관찰 완료,15,13.19902591599912,-20.38834951456311,2026-06-18,확인,24,1,7,False,0,True,14,True,2,0,0.8333333333333334,네이버 인링크(CP) 관측(oid=003) · 네이버 인링크(CP) 관측(oid=018) · 네이버 인링크(CP) 관측(oid=277) · 미분류: 포털 CP 미등재 + 네이버 인링크 미관측(조회 2026-07),"보조지표(2026-06 표본 예측력 약함 r≈0.02, 재검증 대상; 단독 사용 안 함, 타깃광고 경계에서만 보조)",관찰 기간 내 공시 미확인,0,False,0,True,False,True,False,False,True,False,False,False,False,특이 패턴 미관찰,기준 중앙값 대비 거래량 이상; 언급 후 고점 대비 큰 하락; 복수 Telegram 채널 언급; 보도자료성 표현 관찰; 관찰 기간 내 공시 미확인
EVT-5516091F47,225590,패션플랫폼,2026-06-17 19:32:12+09:00,2026-06-17 19:32:12+09:00,2026-06-17 19:32:12+09:00,1,1,crioppstockfree,KOSDAQ,16593258240,확인,장후,23100.86666666666,17333.0,15,3,1.099405757803035,0.170518821493353,0.2557544757033181,3.777003093658638,15거래일 관찰 완료,15,2.306426451971088,-18.49489795918367,2026-06-18,기사 미확인,0,0,0,False,0,False,0,False,0,0,0.0,,"보조지표(2026-06 표본 예측력 약함 r≈0.02, 재검증 대상; 단독 사용 안 함, 타깃광고 경계에서만 보조)",관찰 기간 내 공시 확인,1,False,0,False,False,False,False,False,True,False,False,False,False,특이 패턴 미관찰,언급 후 고점 대비 큰 하락; 관찰 기간 내 공시 확인; 뉴스: 기사 미확인
EVT-4BCDE4F8DD,032860,더라미,2026-06-17 20:22:12+09:00,2026-06-17 20:22:12+09:00,2026-06-17 20:22:12+09:00,1,1,mbngoldcsi,KOSDAQ,25408997827,확인,장후,172061.8,140779.0,15,3,1.559948571875067,0.3856226761582454,-7.026348808030114,-1.068212500625553,15거래일 관찰 완료,15,5.694016305726358,-25.91093117408907,2026-06-18,확인,8,0,0,False,0,False,5,False,0,0,1.0,미분류: 포털 CP 미등재 + 네이버 인링크 미관측(조회 2026-07),"보조지표(2026-06 표본 예측력 약함 r≈0.02, 재검증 대상; 단독 사용 안 함, 타깃광고 경계에서만 보조)",관찰 기간 내 공시 미확인,0,False,0,False,False,False,False,False,True,False,False,False,False,특이 패턴 미관찰,언급 후 고점 대비 큰 하락; 관찰 기간 내 공시 미확인
EVT-607EEDB255,227610,아우딘퓨쳐스,2026-06-18 07:07:20+09:00,2026-06-18 07:07:20+09:00,2026-06-18 08:46:33+09:00,2,2,crioppstockfree; jeilstock,KOSDAQ,26252543705,확인,장전,145488.4285714286,68857.5,14,3,0.7562139200522819,-0.5798195021631248,-2.526724975704564,1.669824818621913,15거래일 관찰 완료,15,25.16031376961,-22.43270189431705,2026-06-18,확인,18,4,8,False,0,False,11,True,0,0,0.8333333333333334,네이버 인링크(CP) 관측(oid=011) · 네이버 인링크(CP) 관측(oid=018) · 네이버 인링크(CP) 관측(oid=374) · 미분류: 포털 CP 미등재 + 네이버 인링크 미관측(조회 2026-07),"보조지표(2026-06 표본 예측력 약함 r≈0.02, 재검증 대상; 단독 사용 안 함, 타깃광고 경계에서만 보조)",관찰 기간 내 공시 미확인,0,False,0,False,False,False,False,False,True,False,False,False,False,특이 패턴 미관찰,언급 후 고점 대비 큰 하락; 복수 Telegram 채널 언급; 관찰 기간 내 공시 미확인
EVT-A12B55D760,006050,국영지앤엠,2026-06-18 08:46:42+09:00,2026-06-18 08:46:42+09:00,2026-06-18 08:46:42+09:00,1,1,crioppstockfree,KOSDAQ,18703850248,확인,장전,752804.4,530760.0,15,3,1.266926671188484,0.4225763391394237,0.0,3.006899492228388,15거래일 관찰 완료,15,-4.20101792811818,-24.87479131886478,2026-06-18,확인,29,6,12,False,0,False,17,True,0,2,0.7931034482758621,"네이버 인링크(CP) 관측(oid=018) · 네이버 인링크(CP) 관측(oid=020) · 미분류: 포털 CP 미등재 + 네이버 인링크 미관측(조회 2026-07) · 포털 CP 등재(다음 news.daum.net/cplist·네이트 경제 CP, 조회 2026-07)","보조지표(2026-06 표본 예측력 약함 r≈0.02, 재검증 대상; 단독 사용 안 함, 타깃광고 경계에서만 보조)",관찰 기간 내 공시 확인,3,False,0,False,False,False,False,False,True,False,False,False,False,특이 패턴 미관찰,언급 후 고점 대비 큰 하락; 관찰 기간 내 공시 확인
EVT-0B07167C5D,013810,스페코,2026-06-18 08:46:42+09:00,2026-06-18 08:46:42+09:00,2026-06-19 11:29:26+09:00,2,1,crioppstockfree,KOSDAQ,25002231820,확인,장전,98461.8,54556.0,15,3,1.795531197301855,1.004908063409878,-5.400000000000005,-2.393100507771617,15거래일 관찰 완료,15,15.33550700596858,-19.13319238900634,2026-06-18,확인,21,11,6,False,2,True,8,True,1,0,0.9047619047619048,네이버 인링크(CP) 관측(oid=003) · 미분류: 포털 CP 미등재 + 네이버 인링크 미관측(조회 2026-07),"보조지표(2026-06 표본 예측력 약함 r≈0.02, 재검증 대상; 단독 사용 안 함, 타깃광고 경계에서만 보조)",관찰 기간 내 공시 미확인,0,False,0,False,False,False,False,False,True,False,False,False,False,특이 패턴 미관찰,언급 후 고점 대비 큰 하락; 유사 기사 반복 관찰; 보도자료성 표현 관찰; 관찰 기간 내 공시 미확인
EVT-250BD8293F,058110,멕아이씨에스,2026-06-18 08:46:42+09:00,2026-06-18 08:46:42+09:00,2026-06-18 08:46:42+09:00,1,1,crioppstockfree,KOSDAQ,26852536690,확인,장전,73991.53333333334,69614.0,15,3,0.5532795127416898,-1.024339750848964,-6.91964285714286,-1.254737863593824,15거래일 관찰 완료,15,9.402790177317343,-11.27098321342925,2026-06-18,확인,11,1,2,False,2,False,6,True,0,0,0.6363636363636364,네이버 인링크(CP) 관측(oid=003) · 네이버 인링크(CP) 관측(oid=277) · 미분류: 포털 CP 미등재 + 네이버 인링크 미관측(조회 2026-07),"보조지표(2026-06 표본 예측력 약함 r≈0.02, 재검증 대상; 단독 사용 안 함, 타깃광고 경계에서만 보조)",관찰 기간 내 공시 확인,3,False,0,False,False,False,False,False,False,False,False,False,False,특이 패턴 미관찰,유사 기사 반복 관찰; 관찰 기간 내 공시 확인
EVT-92FB9D1390,215090,솔디펜스,2026-06-18 08:46:42+09:00,2026-06-18 08:46:42+09:00,2026-06-18 08:46:42+09:00,1,1,crioppstockfree,KOSDAQ,29963425334,확인,장전,161438.3333333333,121098.0,15,3,1.401203983550513,0.4451929928698831,-7.801418439716312,-4.794518947487925,15거래일 관찰 완료,15,-8.67533903528891,-33.31360946745562,2026-06-18,확인,25,5,6,False,0,False,11,False,0,0,1.0,미분류: 포털 CP 미등재 + 네이버 인링크 미관측(조회 2026-07),"보조지표(2026-06 표본 예측력 약함 r≈0.02, 재검증 대상; 단독 사용 안 함, 타깃광고 경계에서만 보조)",관찰 기간 내 공시 미확인,0,False,0,False,False,False,False,False,True,False,False,False,False,특이 패턴 미관찰,언급 후 고점 대비 큰 하락; 관찰 기간 내 공시 미확인
EVT-0D37C84BF0,215790,이노인스트루먼트,2026-06-18 08:46:42+09:00,2026-06-18 08:46:42+09:00,2026-06-18 08:46:42+09:00,1,1,crioppstockfree,KOSDAQ,29527548217,확인,장전,8635713.4,4783834.0,15,3,1.035866211076722,0.06177886537503749,-0.4641909814323553,2.542708510796032,15거래일 관찰 완료,15,-22.83055705562249,-46.70219853431045,2026-06-18,확인,48,12,30,False,2,True,16,True,4,3,0.8333333333333334,"네이버 인링크(CP) 관측(oid=003) · 네이버 인링크(CP) 관측(oid=081) · 네이버 인링크(CP) 관측(oid=374) · 미분류: 포털 CP 미등재 + 네이버 인링크 미관측(조회 2026-07) · 포털 CP 등재(다음 news.daum.net/cplist·네이트 경제 CP, 조회 2026-07)","보조지표(2026-06 표본 예측력 약함 r≈0.02, 재검증 대상; 단독 사용 안 함, 타깃광고 경계에서만 보조)",관찰 기간 내 공시 미확인,0,False,0,False,False,False,False,True,True,False,False,False,False,특이 패턴 미관찰,언급 후 코스닥 대비 하락; 언급 후 고점 대비 큰 하락; 유사 기사 반복 관찰; 보도자료성 표현 관찰; 관찰 기간 내 공시 미확인
EVT-7C05424FB5,274400,이노시뮬레이션,2026-06-18 08:46:42+09:00,2026-06-18 08:46:42+09:00,2026-06-19 08:56:27+09:00,3,2,crioppstockfree; jeilstock,KOSDAQ,16991741910,확인,장전,17351.73333333333,17309.0,15,3,1.597434860477208,1.016444798660011,-7.190635451505011,-0.856087600813126,15거래일 관찰 완료,15,-7.499825162598796,-28.43243243243243,2026-06-18,확인,60,20,9,False,0,False,49,True,0,0,0.65,"네이버 인링크(CP) 관측(oid=003) · 네이버 인링크(CP) 관측(oid=008) · 네이버 인링크(CP) 관측(oid=018) · 네이버 인링크(CP) 관측(oid=023) · 네이버 인링크(CP) 관측(oid=030) · 네이버 인링크(CP) 관측(oid=031) · 네이버 인링크(CP) 관측(oid=092) · 네이버 인링크(CP) 관측(oid=138) · 네이버 인링크(CP) 관측(oid=277) · 네이버 인링크(CP) 관측(oid=366) · 네이버 인링크(CP) 관측(oid=421) · 네이버 인링크(CP) 관측(oid=584) · 미분류: 포털 CP 미등재 + 네이버 인링크 미관측(조회 2026-07) · 포털 CP 등재(다음 news.daum.net/cplist·네이트 경제 CP, 조회 2026-07)","보조지표(2026-06 표본 예측력 약함 r≈0.02, 재검증 대상; 단독 사용 안 함, 타깃광고 경계에서만 보조)",관찰 기간 내 공시 미확인,0,False,0,False,False,False,False,False,True,False,False,False,False,특이 패턴 미관찰,언급 후 고점 대비 큰 하락; 복수 Telegram 채널 언급; 관찰 기간 내 공시 미확인
EVT-3FF7CE2DDF,277410,인산가,2026-06-18 08:46:42+09:00,2026-06-18 08:46:42+09:00,2026-06-19 16:39:48+09:00,2,2,crioppstockfree; jeilstock,KOSDAQ,20972679000,확인,장전,14741.73333333333,12071.0,15,2,1.445282081020628,0.4753818444444251,-0.497512437810943,5.837035412880942,15거래일 관찰 완료,15,23.76655689590122,0.0,2026-06-18,확인,43,8,12,False,0,True,30,True,1,0,0.7209302325581395,네이버 인링크(CP) 관측(oid=003) · 네이버 인링크(CP) 관측(oid=009) · 네이버 인링크(CP) 관측(oid=014) · 네이버 인링크(CP) 관측(oid=016) · 네이버 인링크(CP) 관측(oid=018) · 네이버 인링크(CP) 관측(oid=056) · 네이버 인링크(CP) 관측(oid=092) · 네이버 인링크(CP) 관측(oid=117) · 네이버 인링크(CP) 관측(oid=421) · 네이버 인링크(CP) 관측(oid=607) · 미분류: 포털 CP 미등재 + 네이버 인링크 미관측(조회 2026-07),"보조지표(2026-06 표본 예측력 약함 r≈0.02, 재검증 대상; 단독 사용 안 함, 타깃광고 경계에서만 보조)",관찰 기간 내 공시 확인,1,True,1,False,False,False,False,False,False,False,False,False,False,특이 패턴 미관찰,복수 Telegram 채널 언급; 보도자료성 표현 관찰; 중요 공시 후보 제목 관찰
EVT-F1CA89B9EE,073190,듀오백,2026-06-18 10:00:29+09:00,2026-06-18 10:00:29+09:00,2026-06-19 12:00:21+09:00,10,2,crioppstockfree; numt7777,KOSDAQ,8616988800,확인,장중,340448.6,90480.0,15,3,7.795512820512821,1.065671758289407,-24.4408945686901,-18.92071874891255,15거래일 관찰 완료,15,-9.981617729760806,-30.6553911205074,2026-06-18,확인,75,21,23,False,2,True,31,True,2,10,0.5733333333333334,"네이버 인링크(CP) 관측(oid=003) · 네이버 인링크(CP) 관측(oid=008) · 네이버 인링크(CP) 관측(oid=014) · 네이버 인링크(CP) 관측(oid=018) · 네이버 인링크(CP) 관측(oid=081) · 네이버 인링크(CP) 관측(oid=277) · 네이버 인링크(CP) 관측(oid=366) · 미분류: 포털 CP 미등재 + 네이버 인링크 미관측(조회 2026-07) · 포털 CP 등재(다음 news.daum.net/cplist·네이트 경제 CP, 조회 2026-07)","보조지표(2026-06 표본 예측력 약함 r≈0.02, 재검증 대상; 단독 사용 안 함, 타깃광고 경계에서만 보조)",관찰 기간 내 공시 확인,3,False,0,True,False,True,False,False,True,False,False,False,False,특이 패턴 미관찰,기준 중앙값 대비 거래량 이상; 언급 후 고점 대비 큰 하락; 복수 Telegram 채널 언급; 유사 기사 반복 관찰; 보도자료성 표현 관찰; 관찰 기간 내 공시 확인
EVT-432CF0B593,309930,조이웍스앤코,2026-06-18 10:00:29+09:00,2026-06-18 10:00:29+09:00,2026-06-19 16:39:48+09:00,8,3,jeilstock; mbngoldcsi; numt7777,KOSDAQ,15597270090,확인,장중,153842.2142857143,43480.5,14,3,41.43627603178437,6.567964576197918,-25.95325953259533,-22.94636004036694,15거래일 관찰 완료,15,-1.917588735499255,-49.16943521594684,2026-06-18,확인,31,4,5,False,2,True,20,True,2,2,0.6129032258064516,"네이버 인링크(CP) 관측(oid=003) · 네이버 인링크(CP) 관측(oid=009) · 네이버 인링크(CP) 관측(oid=015) · 네이버 인링크(CP) 관측(oid=081) · 네이버 인링크(CP) 관측(oid=366) · 네이버 인링크(CP) 관측(oid=648) · 미분류: 포털 CP 미등재 + 네이버 인링크 미관측(조회 2026-07) · 포털 CP 등재(다음 news.daum.net/cplist·네이트 경제 CP, 조회 2026-07)","보조지표(2026-06 표본 예측력 약함 r≈0.02, 재검증 대상; 단독 사용 안 함, 타깃광고 경계에서만 보조)",관찰 기간 내 공시 확인,6,False,0,True,True,True,False,False,True,False,False,False,False,특이 패턴 미관찰,기준 중앙값 대비 거래량 이상; MAD 기준 거래량 이상치; 언급 후 고점 대비 큰 하락; 복수 Telegram 채널 언급; 유사 기사 반복 관찰; 보도자료성 표현 관찰; 관찰 기간 내 공시 확인
EVT-3F67CFA184,444530,심플랫폼,2026-06-18 12:10:24+09:00,2026-06-18 12:10:24+09:00,2026-06-18 12:10:24+09:00,1,1,crioppstockfree,KOSDAQ,27792728520,확인,장중,50303.46666666667,45008.0,15,3,1.912859936011376,1.212444324070724,0.0,3.006899492228388,15거래일 관찰 완료,15,-17.88208491988011,-39.3732970027248,2026-06-18,기사 미확인,0,0,0,False,0,False,0,False,0,0,0.0,,"보조지표(2026-06 표본 예측력 약함 r≈0.02, 재검증 대상; 단독 사용 안 함, 타깃광고 경계에서만 보조)",관찰 기간 내 공시 미확인,0,False,0,False,False,False,False,True,True,False,False,False,False,특이 패턴 미관찰,언급 후 코스닥 대비 하락; 언급 후 고점 대비 큰 하락; 관찰 기간 내 공시 미확인; 뉴스: 기사 미확인
EVT-8CE2DC7C25,240600,유진테크놀로지,2026-06-18 12:10:31+09:00,2026-06-18 12:10:31+09:00,2026-06-19 07:05:53+09:00,3,1,crioppstockfree,KOSDAQ,14549117100,확인,장중,324017.0666666667,28687.0,15,3,11.64325304144734,4.002418306094475,-5.741626794258369,-2.734727302029982,15거래일 관찰 완료,15,-11.47512677845815,-35.39763113367174,2026-06-18,확인,22,0,0,False,0,False,15,True,0,0,0.8181818181818182,네이버 인링크(CP) 관측(oid=003) · 네이버 인링크(CP) 관측(oid=011) · 네이버 인링크(CP) 관측(oid=014) · 네이버 인링크(CP) 관측(oid=015) · 미분류: 포털 CP 미등재 + 네이버 인링크 미관측(조회 2026-07),"보조지표(2026-06 표본 예측력 약함 r≈0.02, 재검증 대상; 단독 사용 안 함, 타깃광고 경계에서만 보조)",관찰 기간 내 공시 확인,1,True,1,True,True,True,False,True,True,False,False,False,False,특이 패턴 미관찰,기준 중앙값 대비 거래량 이상; MAD 기준 거래량 이상치; 언급 후 코스닥 대비 하락; 언급 후 고점 대비 큰 하락; 중요 공시 후보 제목 관찰
EVT-190A7271F8,083660,CSA 코스믹,2026-06-18 15:00:20+09:00,2026-06-18 15:00:20+09:00,2026-06-18 15:00:20+09:00,1,1,numt7777,KOSDAQ,24526966090,확인,장중,4960330.2,705085.0,15,3,18.07709708758518,3.358206973850913,-22.22222222222222,-19.17050265435862,15거래일 관찰 완료,15,-8.871681154707943,-29.54545454545454,2026-06-18,확인,75,22,42,False,0,True,28,True,5,13,0.72,"네이버 인링크(CP) 관측(oid=014) · 네이버 인링크(CP) 관측(oid=028) · 네이버 인링크(CP) 관측(oid=081) · 네이버 인링크(CP) 관측(oid=293) · 네이버 인링크(CP) 관측(oid=374) · 미분류: 포털 CP 미등재 + 네이버 인링크 미관측(조회 2026-07) · 포털 CP 등재(다음 news.daum.net/cplist·네이트 경제 CP, 조회 2026-07)","보조지표(2026-06 표본 예측력 약함 r≈0.02, 재검증 대상; 단독 사용 안 함, 타깃광고 경계에서만 보조)",관찰 기간 내 공시 확인,2,True,1,True,False,True,False,False,True,False,False,False,False,특이 패턴 미관찰,기준 중앙값 대비 거래량 이상; 언급 후 고점 대비 큰 하락; 보도자료성 표현 관찰; 중요 공시 후보 제목 관찰
EVT-E6A6193C2F,035200,프럼파스트,2026-06-18 22:29:07+09:00,2026-06-18 22:29:07+09:00,2026-06-19 07:05:53+09:00,2,1,crioppstockfree,KOSDAQ,25078348320,확인,장후,62728.6,60263.0,15,3,1.270082803710403,0.4314439608886524,-4.317789291882557,-0.8869799445755611,15거래일 관찰 완료,15,21.48518277230728,-10.68580542264753,2026-06-19,확인,10,7,0,True,0,False,7,True,0,0,0.8,네이버 인링크(CP) 관측(oid=018) · 미분류: 포털 CP 미등재 + 네이버 인링크 미관측(조회 2026-07),"보조지표(2026-06 표본 예측력 약함 r≈0.02, 재검증 대상; 단독 사용 안 함, 타깃광고 경계에서만 보조)",관찰 기간 내 공시 확인,1,False,0,False,False,False,False,False,False,False,False,False,False,특이 패턴 미관찰,언급 시점 뉴스 집중; 관찰 기간 내 공시 확인
EVT-E7FB5990D8,368970,오에스피,2026-06-19 07:05:22+09:00,2026-06-19 07:05:22+09:00,2026-06-19 08:56:27+09:00,2,2,crioppstockfree; jeilstock,KOSDAQ,19927783680,확인,장전,63318.6,51082.0,15,3,1.785521318664109,0.8005441015013179,-1.324503311258274,2.106306036048722,15거래일 관찰 완료,15,30.29584125829831,-13.5,2026-06-19,확인,39,5,4,False,2,True,26,True,2,1,0.6923076923076923,"네이버 인링크(CP) 관측(oid=001) · 네이버 인링크(CP) 관측(oid=003) · 네이버 인링크(CP) 관측(oid=011) · 네이버 인링크(CP) 관측(oid=018) · 네이버 인링크(CP) 관측(oid=081) · 네이버 인링크(CP) 관측(oid=277) · 미분류: 포털 CP 미등재 + 네이버 인링크 미관측(조회 2026-07) · 포털 CP 등재(다음 news.daum.net/cplist·네이트 경제 CP, 조회 2026-07)","보조지표(2026-06 표본 예측력 약함 r≈0.02, 재검증 대상; 단독 사용 안 함, 타깃광고 경계에서만 보조)",관찰 기간 내 공시 확인,4,True,2,False,False,False,False,False,False,False,False,False,False,특이 패턴 미관찰,복수 Telegram 채널 언급; 유사 기사 반복 관찰; 보도자료성 표현 관찰; 중요 공시 후보 제목 관찰
EVT-6DA8458CC1,424760,벨로크,2026-06-19 07:05:22+09:00,2026-06-19 07:05:22+09:00,2026-06-19 20:09:13+09:00,3,3,crioppstockfree; jeilstock; mbngoldcsi,KOSDAQ,18952483680,확인,장전,206617.8,128375.0,15,3,4.000950340798442,2.244567697342937,1.973684210526305,5.404493557833301,15거래일 관찰 완료,15,-1.304227576669858,-17.89247311827957,2026-06-19,확인,5,0,1,False,0,False,4,False,0,0,1.0,미분류: 포털 CP 미등재 + 네이버 인링크 미관측(조회 2026-07),"보조지표(2026-06 표본 예측력 약함 r≈0.02, 재검증 대상; 단독 사용 안 함, 타깃광고 경계에서만 보조)",관찰 기간 내 공시 확인,1,False,0,True,False,True,False,False,True,False,False,False,False,특이 패턴 미관찰,기준 중앙값 대비 거래량 이상; 언급 후 고점 대비 큰 하락; 복수 Telegram 채널 언급; 관찰 기간 내 공시 확인
EVT-54929B2AE9,069920,엑시온그룹,2026-06-19 07:05:53+09:00,2026-06-19 07:05:53+09:00,2026-06-19 07:05:53+09:00,1,1,crioppstockfree,KOSDAQ,11462610393,확인,장전,175740.8,56510.0,15,3,3.517112015572465,2.664427742567347,-2.008032128514059,4.103525087130821,15거래일 관찰 완료,15,-39.50641336901958,-52.86885245901639,2026-06-19,확인,38,7,7,False,0,True,23,True,1,2,0.7894736842105263,"네이버 인링크(CP) 관측(oid=001) · 네이버 인링크(CP) 관측(oid=009) · 네이버 인링크(CP) 관측(oid=081) · 네이버 인링크(CP) 관측(oid=366) · 네이버 인링크(CP) 관측(oid=374) · 미분류: 포털 CP 미등재 + 네이버 인링크 미관측(조회 2026-07) · 포털 CP 등재(다음 news.daum.net/cplist·네이트 경제 CP, 조회 2026-07)","보조지표(2026-06 표본 예측력 약함 r≈0.02, 재검증 대상; 단독 사용 안 함, 타깃광고 경계에서만 보조)",관찰 기간 내 공시 확인,1,False,0,True,False,True,False,True,True,False,False,False,False,특이 패턴 미관찰,기준 중앙값 대비 거래량 이상; 언급 후 코스닥 대비 하락; 언급 후 고점 대비 큰 하락; 보도자료성 표현 관찰; 관찰 기간 내 공시 확인
EVT-9767ABB93A,045300,성우테크론,2026-06-19 08:10:03+09:00,2026-06-19 08:10:03+09:00,2026-06-19 08:10:03+09:00,1,1,companyreport,KOSDAQ,25260093740,확인,장전,36564.93333333333,33430.0,15,3,1.405204905773258,0.565866796210328,-1.241134751773054,2.952110919823292,15거래일 관찰 완료,15,3.129045912258922,-12.74685816876122,2026-06-19,확인,27,4,13,False,8,True,13,True,2,0,0.8518518518518519,"네이버 인링크(CP) 관측(oid=081) · 네이버 인링크(CP) 관측(oid=082) · 네이버 인링크(CP) 관측(oid=277) · 미분류: 포털 CP 미등재 + 네이버 인링크 미관측(조회 2026-07) · 포털 CP 등재(다음 news.daum.net/cplist·네이트 경제 CP, 조회 2026-07)","보조지표(2026-06 표본 예측력 약함 r≈0.02, 재검증 대상; 단독 사용 안 함, 타깃광고 경계에서만 보조)",관찰 기간 내 공시 미확인,0,False,0,False,False,False,False,False,False,False,False,False,False,특이 패턴 미관찰,유사 기사 반복 관찰; 보도자료성 표현 관찰; 관찰 기간 내 공시 미확인
EVT-21ADC1E3CD,048470,대동스틸,2026-06-19 11:29:26+09:00,2026-06-19 11:29:26+09:00,2026-06-19 11:29:26+09:00,1,1,crioppstockfree,KOSDAQ,24269750000,확인,장중,107117.6,48466.0,15,3,2.970370981719143,1.972430761426996,-5.059021922428331,0.9814245433028876,15거래일 관찰 완료,15,7.134681082879369,-14.20959147424512,2026-06-19,확인,14,1,6,False,0,True,4,False,1,1,1.0,미분류: 포털 CP 미등재 + 네이버 인링크 미관측(조회 2026-07),"보조지표(2026-06 표본 예측력 약함 r≈0.02, 재검증 대상; 단독 사용 안 함, 타깃광고 경계에서만 보조)",관찰 기간 내 공시 확인,7,False,0,False,False,False,False,False,False,False,False,False,True,특이 패턴 미관찰,보도자료성 표현 관찰; 관찰 기간 내 공시 확인
EVT-CF83122B79,109670,씨싸이트,2026-06-19 16:39:48+09:00,2026-06-19 16:39:48+09:00,2026-06-19 16:39:48+09:00,1,1,jeilstock,KOSDAQ,20515656030,확인,장후,12267.53333333333,10407.0,15,3,2.23782069760738,1.017137529929145,-6.25,-6.437256230666555,15거래일 관찰 완료,15,40.78893019413465,-14.74654377880185,2026-06-22,확인,10,0,2,False,0,True,7,True,1,1,0.8,"네이버 인링크(CP) 관측(oid=031) · 미분류: 포털 CP 미등재 + 네이버 인링크 미관측(조회 2026-07) · 포털 CP 등재(다음 news.daum.net/cplist·네이트 경제 CP, 조회 2026-07)","보조지표(2026-06 표본 예측력 약함 r≈0.02, 재검증 대상; 단독 사용 안 함, 타깃광고 경계에서만 보조)",관찰 기간 내 공시 미확인,0,False,0,False,False,False,False,False,False,False,False,False,False,특이 패턴 미관찰,보도자료성 표현 관찰; 관찰 기간 내 공시 미확인
EVT-83498E9F9F,223310,사토시홀딩스,2026-06-19 16:39:48+09:00,2026-06-19 16:39:48+09:00,2026-06-19 16:39:48+09:00,1,1,jeilstock,KOSDAQ,20532312690,확인,장후,70115.8,63065.0,15,3,0.4735273130896694,-1.284939560049654,-1.011235955056178,-1.198492185722733,15거래일 관찰 완료,15,5.877844306885304,-17.47881355932204,2026-06-22,확인,42,1,20,False,2,False,19,True,0,0,0.7142857142857143,"네이버 인링크(CP) 관측(oid=003) · 네이버 인링크(CP) 관측(oid=008) · 네이버 인링크(CP) 관측(oid=018) · 네이버 인링크(CP) 관측(oid=031) · 네이버 인링크(CP) 관측(oid=215) · 네이버 인링크(CP) 관측(oid=277) · 미분류: 포털 CP 미등재 + 네이버 인링크 미관측(조회 2026-07) · 포털 CP 등재(다음 news.daum.net/cplist·네이트 경제 CP, 조회 2026-07)","보조지표(2026-06 표본 예측력 약함 r≈0.02, 재검증 대상; 단독 사용 안 함, 타깃광고 경계에서만 보조)",관찰 기간 내 공시 확인,2,True,2,False,False,False,False,False,True,False,False,False,False,특이 패턴 미관찰,언급 후 고점 대비 큰 하락; 유사 기사 반복 관찰; 중요 공시 후보 제목 관찰
EVT-674BBB1980,368600,아이씨에이치,2026-06-19 16:39:48+09:00,2026-06-19 16:39:48+09:00,2026-06-22 08:53:51+09:00,3,2,crioppstockfree; jeilstock,KOSDAQ,15786793980,확인,장후,118988.7333333333,92486.0,15,3,7.614936314685466,3.59291787437646,-11.76470588235294,-6.204110204277857,15거래일 관찰 완료,15,14.12226352746798,-14.66666666666666,2026-06-22,확인,15,0,5,False,0,False,9,True,0,0,0.8666666666666667,네이버 인링크(CP) 관측(oid=003) · 네이버 인링크(CP) 관측(oid=018) · 미분류: 포털 CP 미등재 + 네이버 인링크 미관측(조회 2026-07),"보조지표(2026-06 표본 예측력 약함 r≈0.02, 재검증 대상; 단독 사용 안 함, 타깃광고 경계에서만 보조)",관찰 기간 내 공시 미확인,0,False,0,True,True,True,False,False,False,False,False,False,False,특이 패턴 미관찰,기준 중앙값 대비 거래량 이상; MAD 기준 거래량 이상치; 복수 Telegram 채널 언급; 관찰 기간 내 공시 미확인
EVT-DB6F26F067,308100,형지글로벌,2026-06-19 20:08:50+09:00,2026-06-19 20:08:50+09:00,2026-06-19 20:08:50+09:00,1,1,mbngoldcsi,KOSDAQ,11050583680,확인,장후,1439934.066666667,265940.0,15,3,3.194250582838234,1.098572997910352,-13.82113821138211,-8.220354229944382,15거래일 관찰 완료,15,9.908427049480562,-26.1136712749616,2026-06-22,기사 미확인,0,0,0,False,0,False,0,False,0,0,0.0,,"보조지표(2026-06 표본 예측력 약함 r≈0.02, 재검증 대상; 단독 사용 안 함, 타깃광고 경계에서만 보조)",관찰 기간 내 공시 미확인,0,False,0,True,False,True,False,False,True,False,False,False,False,특이 패턴 미관찰,기준 중앙값 대비 거래량 이상; 언급 후 고점 대비 큰 하락; 관찰 기간 내 공시 미확인; 뉴스: 기사 미확인
EVT-E97E273A61,378800,샤페론,2026-06-19 20:08:50+09:00,2026-06-19 20:08:50+09:00,2026-06-19 20:08:50+09:00,1,1,mbngoldcsi,KOSDAQ,23768917934,확인,장후,1240115.666666667,614392.0,15,3,2.258637807783956,0.860046267617499,-13.51351351351351,-9.22193895740073,15거래일 관찰 완료,15,-35.84797456777012,-55.08928571428571,2026-06-22,확인,61,0,0,False,5,True,40,True,2,0,0.639344262295082,"네이버 인링크(CP) 관측(oid=001) · 네이버 인링크(CP) 관측(oid=003) · 네이버 인링크(CP) 관측(oid=008) · 네이버 인링크(CP) 관측(oid=011) · 네이버 인링크(CP) 관측(oid=015) · 네이버 인링크(CP) 관측(oid=018) · 네이버 인링크(CP) 관측(oid=028) · 네이버 인링크(CP) 관측(oid=029) · 네이버 인링크(CP) 관측(oid=030) · 네이버 인링크(CP) 관측(oid=277) · 네이버 인링크(CP) 관측(oid=346) · 네이버 인링크(CP) 관측(oid=366) · 네이버 인링크(CP) 관측(oid=374) · 네이버 인링크(CP) 관측(oid=421) · 네이버 인링크(CP) 관측(oid=584) · 미분류: 포털 CP 미등재 + 네이버 인링크 미관측(조회 2026-07) · 포털 CP 등재(다음 news.daum.net/cplist·네이트 경제 CP, 조회 2026-07)","보조지표(2026-06 표본 예측력 약함 r≈0.02, 재검증 대상; 단독 사용 안 함, 타깃광고 경계에서만 보조)",캐시 범위 부족,0,False,0,False,False,False,False,True,True,False,False,False,False,특이 패턴 미관찰,언급 후 코스닥 대비 하락; 언급 후 고점 대비 큰 하락; 유사 기사 반복 관찰; 보도자료성 표현 관찰; 캐시 범위 부족
EVT-9E34593B19,083470,이엠앤아이,2026-06-20 10:45:52+09:00,2026-06-20 10:45:52+09:00,2026-06-20 10:45:52+09:00,1,1,mbngoldcsi,KOSDAQ,14084617140,확인,휴장일,185861.7333333333,119437.0,15,3,1.231720488625803,0.2929507501895581,-2.272727272727271,-1.20211194008346,15거래일 관찰 완료,15,20.73255246333832,-12.79069767441861,2026-06-22,확인,33,1,26,False,7,False,16,True,0,0,0.7272727272727273,네이버 인링크(CP) 관측(oid=003) · 네이버 인링크(CP) 관측(oid=008) · 네이버 인링크(CP) 관측(oid=018) · 네이버 인링크(CP) 관측(oid=277) · 미분류: 포털 CP 미등재 + 네이버 인링크 미관측(조회 2026-07),"보조지표(2026-06 표본 예측력 약함 r≈0.02, 재검증 대상; 단독 사용 안 함, 타깃광고 경계에서만 보조)",관찰 기간 내 공시 미확인,0,False,0,False,False,False,False,False,False,False,False,False,False,특이 패턴 미관찰,유사 기사 반복 관찰; 관찰 기간 내 공시 미확인
EVT-CFC2D7B214,080530,코디,2026-06-21 10:15:49+09:00,2026-06-21 10:15:49+09:00,2026-06-22 07:03:22+09:00,2,1,crioppstockfree,KOSDAQ,27845285260,확인,휴장일,21581.0,17716.0,15,3,0.7666516143599007,-0.3574438088798595,-3.512396694214881,-1.531042630140766,15거래일 관찰 완료,15,26.66330564024457,-11.34903640256959,2026-06-22,기사 미확인,0,0,0,False,0,False,0,False,0,0,0.0,,"보조지표(2026-06 표본 예측력 약함 r≈0.02, 재검증 대상; 단독 사용 안 함, 타깃광고 경계에서만 보조)",관찰 기간 내 공시 확인,2,False,0,False,False,False,False,False,False,False,False,False,False,특이 패턴 미관찰,관찰 기간 내 공시 확인; 뉴스: 기사 미확인
EVT-8015413D6E,440320,오픈놀,2026-06-21 10:15:49+09:00,2026-06-21 10:15:49+09:00,2026-06-23 18:05:03+09:00,3,2,companyreport; crioppstockfree,KOSDAQ,19600720000,확인,휴장일,88374.13333333333,75988.0,15,3,1.381033847449597,0.7304220825616903,0.1953125,0.008056269333445165,15거래일 관찰 완료,15,-2.817307622629485,-20.85769980506823,2026-06-22,확인,23,13,8,False,2,False,20,True,0,0,0.6086956521739131,네이버 인링크(CP) 관측(oid=001) · 네이버 인링크(CP) 관측(oid=003) · 네이버 인링크(CP) 관측(oid=008) · 네이버 인링크(CP) 관측(oid=011) · 네이버 인링크(CP) 관측(oid=018) · 네이버 인링크(CP) 관측(oid=030) · 네이버 인링크(CP) 관측(oid=031) · 네이버 인링크(CP) 관측(oid=092) · 미분류: 포털 CP 미등재 + 네이버 인링크 미관측(조회 2026-07),"보조지표(2026-06 표본 예측력 약함 r≈0.02, 재검증 대상; 단독 사용 안 함, 타깃광고 경계에서만 보조)",관찰 기간 내 공시 확인,2,True,1,False,False,False,False,False,True,False,False,False,False,특이 패턴 미관찰,언급 후 고점 대비 큰 하락; 복수 Telegram 채널 언급; 유사 기사 반복 관찰; 중요 공시 후보 제목 관찰
EVT-EE5BEC7CA9,309930,조이웍스앤코,2026-06-22 07:02:49+09:00,2026-06-22 07:02:49+09:00,2026-06-24 11:29:06+09:00,4,3,crioppstockfree; jeilstock; numt7777,KOSDAQ,15597270090,확인,장전,278864.3333333333,44999.0,15,3,28.08649081090691,4.258169980999515,-11.66328600405679,-11.85054223472335,15거래일 관찰 완료,15,14.47052223393564,-29.73593570608496,2026-06-22,확인,31,8,6,False,2,True,21,True,2,2,0.6129032258064516,"네이버 인링크(CP) 관측(oid=003) · 네이버 인링크(CP) 관측(oid=009) · 네이버 인링크(CP) 관측(oid=015) · 네이버 인링크(CP) 관측(oid=081) · 네이버 인링크(CP) 관측(oid=366) · 네이버 인링크(CP) 관측(oid=648) · 미분류: 포털 CP 미등재 + 네이버 인링크 미관측(조회 2026-07) · 포털 CP 등재(다음 news.daum.net/cplist·네이트 경제 CP, 조회 2026-07)","보조지표(2026-06 표본 예측력 약함 r≈0.02, 재검증 대상; 단독 사용 안 함, 타깃광고 경계에서만 보조)",관찰 기간 내 공시 확인,6,False,0,True,True,True,False,False,True,False,False,False,False,특이 패턴 미관찰,기준 중앙값 대비 거래량 이상; MAD 기준 거래량 이상치; 언급 후 고점 대비 큰 하락; 복수 Telegram 채널 언급; 유사 기사 반복 관찰; 보도자료성 표현 관찰; 관찰 기간 내 공시 확인
EVT-8488423C9F,310870,디와이씨,2026-06-22 07:02:49+09:00,2026-06-22 07:02:49+09:00,2026-06-24 07:03:49+09:00,3,2,crioppstockfree; jeilstock,KOSDAQ,29025525048,확인,장전,327420.6,257099.0,15,3,2.026048331576552,1.546155315352433,9.712509712509721,9.525253481843166,15거래일 관찰 완료,15,6.761545869299901,-18.13031161473087,2026-06-22,확인,11,2,8,False,0,True,7,False,1,0,1.0,미분류: 포털 CP 미등재 + 네이버 인링크 미관측(조회 2026-07),"보조지표(2026-06 표본 예측력 약함 r≈0.02, 재검증 대상; 단독 사용 안 함, 타깃광고 경계에서만 보조)",관찰 기간 내 공시 확인,2,True,2,False,False,False,True,False,True,False,False,False,False,특이 패턴 미관찰,코스닥 대비 단기 초과상승; 언급 후 고점 대비 큰 하락; 복수 Telegram 채널 언급; 보도자료성 표현 관찰; 중요 공시 후보 제목 관찰
EVT-B478472D43,060900,에이전트AI,2026-06-22 07:03:22+09:00,2026-06-22 07:03:22+09:00,2026-06-22 12:25:12+09:00,3,1,crioppstockfree,KOSDAQ,17021926345,확인,장전,38678.26666666667,19200.0,15,3,3.779166666666667,2.014938947874778,-4.928131416837777,2.427668996108657,15거래일 관찰 완료,15,13.35192515453781,-6.52631578947368,2026-06-22,기사 미확인,0,0,0,False,0,False,0,False,0,0,0.0,,"보조지표(2026-06 표본 예측력 약함 r≈0.02, 재검증 대상; 단독 사용 안 함, 타깃광고 경계에서만 보조)",관찰 기간 내 공시 확인,3,True,3,True,False,True,False,False,False,False,False,False,False,특이 패턴 미관찰,기준 중앙값 대비 거래량 이상; 중요 공시 후보 제목 관찰; 뉴스: 기사 미확인
EVT-14DACF477A,115610,이미지스,2026-06-22 07:03:22+09:00,2026-06-22 07:03:22+09:00,2026-06-22 12:25:12+09:00,3,1,crioppstockfree,KOSDAQ,15801694153,확인,장전,1418791.6,210750.0,15,3,1.622652431791222,0.4105859631281579,-11.95219123505976,-12.13944746572632,15거래일 관찰 완료,15,1.812416511738613,-18.61667744020685,2026-06-22,확인,38,3,29,False,0,True,22,True,1,3,0.6842105263157895,"네이버 인링크(CP) 관측(oid=018) · 네이버 인링크(CP) 관측(oid=081) · 네이버 인링크(CP) 관측(oid=215) · 네이버 인링크(CP) 관측(oid=374) · 미분류: 포털 CP 미등재 + 네이버 인링크 미관측(조회 2026-07) · 포털 CP 등재(다음 news.daum.net/cplist·네이트 경제 CP, 조회 2026-07)","보조지표(2026-06 표본 예측력 약함 r≈0.02, 재검증 대상; 단독 사용 안 함, 타깃광고 경계에서만 보조)",관찰 기간 내 공시 확인,1,True,1,False,False,False,False,False,True,False,False,False,False,특이 패턴 미관찰,언급 후 고점 대비 큰 하락; 보도자료성 표현 관찰; 중요 공시 후보 제목 관찰
EVT-F6EAD42AE0,377030,비트맥스,2026-06-22 07:03:22+09:00,2026-06-22 07:03:22+09:00,2026-06-22 12:25:12+09:00,3,1,crioppstockfree,KOSDAQ,21366094490,확인,장전,166000.2,76266.0,15,3,1.198292817244906,0.2020814110278983,-11.28358208955223,-10.6812831630136,15거래일 관찰 완료,15,14.36003831436794,-17.36204576043069,2026-06-22,확인,68,13,23,False,4,False,36,True,0,1,0.7205882352941176,"네이버 인링크(CP) 관측(oid=001) · 네이버 인링크(CP) 관측(oid=003) · 네이버 인링크(CP) 관측(oid=005) · 네이버 인링크(CP) 관측(oid=008) · 네이버 인링크(CP) 관측(oid=018) · 네이버 인링크(CP) 관측(oid=023) · 네이버 인링크(CP) 관측(oid=029) · 네이버 인링크(CP) 관측(oid=092) · 네이버 인링크(CP) 관측(oid=277) · 미분류: 포털 CP 미등재 + 네이버 인링크 미관측(조회 2026-07) · 포털 CP 등재(다음 news.daum.net/cplist·네이트 경제 CP, 조회 2026-07)","보조지표(2026-06 표본 예측력 약함 r≈0.02, 재검증 대상; 단독 사용 안 함, 타깃광고 경계에서만 보조)",관찰 기간 내 공시 확인,2,True,2,False,False,False,False,False,True,False,False,False,False,특이 패턴 미관찰,언급 후 고점 대비 큰 하락; 유사 기사 반복 관찰; 중요 공시 후보 제목 관찰
EVT-F219843DC6,078860,아이오케이이엔엠,2026-06-22 10:00:31+09:00,2026-06-22 10:00:31+09:00,2026-06-22 12:00:27+09:00,2,1,numt7777,KOSDAQ,18809537460,확인,장중,18553.8,14180.0,15,3,18.89562764456982,3.649599993393326,0.6339144215530945,6.559901655023348,15거래일 관찰 완료,15,31.49447375065013,-21.10236220472441,2026-06-22,확인,46,10,5,False,0,True,29,True,1,4,0.782608695652174,"네이버 인링크(CP) 관측(oid=008) · 네이버 인링크(CP) 관측(oid=018) · 네이버 인링크(CP) 관측(oid=081) · 네이버 인링크(CP) 관측(oid=277) · 미분류: 포털 CP 미등재 + 네이버 인링크 미관측(조회 2026-07) · 포털 CP 등재(다음 news.daum.net/cplist·네이트 경제 CP, 조회 2026-07)","보조지표(2026-06 표본 예측력 약함 r≈0.02, 재검증 대상; 단독 사용 안 함, 타깃광고 경계에서만 보조)",관찰 기간 내 공시 확인,7,True,3,True,True,True,False,False,True,False,False,False,False,특이 패턴 미관찰,기준 중앙값 대비 거래량 이상; MAD 기준 거래량 이상치; 언급 후 고점 대비 큰 하락; 보도자료성 표현 관찰; 중요 공시 후보 제목 관찰
EVT-F4A13C1CC2,045510,정원엔시스,2026-06-22 12:25:37+09:00,2026-06-22 12:25:37+09:00,2026-06-23 07:04:32+09:00,2,1,crioppstockfree,KOSDAQ,25541968556,확인,장중,116078.8,101207.0,15,3,1.854209689053129,0.7277519604424985,-3.000000000000003,2.800987233470254,15거래일 관찰 완료,15,14.62054531440956,-13.01546391752577,2026-06-22,확인,11,6,2,False,0,False,9,True,0,0,0.4545454545454545,"네이버 인링크(CP) 관측(oid=011) · 네이버 인링크(CP) 관측(oid=018) · 네이버 인링크(CP) 관측(oid=020) · 미분류: 포털 CP 미등재 + 네이버 인링크 미관측(조회 2026-07) · 포털 CP 등재(다음 news.daum.net/cplist·네이트 경제 CP, 조회 2026-07)","보조지표(2026-06 표본 예측력 약함 r≈0.02, 재검증 대상; 단독 사용 안 함, 타깃광고 경계에서만 보조)",관찰 기간 내 공시 확인,3,True,1,False,False,False,False,False,False,False,False,False,False,특이 패턴 미관찰,중요 공시 후보 제목 관찰
EVT-ED45F58423,296640,이노에이엑스,2026-06-22 12:25:37+09:00,2026-06-22 12:25:37+09:00,2026-06-23 07:04:32+09:00,2,1,crioppstockfree,KOSDAQ,24389566920,확인,장중,19324.2,12664.0,15,3,2.373262792166772,0.8361034514633922,-0.3484320557491261,6.895397891643429,15거래일 관찰 완료,15,5.525772299397802,-14.33566433566433,2026-06-22,확인,12,9,1,False,0,False,11,True,0,0,0.6666666666666666,"네이버 인링크(CP) 관측(oid=011) · 네이버 인링크(CP) 관측(oid=018) · 네이버 인링크(CP) 관측(oid=366) · 미분류: 포털 CP 미등재 + 네이버 인링크 미관측(조회 2026-07) · 포털 CP 등재(다음 news.daum.net/cplist·네이트 경제 CP, 조회 2026-07)","보조지표(2026-06 표본 예측력 약함 r≈0.02, 재검증 대상; 단독 사용 안 함, 타깃광고 경계에서만 보조)",관찰 기간 내 공시 확인,3,True,1,False,False,False,False,False,False,False,False,False,False,특이 패턴 미관찰,중요 공시 후보 제목 관찰
EVT-4ECB8EA7D4,079950,인베니아,2026-06-22 12:41:04+09:00,2026-06-22 12:41:04+09:00,2026-06-25 07:03:25+09:00,3,1,crioppstockfree,KOSDAQ,14558050500,확인,장중,234257.0666666667,167233.0,15,3,2.284746431625337,1.32201158954724,-9.283088235294112,-2.803374910160215,15거래일 관찰 완료,15,4.588322291399082,-23.07692307692307,2026-06-22,확인,23,12,5,False,2,False,16,True,0,0,0.8260869565217391,"네이버 인링크(CP) 관측(oid=011) · 네이버 인링크(CP) 관측(oid=016) · 네이버 인링크(CP) 관측(oid=018) · 미분류: 포털 CP 미등재 + 네이버 인링크 미관측(조회 2026-07) · 포털 CP 등재(다음 news.daum.net/cplist·네이트 경제 CP, 조회 2026-07)","보조지표(2026-06 표본 예측력 약함 r≈0.02, 재검증 대상; 단독 사용 안 함, 타깃광고 경계에서만 보조)",관찰 기간 내 공시 확인,3,True,2,False,False,False,False,False,True,False,False,False,False,특이 패턴 미관찰,언급 후 고점 대비 큰 하락; 유사 기사 반복 관찰; 중요 공시 후보 제목 관찰
EVT-069E9FA246,462510,라메디텍,2026-06-22 14:08:13+09:00,2026-06-22 14:08:13+09:00,2026-06-22 14:08:13+09:00,1,1,FastStockNews,KOSDAQ,24956405775,확인,장중,38888.2,28556.0,15,3,23.43003221739739,5.56601386057272,5.529225908372837,5.341969677706282,15거래일 관찰 완료,15,-0.8078761930909053,-23.35329341317365,2026-06-22,확인,57,9,26,False,14,True,22,True,0,0,0.7368421052631579,네이버 인링크(CP) 관측(oid=003) · 네이버 인링크(CP) 관측(oid=015) · 네이버 인링크(CP) 관측(oid=018) · 네이버 인링크(CP) 관측(oid=020) · 네이버 인링크(CP) 관측(oid=584) · 미분류: 포털 CP 미등재 + 네이버 인링크 미관측(조회 2026-07),"보조지표(2026-06 표본 예측력 약함 r≈0.02, 재검증 대상; 단독 사용 안 함, 타깃광고 경계에서만 보조)",관찰 기간 내 공시 확인,2,False,0,True,True,True,False,False,True,False,False,False,False,특이 패턴 미관찰,기준 중앙값 대비 거래량 이상; MAD 기준 거래량 이상치; 언급 후 고점 대비 큰 하락; 유사 기사 반복 관찰; 보도자료성 표현 관찰; 관찰 기간 내 공시 확인
EVT-D4DAF2727A,146060,율촌,2026-06-22 22:18:10+09:00,2026-06-22 22:18:10+09:00,2026-06-22 22:18:10+09:00,1,1,mbngoldcsi,KOSDAQ,24736062850,확인,장후,1605951.6,130991.0,15,3,26.91684161507279,2.058826682844709,-7.8125,0.1263682362660052,15거래일 관찰 완료,15,-1.242539878569604,-22.88135593220338,2026-06-23,기사 미확인,0,0,0,False,0,False,0,False,0,0,0.0,,"보조지표(2026-06 표본 예측력 약함 r≈0.02, 재검증 대상; 단독 사용 안 함, 타깃광고 경계에서만 보조)",관찰 기간 내 공시 확인,3,False,0,True,False,True,False,False,True,False,False,False,False,특이 패턴 미관찰,기준 중앙값 대비 거래량 이상; 언급 후 고점 대비 큰 하락; 관찰 기간 내 공시 확인; 뉴스: 기사 미확인
EVT-76A2902C62,009620,삼보산업,2026-06-23 07:04:32+09:00,2026-06-23 07:04:32+09:00,2026-06-24 07:03:49+09:00,2,1,crioppstockfree,KOSDAQ,13384354768,확인,장전,1141952.933333333,547641.0,15,3,1.88141501458072,0.7138771848335731,-5.4014598540146,2.537408382251405,15거래일 관찰 완료,15,15.61192758324249,-8.179012345679016,2026-06-23,확인,52,8,40,False,0,True,27,True,4,7,0.8076923076923077,"네이버 인링크(CP) 관측(oid=018) · 네이버 인링크(CP) 관측(oid=081) · 미분류: 포털 CP 미등재 + 네이버 인링크 미관측(조회 2026-07) · 포털 CP 등재(다음 news.daum.net/cplist·네이트 경제 CP, 조회 2026-07)","보조지표(2026-06 표본 예측력 약함 r≈0.02, 재검증 대상; 단독 사용 안 함, 타깃광고 경계에서만 보조)",관찰 기간 내 공시 확인,2,False,0,False,False,False,False,False,False,False,False,False,False,특이 패턴 미관찰,보도자료성 표현 관찰; 관찰 기간 내 공시 확인
EVT-433605D8D7,085810,알티캐스트,2026-06-23 07:04:32+09:00,2026-06-23 07:04:32+09:00,2026-06-23 11:43:21+09:00,3,1,crioppstockfree,KOSDAQ,24315559160,확인,장전,33965.33333333334,24140.0,15,3,1.728956089478045,0.8065258191197519,3.653693407466241,11.59256164373225,15거래일 관찰 완료,15,45.47250655301686,-10.80459770114942,2026-06-23,확인,15,3,2,False,0,False,10,True,0,1,0.8,"네이버 인링크(CP) 관측(oid=008) · 네이버 인링크(CP) 관측(oid=011) · 미분류: 포털 CP 미등재 + 네이버 인링크 미관측(조회 2026-07) · 포털 CP 등재(다음 news.daum.net/cplist·네이트 경제 CP, 조회 2026-07)","보조지표(2026-06 표본 예측력 약함 r≈0.02, 재검증 대상; 단독 사용 안 함, 타깃광고 경계에서만 보조)",관찰 기간 내 공시 확인,2,False,0,False,False,False,True,False,False,False,False,False,False,특이 패턴 미관찰,코스닥 대비 단기 초과상승; 관찰 기간 내 공시 확인
EVT-C503A3D881,223310,사토시홀딩스,2026-06-23 07:04:32+09:00,2026-06-23 07:04:32+09:00,2026-06-26 07:04:22+09:00,4,1,crioppstockfree,KOSDAQ,20532312690,확인,장전,66819.2,61079.0,15,3,0.4889241801601205,-1.198637943912152,-9.421112372304197,-3.319294941490481,15거래일 관찰 완료,15,11.16625805541334,-18.00847457627118,2026-06-23,확인,38,8,16,False,2,False,17,True,0,0,0.6842105263157895,"네이버 인링크(CP) 관측(oid=003) · 네이버 인링크(CP) 관측(oid=008) · 네이버 인링크(CP) 관측(oid=018) · 네이버 인링크(CP) 관측(oid=031) · 네이버 인링크(CP) 관측(oid=215) · 네이버 인링크(CP) 관측(oid=277) · 미분류: 포털 CP 미등재 + 네이버 인링크 미관측(조회 2026-07) · 포털 CP 등재(다음 news.daum.net/cplist·네이트 경제 CP, 조회 2026-07)","보조지표(2026-06 표본 예측력 약함 r≈0.02, 재검증 대상; 단독 사용 안 함, 타깃광고 경계에서만 보조)",관찰 기간 내 공시 확인,4,True,3,False,False,False,False,False,True,False,False,False,False,특이 패턴 미관찰,언급 후 고점 대비 큰 하락; 유사 기사 반복 관찰; 중요 공시 후보 제목 관찰
EVT-412C2BEBC4,240600,유진테크놀로지,2026-06-23 07:04:32+09:00,2026-06-23 07:04:32+09:00,2026-06-24 07:03:49+09:00,2,1,crioppstockfree,KOSDAQ,14549117100,확인,장전,362102.2666666667,48431.0,15,3,2.446718011191179,0.6071635978130138,-13.27967806841046,-5.340809832144457,15거래일 관찰 완료,15,14.84676760501212,-12.08791208791209,2026-06-23,확인,49,0,0,False,6,False,34,True,0,0,0.7551020408163265,네이버 인링크(CP) 관측(oid=001) · 네이버 인링크(CP) 관측(oid=003) · 네이버 인링크(CP) 관측(oid=011) · 네이버 인링크(CP) 관측(oid=014) · 네이버 인링크(CP) 관측(oid=015) · 네이버 인링크(CP) 관측(oid=031) · 네이버 인링크(CP) 관측(oid=079) · 네이버 인링크(CP) 관측(oid=081) · 네이버 인링크(CP) 관측(oid=123) · 네이버 인링크(CP) 관측(oid=421) · 미분류: 포털 CP 미등재 + 네이버 인링크 미관측(조회 2026-07),"보조지표(2026-06 표본 예측력 약함 r≈0.02, 재검증 대상; 단독 사용 안 함, 타깃광고 경계에서만 보조)",관찰 기간 내 공시 확인,2,True,1,False,False,False,False,False,False,False,False,False,False,특이 패턴 미관찰,유사 기사 반복 관찰; 중요 공시 후보 제목 관찰
EVT-7862C12B52,347770,핌스,2026-06-23 07:04:32+09:00,2026-06-23 07:04:32+09:00,2026-06-23 07:04:32+09:00,1,1,crioppstockfree,KOSDAQ,23337039882,확인,장전,245123.1333333333,75404.0,15,3,1.895668664792319,1.274294579578411,1.831129196337744,9.54272718830612,15거래일 관찰 완료,15,19.69141084657454,-8.59073359073359,2026-06-23,확인,27,2,4,False,0,True,21,True,1,1,0.7407407407407407,"네이버 인링크(CP) 관측(oid=003) · 네이버 인링크(CP) 관측(oid=009) · 네이버 인링크(CP) 관측(oid=014) · 네이버 인링크(CP) 관측(oid=081) · 네이버 인링크(CP) 관측(oid=346) · 미분류: 포털 CP 미등재 + 네이버 인링크 미관측(조회 2026-07) · 포털 CP 등재(다음 news.daum.net/cplist·네이트 경제 CP, 조회 2026-07)","보조지표(2026-06 표본 예측력 약함 r≈0.02, 재검증 대상; 단독 사용 안 함, 타깃광고 경계에서만 보조)",관찰 기간 내 공시 확인,1,False,0,False,False,False,True,False,False,False,False,False,False,특이 패턴 미관찰,코스닥 대비 단기 초과상승; 보도자료성 표현 관찰; 관찰 기간 내 공시 확인
EVT-375227FCC9,069140,누리플랜,2026-06-23 07:06:42+09:00,2026-06-23 07:06:42+09:00,2026-06-23 07:06:42+09:00,1,1,crioppstockfree,KOSDAQ,26025166096,확인,장전,385107.5333333333,83401.0,15,3,0.9118595700291363,-0.08633058344487635,-0.06249999999999867,8.259474390747634,15거래일 관찰 완료,15,31.2625448671931,-7.298410829899938,2026-06-23,확인,5,1,1,False,0,False,4,True,0,0,0.6,네이버 인링크(CP) 관측(oid=015) · 네이버 인링크(CP) 관측(oid=215) · 미분류: 포털 CP 미등재 + 네이버 인링크 미관측(조회 2026-07),"보조지표(2026-06 표본 예측력 약함 r≈0.02, 재검증 대상; 단독 사용 안 함, 타깃광고 경계에서만 보조)",관찰 기간 내 공시 미확인,0,False,0,False,False,False,True,False,False,False,False,False,False,특이 패턴 미관찰,코스닥 대비 단기 초과상승; 관찰 기간 내 공시 미확인
EVT-3C5BFD5E78,208710,포톤,2026-06-23 09:02:50+09:00,2026-06-23 09:02:50+09:00,2026-06-23 11:28:43+09:00,6,2,moneypyp; stockteac,KOSDAQ,24040560768,확인,장중,683615.8,401563.0,15,3,7.057898760592983,2.111777736501143,-3.846153846153844,3.640225702329358,15거래일 관찰 완료,15,-1.601757733279706,-14.68235294117647,2026-06-23,확인,31,6,18,False,3,True,22,True,1,0,0.9354838709677419,네이버 인링크(CP) 관측(oid=138) · 네이버 인링크(CP) 관측(oid=310) · 미분류: 포털 CP 미등재 + 네이버 인링크 미관측(조회 2026-07),"보조지표(2026-06 표본 예측력 약함 r≈0.02, 재검증 대상; 단독 사용 안 함, 타깃광고 경계에서만 보조)",관찰 기간 내 공시 미확인,0,False,0,True,False,True,False,False,False,False,False,False,False,특이 패턴 미관찰,기준 중앙값 대비 거래량 이상; 복수 Telegram 채널 언급; 유사 기사 반복 관찰; 보도자료성 표현 관찰; 관찰 기간 내 공시 미확인
EVT-FBB3EEFE8B,288980,모아데이타,2026-06-23 11:00:31+09:00,2026-06-23 11:00:31+09:00,2026-06-25 20:29:21+09:00,4,2,mbngoldcsi; numt7777,KOSDAQ,29177865958,확인,장중,556695.8,306128.0,15,3,2.712283750587989,2.453931544283146,-18.61233480176211,-10.6734665654961,15거래일 관찰 완료,15,27.62411455596171,-15.61264822134387,2026-06-23,확인,15,2,2,False,0,False,8,True,0,0,0.8666666666666667,네이버 인링크(CP) 관측(oid=015) · 네이버 인링크(CP) 관측(oid=374) · 미분류: 포털 CP 미등재 + 네이버 인링크 미관측(조회 2026-07),"보조지표(2026-06 표본 예측력 약함 r≈0.02, 재검증 대상; 단독 사용 안 함, 타깃광고 경계에서만 보조)",관찰 기간 내 공시 확인,9,True,1,False,False,False,False,False,True,False,False,False,False,특이 패턴 미관찰,언급 후 고점 대비 큰 하락; 복수 Telegram 채널 언급; 중요 공시 후보 제목 관찰
EVT-DDDA4D8F00,048830,엔피케이,2026-06-23 11:46:43+09:00,2026-06-23 11:46:43+09:00,2026-06-24 11:31:25+09:00,2,1,crioppstockfree,KOSDAQ,21101861221,확인,장중,70508.53333333334,52113.0,15,3,1.433461900101702,0.5793959706367052,-1.282051282051277,7.039923108696355,15거래일 관찰 완료,15,45.57827674133811,-4.491978609625669,2026-06-23,확인,31,17,5,False,7,False,26,True,0,0,0.7741935483870968,네이버 인링크(CP) 관측(oid=001) · 네이버 인링크(CP) 관측(oid=003) · 네이버 인링크(CP) 관측(oid=008) · 네이버 인링크(CP) 관측(oid=029) · 네이버 인링크(CP) 관측(oid=277) · 네이버 인링크(CP) 관측(oid=586) · 미분류: 포털 CP 미등재 + 네이버 인링크 미관측(조회 2026-07),"보조지표(2026-06 표본 예측력 약함 r≈0.02, 재검증 대상; 단독 사용 안 함, 타깃광고 경계에서만 보조)",관찰 기간 내 공시 확인,2,False,0,False,False,False,True,False,False,False,False,False,False,특이 패턴 미관찰,코스닥 대비 단기 초과상승; 유사 기사 반복 관찰; 관찰 기간 내 공시 확인
EVT-9660CAEF28,455180,케이지에이,2026-06-23 11:46:48+09:00,2026-06-23 11:46:48+09:00,2026-06-23 19:18:55+09:00,2,1,crioppstockfree,KOSDAQ,18690185124,확인,장중,94789.86666666667,85517.0,15,3,2.384625279184256,1.595786688323622,-0.4683840749414525,5.65549587092643,15거래일 관찰 완료,15,-7.76969000398724,-25.05882352941177,2026-06-23,확인,17,3,5,False,0,False,10,True,0,1,0.5882352941176471,"네이버 인링크(CP) 관측(oid=014) · 네이버 인링크(CP) 관측(oid=015) · 네이버 인링크(CP) 관측(oid=018) · 네이버 인링크(CP) 관측(oid=277) · 미분류: 포털 CP 미등재 + 네이버 인링크 미관측(조회 2026-07) · 포털 CP 등재(다음 news.daum.net/cplist·네이트 경제 CP, 조회 2026-07)","보조지표(2026-06 표본 예측력 약함 r≈0.02, 재검증 대상; 단독 사용 안 함, 타깃광고 경계에서만 보조)",관찰 기간 내 공시 확인,7,True,3,False,False,False,False,False,True,False,False,False,False,특이 패턴 미관찰,언급 후 고점 대비 큰 하락; 중요 공시 후보 제목 관찰
EVT-E80DA52654,900270,헝셩그룹,2026-06-23 19:16:56+09:00,2026-06-23 19:16:56+09:00,2026-06-25 12:19:39+09:00,4,2,crioppstockfree; mbngoldcsi,KOSDAQ,11272595481,확인,장후,1159883.666666667,264509.0,15,3,57.49016101531517,2.496256928371318,3.591160220994483,1.595691807498434,15거래일 관찰 완료,15,-21.4819837752435,-30.93333333333333,2026-06-24,확인,23,15,0,True,0,True,16,True,3,3,0.782608695652174,네이버 인링크(CP) 관측(oid=011) · 네이버 인링크(CP) 관측(oid=018) · 네이버 인링크(CP) 관측(oid=081) · 미분류: 포털 CP 미등재 + 네이버 인링크 미관측(조회 2026-07),"보조지표(2026-06 표본 예측력 약함 r≈0.02, 재검증 대상; 단독 사용 안 함, 타깃광고 경계에서만 보조)",관찰 기간 내 공시 확인,7,True,2,True,False,True,False,True,True,False,False,False,False,특이 패턴 미관찰,기준 중앙값 대비 거래량 이상; 언급 후 코스닥 대비 하락; 언급 후 고점 대비 큰 하락; 복수 Telegram 채널 언급; 언급 시점 뉴스 집중; 보도자료성 표현 관찰; 중요 공시 후보 제목 관찰
EVT-3F9F1BA7F8,001000,신라섬유,2026-06-23 20:29:44+09:00,2026-06-23 20:29:44+09:00,2026-06-23 20:29:44+09:00,1,1,mbngoldcsi,KOSDAQ,21024349640,확인,장후,2076151.066666667,534579.0,15,3,4.113156334236848,0.5523288882996931,-1.800000000000002,-3.183856783919592,15거래일 관찰 완료,15,-34.25672919275878,-46.50373387644263,2026-06-24,확인,28,4,13,False,0,True,15,True,1,2,0.8571428571428571,"네이버 인링크(CP) 관측(oid=018) · 네이버 인링크(CP) 관측(oid=081) · 미분류: 포털 CP 미등재 + 네이버 인링크 미관측(조회 2026-07) · 포털 CP 등재(다음 news.daum.net/cplist·네이트 경제 CP, 조회 2026-07)","보조지표(2026-06 표본 예측력 약함 r≈0.02, 재검증 대상; 단독 사용 안 함, 타깃광고 경계에서만 보조)",관찰 기간 내 공시 확인,3,False,0,True,False,True,False,True,True,False,False,False,False,특이 패턴 미관찰,기준 중앙값 대비 거래량 이상; 언급 후 코스닥 대비 하락; 언급 후 고점 대비 큰 하락; 보도자료성 표현 관찰; 관찰 기간 내 공시 확인
EVT-F173092590,054940,엑사이엔씨,2026-06-23 20:29:44+09:00,2026-06-23 20:29:44+09:00,2026-06-23 20:29:44+09:00,1,1,mbngoldcsi,KOSDAQ,24482078424,확인,장후,312100.9333333333,258933.0,15,3,2.62776084933168,3.898835323985336,1.35135135135136,5.854895859606923,15거래일 관찰 완료,15,59.0446482293781,-9.442060085836912,2026-06-24,확인,15,3,3,False,0,False,9,True,0,0,0.8666666666666667,"네이버 인링크(CP) 관측(oid=015) · 미분류: 포털 CP 미등재 + 네이버 인링크 미관측(조회 2026-07) · 포털 CP 등재(다음 news.daum.net/cplist·네이트 경제 CP, 조회 2026-07)","보조지표(2026-06 표본 예측력 약함 r≈0.02, 재검증 대상; 단독 사용 안 함, 타깃광고 경계에서만 보조)",관찰 기간 내 공시 확인,4,False,0,False,True,True,False,False,False,False,False,False,False,특이 패턴 미관찰,MAD 기준 거래량 이상치; 관찰 기간 내 공시 확인
EVT-B27A5DF233,083640,인콘,2026-06-23 20:29:44+09:00,2026-06-23 20:29:44+09:00,2026-06-24 20:22:08+09:00,4,2,crioppstockfree; mbngoldcsi,KOSDAQ,25919969247,확인,장후,83559.93333333333,74489.0,15,3,31.85613983272698,12.48740070558543,7.848101265822782,5.852632852326733,15거래일 관찰 완료,15,2.524901983754935,-19.40532081377152,2026-06-24,확인,30,11,4,False,2,False,19,True,0,2,0.9,네이버 인링크(CP) 관측(oid=008) · 네이버 인링크(CP) 관측(oid=277) · 네이버 인링크(CP) 관측(oid=293) · 미분류: 포털 CP 미등재 + 네이버 인링크 미관측(조회 2026-07),"보조지표(2026-06 표본 예측력 약함 r≈0.02, 재검증 대상; 단독 사용 안 함, 타깃광고 경계에서만 보조)",관찰 기간 내 공시 확인,3,True,1,True,True,True,False,False,True,False,False,False,False,특이 패턴 미관찰,기준 중앙값 대비 거래량 이상; MAD 기준 거래량 이상치; 언급 후 고점 대비 큰 하락; 복수 Telegram 채널 언급; 유사 기사 반복 관찰; 중요 공시 후보 제목 관찰
EVT-F30CE05F73,250930,예선테크,2026-06-23 20:29:44+09:00,2026-06-23 20:29:44+09:00,2026-06-25 20:29:21+09:00,3,2,crioppstockfree; mbngoldcsi,KOSDAQ,12210162800,확인,장후,108666.7333333333,83106.0,15,3,2.702596683753279,1.784427470800039,-4.699738903394257,-4.283595687313846,15거래일 관찰 완료,15,13.01003500409922,-8.76712328767123,2026-06-24,확인,65,23,5,False,5,True,54,True,1,0,0.8461538461538461,네이버 인링크(CP) 관측(oid=001) · 네이버 인링크(CP) 관측(oid=016) · 네이버 인링크(CP) 관측(oid=030) · 네이버 인링크(CP) 관측(oid=055) · 네이버 인링크(CP) 관측(oid=243) · 네이버 인링크(CP) 관측(oid=277) · 네이버 인링크(CP) 관측(oid=366) · 미분류: 포털 CP 미등재 + 네이버 인링크 미관측(조회 2026-07),"보조지표(2026-06 표본 예측력 약함 r≈0.02, 재검증 대상; 단독 사용 안 함, 타깃광고 경계에서만 보조)",관찰 기간 내 공시 확인,4,True,3,False,False,False,False,False,False,False,False,False,False,특이 패턴 미관찰,복수 Telegram 채널 언급; 유사 기사 반복 관찰; 보도자료성 표현 관찰; 중요 공시 후보 제목 관찰
EVT-5523B9636B,254120,자비스,2026-06-23 20:29:44+09:00,2026-06-23 20:29:44+09:00,2026-06-24 13:58:59+09:00,2,2,FastStockNews; mbngoldcsi,KOSDAQ,24695678810,확인,장후,245508.4,178999.0,15,3,5.683970301510064,4.588503227884813,8.526011560693636,6.530543147197587,15거래일 관찰 완료,15,26.89387064109027,-12.28070175438597,2026-06-24,확인,1,0,0,False,0,False,1,True,0,0,0.0,네이버 인링크(CP) 관측(oid=001),"보조지표(2026-06 표본 예측력 약함 r≈0.02, 재검증 대상; 단독 사용 안 함, 타깃광고 경계에서만 보조)",관찰 기간 내 공시 미확인,0,False,0,True,True,True,False,False,False,False,False,False,False,특이 패턴 미관찰,기준 중앙값 대비 거래량 이상; MAD 기준 거래량 이상치; 복수 Telegram 채널 언급; 관찰 기간 내 공시 미확인
EVT-F2C78BA096,417860,오브젠,2026-06-24 07:03:11+09:00,2026-06-24 07:03:11+09:00,2026-06-24 09:00:53+09:00,2,2,crioppstockfree; jeilstock,KOSDAQ,27864883520,확인,장전,790289.4,319347.0,15,3,0.2108740648886634,-0.8270143378059603,-0.5115089514066473,-2.397156016656166,15거래일 관찰 완료,15,-8.438967494180948,-21.59383033419023,2026-06-24,확인,32,2,19,False,7,True,20,True,1,3,0.53125,"네이버 인링크(CP) 관측(oid=003) · 네이버 인링크(CP) 관측(oid=011) · 네이버 인링크(CP) 관측(oid=015) · 네이버 인링크(CP) 관측(oid=016) · 네이버 인링크(CP) 관측(oid=018) · 네이버 인링크(CP) 관측(oid=081) · 네이버 인링크(CP) 관측(oid=092) · 네이버 인링크(CP) 관측(oid=243) · 네이버 인링크(CP) 관측(oid=277) · 네이버 인링크(CP) 관측(oid=366) · 미분류: 포털 CP 미등재 + 네이버 인링크 미관측(조회 2026-07) · 포털 CP 등재(다음 news.daum.net/cplist·네이트 경제 CP, 조회 2026-07)","보조지표(2026-06 표본 예측력 약함 r≈0.02, 재검증 대상; 단독 사용 안 함, 타깃광고 경계에서만 보조)",관찰 기간 내 공시 미확인,0,False,0,False,False,False,False,False,True,False,False,False,False,특이 패턴 미관찰,언급 후 고점 대비 큰 하락; 복수 Telegram 채널 언급; 유사 기사 반복 관찰; 보도자료성 표현 관찰; 관찰 기간 내 공시 미확인
EVT-066A448279,006050,국영지앤엠,2026-06-24 07:03:49+09:00,2026-06-24 07:03:49+09:00,2026-06-24 11:29:34+09:00,4,1,crioppstockfree,KOSDAQ,18703850248,확인,장전,751639.0,534692.0,15,3,0.7933819843947544,-0.3082126897072175,6.591337099811678,4.59586868631563,15거래일 관찰 완료,15,-3.759486719884253,-20.49469964664311,2026-06-24,확인,28,5,16,False,0,False,17,True,0,2,0.7857142857142857,"네이버 인링크(CP) 관측(oid=018) · 네이버 인링크(CP) 관측(oid=020) · 미분류: 포털 CP 미등재 + 네이버 인링크 미관측(조회 2026-07) · 포털 CP 등재(다음 news.daum.net/cplist·네이트 경제 CP, 조회 2026-07)","보조지표(2026-06 표본 예측력 약함 r≈0.02, 재검증 대상; 단독 사용 안 함, 타깃광고 경계에서만 보조)",관찰 기간 내 공시 확인,1,True,1,False,False,False,False,False,True,False,False,False,False,특이 패턴 미관찰,언급 후 고점 대비 큰 하락; 중요 공시 후보 제목 관찰
EVT-73B3CEA82E,043360,디지아이,2026-06-24 07:03:49+09:00,2026-06-24 07:03:49+09:00,2026-06-24 07:03:49+09:00,1,1,crioppstockfree,KOSDAQ,18945000000,확인,장전,23838.0,16235.0,15,3,1.774684323991377,1.951382789737502,4.076738609112707,3.773457364761468,15거래일 관찰 완료,15,6.250120679441607,-7.373271889400923,2026-06-24,확인,4,2,1,False,0,False,4,True,0,0,0.75,네이버 인링크(CP) 관측(oid=009) · 미분류: 포털 CP 미등재 + 네이버 인링크 미관측(조회 2026-07),"보조지표(2026-06 표본 예측력 약함 r≈0.02, 재검증 대상; 단독 사용 안 함, 타깃광고 경계에서만 보조)",관찰 기간 내 공시 미확인,0,False,0,False,False,False,False,False,False,False,False,False,False,특이 패턴 미관찰,관찰 기간 내 공시 미확인
EVT-9CB1ACA123,053950,경남제약,2026-06-24 07:03:49+09:00,2026-06-24 07:03:49+09:00,2026-06-24 11:29:34+09:00,4,1,crioppstockfree,KOSDAQ,23788054862,확인,장전,121066.2666666667,58082.0,15,3,90.84745704349024,13.23871162925994,-10.3448275862069,-12.34029599970294,15거래일 관찰 완료,15,-17.46531710857683,-29.27884615384615,2026-06-24,확인,80,30,13,False,6,True,47,True,3,1,0.85,"네이버 인링크(CP) 관측(oid=003) · 네이버 인링크(CP) 관측(oid=018) · 네이버 인링크(CP) 관측(oid=031) · 네이버 인링크(CP) 관측(oid=293) · 네이버 인링크(CP) 관측(oid=421) · 네이버 인링크(CP) 관측(oid=648) · 미분류: 포털 CP 미등재 + 네이버 인링크 미관측(조회 2026-07) · 포털 CP 등재(다음 news.daum.net/cplist·네이트 경제 CP, 조회 2026-07)","보조지표(2026-06 표본 예측력 약함 r≈0.02, 재검증 대상; 단독 사용 안 함, 타깃광고 경계에서만 보조)",관찰 기간 내 공시 확인,6,True,4,True,True,True,False,True,True,False,False,False,False,특이 패턴 미관찰,기준 중앙값 대비 거래량 이상; MAD 기준 거래량 이상치; 언급 후 코스닥 대비 하락; 언급 후 고점 대비 큰 하락; 유사 기사 반복 관찰; 보도자료성 표현 관찰; 중요 공시 후보 제목 관찰
EVT-D40990C43A,0010F0,보원케미칼,2026-06-24 08:00:03+09:00,2026-06-24 08:00:03+09:00,2026-06-24 08:00:03+09:00,1,1,companyreport,KOSDAQ,24404486190,확인,장전,555942.1333333333,208209.0,15,3,0.8726183786483773,-0.2050055474644544,-2.17821782178218,-2.158114209662165,15거래일 관찰 완료,15,-0.5270579992650894,-16.37080867850098,2026-06-24,확인,6,2,1,False,0,False,5,True,0,0,0.6666666666666666,네이버 인링크(CP) 관측(oid=011) · 네이버 인링크(CP) 관측(oid=018) · 미분류: 포털 CP 미등재 + 네이버 인링크 미관측(조회 2026-07),"보조지표(2026-06 표본 예측력 약함 r≈0.02, 재검증 대상; 단독 사용 안 함, 타깃광고 경계에서만 보조)",관찰 기간 내 공시 미확인,0,False,0,False,False,False,False,False,True,False,False,False,False,특이 패턴 미관찰,언급 후 고점 대비 큰 하락; 관찰 기간 내 공시 미확인
EVT-825E633BE4,088340,유라클,2026-06-24 08:10:03+09:00,2026-06-24 08:10:03+09:00,2026-06-25 11:42:47+09:00,3,2,companyreport; crioppstockfree,KOSDAQ,27059081600,확인,장전,41420.4,31795.0,15,3,1.943670388425853,1.460751861501817,3.088235294117636,2.327907921962757,15거래일 관찰 완료,15,0.5107884549039099,-17.05639614855571,2026-06-24,확인,37,4,13,False,2,False,17,True,0,0,0.5135135135135135,"네이버 인링크(CP) 관측(oid=003) · 네이버 인링크(CP) 관측(oid=018) · 네이버 인링크(CP) 관측(oid=029) · 네이버 인링크(CP) 관측(oid=030) · 네이버 인링크(CP) 관측(oid=092) · 네이버 인링크(CP) 관측(oid=138) · 미분류: 포털 CP 미등재 + 네이버 인링크 미관측(조회 2026-07) · 포털 CP 등재(다음 news.daum.net/cplist·네이트 경제 CP, 조회 2026-07)","보조지표(2026-06 표본 예측력 약함 r≈0.02, 재검증 대상; 단독 사용 안 함, 타깃광고 경계에서만 보조)",관찰 기간 내 공시 미확인,0,False,0,False,False,False,False,False,True,False,False,False,False,특이 패턴 미관찰,언급 후 고점 대비 큰 하락; 복수 Telegram 채널 언급; 유사 기사 반복 관찰; 관찰 기간 내 공시 미확인
EVT-703B5B7580,389680,유디엠텍,2026-06-24 08:50:02+09:00,2026-06-24 08:50:02+09:00,2026-06-25 11:42:47+09:00,2,2,companyreport; crioppstockfree,KOSDAQ,13945481468,확인,장전,678149.8,121796.0,15,3,0.7408699793096654,-0.2840427642023318,1.973684210526305,2.389827426606717,15거래일 관찰 완료,15,4.938529045269325,-18.2258064516129,2026-06-24,확인,38,3,29,False,0,True,21,True,2,4,0.7105263157894737,"네이버 인링크(CP) 관측(oid=003) · 네이버 인링크(CP) 관측(oid=008) · 네이버 인링크(CP) 관측(oid=011) · 네이버 인링크(CP) 관측(oid=018) · 미분류: 포털 CP 미등재 + 네이버 인링크 미관측(조회 2026-07) · 포털 CP 등재(다음 news.daum.net/cplist·네이트 경제 CP, 조회 2026-07)","보조지표(2026-06 표본 예측력 약함 r≈0.02, 재검증 대상; 단독 사용 안 함, 타깃광고 경계에서만 보조)",관찰 기간 내 공시 확인,1,True,1,False,False,False,False,False,True,False,False,False,False,특이 패턴 미관찰,언급 후 고점 대비 큰 하락; 복수 Telegram 채널 언급; 보도자료성 표현 관찰; 중요 공시 후보 제목 관찰
EVT-66337CE139,373110,엑셀세라퓨틱스,2026-06-24 08:55:02+09:00,2026-06-24 08:55:02+09:00,2026-06-25 11:42:47+09:00,4,2,companyreport; crioppstockfree,KOSDAQ,19387015674,확인,장전,239126.5333333333,149061.0,15,3,1.293020977988877,0.7041146918172736,-0.2425222312045228,0.1736209848758885,15거래일 관찰 완료,15,6.075323285511836,-8.103727714748787,2026-06-24,확인,83,0,0,False,16,False,72,True,0,0,0.7831325301204819,"네이버 인링크(CP) 관측(oid=001) · 네이버 인링크(CP) 관측(oid=003) · 네이버 인링크(CP) 관측(oid=008) · 네이버 인링크(CP) 관측(oid=015) · 네이버 인링크(CP) 관측(oid=030) · 네이버 인링크(CP) 관측(oid=117) · 네이버 인링크(CP) 관측(oid=277) · 네이버 인링크(CP) 관측(oid=293) · 네이버 인링크(CP) 관측(oid=346) · 네이버 인링크(CP) 관측(oid=366) · 네이버 인링크(CP) 관측(oid=421) · 네이버 인링크(CP) 관측(oid=648) · 미분류: 포털 CP 미등재 + 네이버 인링크 미관측(조회 2026-07) · 포털 CP 등재(다음 news.daum.net/cplist·네이트 경제 CP, 조회 2026-07)","보조지표(2026-06 표본 예측력 약함 r≈0.02, 재검증 대상; 단독 사용 안 함, 타깃광고 경계에서만 보조)",관찰 기간 내 공시 미확인,0,False,0,False,False,False,False,False,False,False,False,False,False,특이 패턴 미관찰,복수 Telegram 채널 언급; 유사 기사 반복 관찰; 관찰 기간 내 공시 미확인
EVT-6E5966E6AF,225220,제놀루션,2026-06-24 10:00:22+09:00,2026-06-24 10:00:22+09:00,2026-06-25 12:19:39+09:00,3,3,crioppstockfree; mbngoldcsi; numt7777,KOSDAQ,25599488014,확인,장중,58424.66666666666,45860.0,15,3,18.6172917575229,3.943123885998245,-3.376623376623378,1.126921131632186,15거래일 관찰 완료,15,40.62934308559792,-2.512562814070352,2026-06-24,확인,32,8,17,False,4,False,20,True,0,0,0.5625,"네이버 인링크(CP) 관측(oid=003) · 네이버 인링크(CP) 관측(oid=015) · 네이버 인링크(CP) 관측(oid=018) · 네이버 인링크(CP) 관측(oid=081) · 네이버 인링크(CP) 관측(oid=277) · 네이버 인링크(CP) 관측(oid=648) · 미분류: 포털 CP 미등재 + 네이버 인링크 미관측(조회 2026-07) · 포털 CP 등재(다음 news.daum.net/cplist·네이트 경제 CP, 조회 2026-07)","보조지표(2026-06 표본 예측력 약함 r≈0.02, 재검증 대상; 단독 사용 안 함, 타깃광고 경계에서만 보조)",관찰 기간 내 공시 미확인,0,False,0,True,True,True,False,False,False,False,False,False,False,특이 패턴 미관찰,기준 중앙값 대비 거래량 이상; MAD 기준 거래량 이상치; 복수 Telegram 채널 언급; 유사 기사 반복 관찰; 관찰 기간 내 공시 미확인
EVT-8F5DAFB465,239340,이스트에이드,2026-06-24 11:27:55+09:00,2026-06-24 11:27:55+09:00,2026-06-24 12:18:20+09:00,2,2,crioppstockfree; mbngoldcsi,KOSDAQ,15216513576,확인,장중,95840.93333333333,79174.0,15,3,2.381248894839215,1.079464395987862,12.90322580645162,13.31936902253203,15거래일 관찰 완료,15,22.19931703776462,-10.58631921824105,2026-06-24,확인,38,4,4,False,0,True,28,True,0,0,0.7368421052631579,"네이버 인링크(CP) 관측(oid=001) · 네이버 인링크(CP) 관측(oid=003) · 네이버 인링크(CP) 관측(oid=011) · 네이버 인링크(CP) 관측(oid=015) · 네이버 인링크(CP) 관측(oid=092) · 네이버 인링크(CP) 관측(oid=277) · 네이버 인링크(CP) 관측(oid=366) · 네이버 인링크(CP) 관측(oid=421) · 미분류: 포털 CP 미등재 + 네이버 인링크 미관측(조회 2026-07) · 포털 CP 등재(다음 news.daum.net/cplist·네이트 경제 CP, 조회 2026-07)","보조지표(2026-06 표본 예측력 약함 r≈0.02, 재검증 대상; 단독 사용 안 함, 타깃광고 경계에서만 보조)",관찰 기간 내 공시 확인,2,False,0,False,False,False,True,False,False,False,False,False,False,특이 패턴 미관찰,코스닥 대비 단기 초과상승; 복수 Telegram 채널 언급; 보도자료성 표현 관찰; 관찰 기간 내 공시 확인
EVT-BA0099D0C6,440320,오픈놀,2026-06-24 11:32:35+09:00,2026-06-24 11:32:35+09:00,2026-06-25 11:42:47+09:00,2,1,crioppstockfree,KOSDAQ,19600720000,확인,장중,84491.06666666667,75988.0,15,3,0.9540322156129916,-0.1410830715500946,1.569506726457393,-0.4259616870386562,15거래일 관찰 완료,15,0.1754113682443599,-16.04938271604939,2026-06-24,확인,24,1,19,False,2,False,20,True,0,0,0.5416666666666666,네이버 인링크(CP) 관측(oid=001) · 네이버 인링크(CP) 관측(oid=003) · 네이버 인링크(CP) 관측(oid=008) · 네이버 인링크(CP) 관측(oid=011) · 네이버 인링크(CP) 관측(oid=018) · 네이버 인링크(CP) 관측(oid=030) · 네이버 인링크(CP) 관측(oid=031) · 네이버 인링크(CP) 관측(oid=092) · 미분류: 포털 CP 미등재 + 네이버 인링크 미관측(조회 2026-07),"보조지표(2026-06 표본 예측력 약함 r≈0.02, 재검증 대상; 단독 사용 안 함, 타깃광고 경계에서만 보조)",관찰 기간 내 공시 확인,2,True,1,False,False,False,False,False,True,False,False,False,False,특이 패턴 미관찰,언급 후 고점 대비 큰 하락; 유사 기사 반복 관찰; 중요 공시 후보 제목 관찰
EVT-E9000BDF5C,038530,케이바이오랩스,2026-06-24 17:12:39+09:00,2026-06-24 17:12:39+09:00,2026-06-24 17:12:39+09:00,1,1,crioppstockfree,KOSDAQ,17449723226,확인,장후,108299.2666666667,89509.0,15,3,1.07043984403803,0.1166751217884374,0.2320185614849146,0.04424455747927825,15거래일 관찰 완료,15,13.18504224050635,-12.34042553191489,2026-06-25,확인,22,4,4,False,0,False,16,True,0,0,0.8181818181818182,네이버 인링크(CP) 관측(oid=015) · 네이버 인링크(CP) 관측(oid=018) · 네이버 인링크(CP) 관측(oid=024) · 네이버 인링크(CP) 관측(oid=293) · 미분류: 포털 CP 미등재 + 네이버 인링크 미관측(조회 2026-07),"보조지표(2026-06 표본 예측력 약함 r≈0.02, 재검증 대상; 단독 사용 안 함, 타깃광고 경계에서만 보조)",관찰 기간 내 공시 미확인,0,False,0,False,False,False,False,False,False,False,False,False,False,특이 패턴 미관찰,관찰 기간 내 공시 미확인
EVT-ABE63A5CAC,058110,멕아이씨에스,2026-06-24 17:12:39+09:00,2026-06-24 17:12:39+09:00,2026-06-25 10:10:52+09:00,2,2,FastStockNews; crioppstockfree,KOSDAQ,26852536690,확인,장후,57923.06666666667,47247.0,15,3,2.244417634982115,1.596227051803612,1.313794845881766,7.685659226566011,15거래일 관찰 완료,15,4.402076307201607,-7.730673316708225,2026-06-25,확인,12,2,3,False,2,False,6,True,0,0,0.5833333333333334,네이버 인링크(CP) 관측(oid=003) · 네이버 인링크(CP) 관측(oid=277) · 미분류: 포털 CP 미등재 + 네이버 인링크 미관측(조회 2026-07),"보조지표(2026-06 표본 예측력 약함 r≈0.02, 재검증 대상; 단독 사용 안 함, 타깃광고 경계에서만 보조)",관찰 기간 내 공시 확인,2,False,0,False,False,False,True,False,False,False,False,False,False,특이 패턴 미관찰,코스닥 대비 단기 초과상승; 복수 Telegram 채널 언급; 유사 기사 반복 관찰; 관찰 기간 내 공시 확인
EVT-03D343C804,078590,휴림에이텍,2026-06-24 17:12:39+09:00,2026-06-24 17:12:39+09:00,2026-06-24 17:12:39+09:00,1,1,crioppstockfree,KOSDAQ,19534006145,확인,장후,104772.5333333333,97704.0,15,3,1.285597314337182,0.3764267591094245,-7.597535934291577,-6.054460998102741,15거래일 관찰 완료,15,4.531718422562736,-15.74468085106383,2026-06-25,확인,4,1,0,False,0,False,3,True,0,0,0.75,네이버 인링크(CP) 관측(oid=018) · 미분류: 포털 CP 미등재 + 네이버 인링크 미관측(조회 2026-07),"보조지표(2026-06 표본 예측력 약함 r≈0.02, 재검증 대상; 단독 사용 안 함, 타깃광고 경계에서만 보조)",관찰 기간 내 공시 확인,3,True,1,False,False,False,False,False,True,False,False,False,False,특이 패턴 미관찰,언급 후 고점 대비 큰 하락; 중요 공시 후보 제목 관찰
EVT-B5934759FF,188260,세니젠,2026-06-24 17:12:39+09:00,2026-06-24 17:12:39+09:00,2026-06-24 17:12:39+09:00,1,1,crioppstockfree,KOSDAQ,28184880125,확인,장후,15138.66666666667,14070.0,15,3,1.922316986496091,1.276537508164959,16.60401002506266,18.08865636063413,15거래일 관찰 완료,15,36.75948232430116,-8.450704225352112,2026-06-25,확인,18,1,5,False,0,True,11,True,2,0,0.8888888888888888,"네이버 인링크(CP) 관측(oid=001) · 미분류: 포털 CP 미등재 + 네이버 인링크 미관측(조회 2026-07) · 포털 CP 등재(다음 news.daum.net/cplist·네이트 경제 CP, 조회 2026-07)","보조지표(2026-06 표본 예측력 약함 r≈0.02, 재검증 대상; 단독 사용 안 함, 타깃광고 경계에서만 보조)",관찰 기간 내 공시 확인,2,True,1,False,False,False,True,False,False,False,False,False,False,특이 패턴 미관찰,코스닥 대비 단기 초과상승; 보도자료성 표현 관찰; 중요 공시 후보 제목 관찰
EVT-0AC0C3CABF,303530,이노뎁,2026-06-24 17:12:39+09:00,2026-06-24 17:12:39+09:00,2026-06-24 17:12:39+09:00,1,1,crioppstockfree,KOSDAQ,18274854510,확인,장후,26600.8,16814.0,15,3,1.447603187819674,1.225679136331189,5.587668593448947,4.349367024127138,15거래일 관찰 완료,15,6.627235822688903,-29.80501392757661,2026-06-25,확인,48,4,5,False,0,True,30,True,4,4,0.7083333333333334,"네이버 인링크(CP) 관측(oid=008) · 네이버 인링크(CP) 관측(oid=018) · 네이버 인링크(CP) 관측(oid=030) · 네이버 인링크(CP) 관측(oid=081) · 네이버 인링크(CP) 관측(oid=468) · 미분류: 포털 CP 미등재 + 네이버 인링크 미관측(조회 2026-07) · 포털 CP 등재(다음 news.daum.net/cplist·네이트 경제 CP, 조회 2026-07)","보조지표(2026-06 표본 예측력 약함 r≈0.02, 재검증 대상; 단독 사용 안 함, 타깃광고 경계에서만 보조)",관찰 기간 내 공시 확인,1,False,0,False,False,False,False,False,True,False,False,False,False,특이 패턴 미관찰,언급 후 고점 대비 큰 하락; 보도자료성 표현 관찰; 관찰 기간 내 공시 확인
EVT-3B3D9B4DCA,308100,형지글로벌,2026-06-24 17:12:39+09:00,2026-06-24 17:12:39+09:00,2026-06-24 17:12:39+09:00,1,1,crioppstockfree,KOSDAQ,11050583680,확인,장후,1106442.866666667,265940.0,15,3,1.109389335940438,0.09924608301848298,-1.136363636363635,5.235500744320609,15거래일 관찰 완료,15,36.48024341268351,-29.3394777265745,2026-06-25,확인,12,0,0,False,0,False,11,True,0,0,0.75,네이버 인링크(CP) 관측(oid=014) · 네이버 인링크(CP) 관측(oid=015) · 네이버 인링크(CP) 관측(oid=030) · 미분류: 포털 CP 미등재 + 네이버 인링크 미관측(조회 2026-07),"보조지표(2026-06 표본 예측력 약함 r≈0.02, 재검증 대상; 단독 사용 안 함, 타깃광고 경계에서만 보조)",관찰 기간 내 공시 미확인,0,False,0,False,False,False,False,False,True,False,False,False,False,특이 패턴 미관찰,언급 후 고점 대비 큰 하락; 관찰 기간 내 공시 미확인
EVT-1DC5F95F3E,405000,플라즈맵,2026-06-24 17:12:39+09:00,2026-06-24 17:12:39+09:00,2026-06-24 17:12:39+09:00,1,1,crioppstockfree,KOSDAQ,14816393840,확인,장후,22565.2,21082.0,15,3,0.8060905037472725,-0.5557487897388256,-2.340702210663204,1.43038193595082,15거래일 관찰 완료,15,10.38117389982089,-15.94387755102041,2026-06-25,확인,10,1,5,False,2,False,8,True,0,1,0.9,네이버 인링크(CP) 관측(oid=648) · 미분류: 포털 CP 미등재 + 네이버 인링크 미관측(조회 2026-07),"보조지표(2026-06 표본 예측력 약함 r≈0.02, 재검증 대상; 단독 사용 안 함, 타깃광고 경계에서만 보조)",관찰 기간 내 공시 확인,2,False,0,False,False,False,False,False,True,False,False,False,False,특이 패턴 미관찰,언급 후 고점 대비 큰 하락; 유사 기사 반복 관찰; 관찰 기간 내 공시 확인
EVT-513F7A58EE,035200,프럼파스트,2026-06-24 19:43:26+09:00,2026-06-24 19:43:26+09:00,2026-06-24 19:43:26+09:00,1,1,crioppstockfree,KOSDAQ,25078348320,확인,장후,58348.0,56042.0,15,3,2.798151386460155,1.809607024475072,14.55576559546314,13.31746402614133,15거래일 관찰 완료,15,14.80974532839233,-11.64274322169059,2026-06-25,확인,11,2,7,False,0,False,7,True,0,0,0.8181818181818182,네이버 인링크(CP) 관측(oid=018) · 미분류: 포털 CP 미등재 + 네이버 인링크 미관측(조회 2026-07),"보조지표(2026-06 표본 예측력 약함 r≈0.02, 재검증 대상; 단독 사용 안 함, 타깃광고 경계에서만 보조)",관찰 기간 내 공시 확인,2,True,1,False,False,False,True,False,False,False,False,False,False,특이 패턴 미관찰,코스닥 대비 단기 초과상승; 중요 공시 후보 제목 관찰
EVT-4D0F5EE784,134060,이퓨쳐,2026-06-24 19:43:26+09:00,2026-06-24 19:43:26+09:00,2026-06-24 19:43:26+09:00,1,1,crioppstockfree,KOSDAQ,22940092500,확인,장후,30695.6,26916.0,15,3,0.7272254421162134,-1.621017309513607,5.102040816326525,11.47390519701077,15거래일 관찰 완료,15,19.83831675696376,-2.378490175801451,2026-06-25,확인,14,6,2,False,2,False,10,True,0,0,0.7857142857142857,네이버 인링크(CP) 관측(oid=016) · 네이버 인링크(CP) 관측(oid=018) · 네이버 인링크(CP) 관측(oid=421) · 미분류: 포털 CP 미등재 + 네이버 인링크 미관측(조회 2026-07),"보조지표(2026-06 표본 예측력 약함 r≈0.02, 재검증 대상; 단독 사용 안 함, 타깃광고 경계에서만 보조)",관찰 기간 내 공시 확인,3,True,2,False,False,False,True,False,False,False,False,False,False,특이 패턴 미관찰,코스닥 대비 단기 초과상승; 유사 기사 반복 관찰; 중요 공시 후보 제목 관찰
EVT-56BC8BEFCE,378800,샤페론,2026-06-24 20:22:08+09:00,2026-06-24 20:22:08+09:00,2026-06-25 20:20:18+09:00,10,3,crioppstockfree; mbngoldcsi; numt7777,KOSDAQ,23768917934,확인,장후,1280423.066666667,614392.0,15,3,14.11100893240797,2.717044110158291,-29.98154981549816,-27.61711964316969,15거래일 관찰 완료,15,-18.70277114064588,-33.72859025032938,2026-06-25,확인,74,0,0,False,5,True,41,True,2,0,0.6351351351351351,"네이버 인링크(CP) 관측(oid=001) · 네이버 인링크(CP) 관측(oid=003) · 네이버 인링크(CP) 관측(oid=008) · 네이버 인링크(CP) 관측(oid=011) · 네이버 인링크(CP) 관측(oid=015) · 네이버 인링크(CP) 관측(oid=018) · 네이버 인링크(CP) 관측(oid=028) · 네이버 인링크(CP) 관측(oid=029) · 네이버 인링크(CP) 관측(oid=030) · 네이버 인링크(CP) 관측(oid=277) · 네이버 인링크(CP) 관측(oid=346) · 네이버 인링크(CP) 관측(oid=366) · 네이버 인링크(CP) 관측(oid=374) · 네이버 인링크(CP) 관측(oid=421) · 네이버 인링크(CP) 관측(oid=584) · 미분류: 포털 CP 미등재 + 네이버 인링크 미관측(조회 2026-07) · 포털 CP 등재(다음 news.daum.net/cplist·네이트 경제 CP, 조회 2026-07)","보조지표(2026-06 표본 예측력 약함 r≈0.02, 재검증 대상; 단독 사용 안 함, 타깃광고 경계에서만 보조)",관찰 기간 내 공시 확인,1,False,0,True,False,True,False,True,True,False,False,False,False,특이 패턴 미관찰,기준 중앙값 대비 거래량 이상; 언급 후 코스닥 대비 하락; 언급 후 고점 대비 큰 하락; 복수 Telegram 채널 언급; 유사 기사 반복 관찰; 보도자료성 표현 관찰; 관찰 기간 내 공시 확인
EVT-F5843466B8,054780,키이스트,2026-06-25 07:03:25+09:00,2026-06-25 07:03:25+09:00,2026-06-25 07:03:25+09:00,1,1,crioppstockfree,KOSDAQ,23432089256,확인,장전,53370.66666666666,48720.0,15,3,1.149076354679803,0.2491076184651152,-2.594514455151964,-0.230084282823495,15거래일 관찰 완료,15,8.526640305561273,-11.67127071823204,2026-06-25,확인,96,13,18,False,21,True,39,True,1,0,0.78125,"네이버 인링크(CP) 관측(oid=001) · 네이버 인링크(CP) 관측(oid=003) · 네이버 인링크(CP) 관측(oid=009) · 네이버 인링크(CP) 관측(oid=014) · 네이버 인링크(CP) 관측(oid=015) · 네이버 인링크(CP) 관측(oid=016) · 네이버 인링크(CP) 관측(oid=018) · 네이버 인링크(CP) 관측(oid=031) · 네이버 인링크(CP) 관측(oid=052) · 네이버 인링크(CP) 관측(oid=055) · 네이버 인링크(CP) 관측(oid=081) · 네이버 인링크(CP) 관측(oid=088) · 네이버 인링크(CP) 관측(oid=215) · 네이버 인링크(CP) 관측(oid=277) · 네이버 인링크(CP) 관측(oid=421) · 네이버 인링크(CP) 관측(oid=422) · 네이버 인링크(CP) 관측(oid=448) · 네이버 인링크(CP) 관측(oid=654) · 미분류: 포털 CP 미등재 + 네이버 인링크 미관측(조회 2026-07) · 포털 CP 등재(다음 news.daum.net/cplist·네이트 경제 CP, 조회 2026-07)","보조지표(2026-06 표본 예측력 약함 r≈0.02, 재검증 대상; 단독 사용 안 함, 타깃광고 경계에서만 보조)",관찰 기간 내 공시 확인,2,True,2,False,False,False,False,False,False,False,False,False,False,특이 패턴 미관찰,유사 기사 반복 관찰; 보도자료성 표현 관찰; 중요 공시 후보 제목 관찰
EVT-0194357CA7,247660,나노씨엠에스,2026-06-25 07:03:25+09:00,2026-06-25 07:03:25+09:00,2026-06-25 07:03:25+09:00,1,1,crioppstockfree,KOSDAQ,12358452400,확인,장전,16877.33333333333,14320.0,15,3,6.338756983240224,3.669952079724735,-7.85498489425982,-5.490554721931352,15거래일 관찰 완료,15,9.006466639867739,-9.51638065522621,2026-06-25,확인,17,5,3,False,0,False,8,True,0,1,0.8235294117647058,"네이버 인링크(CP) 관측(oid=003) · 네이버 인링크(CP) 관측(oid=015) · 미분류: 포털 CP 미등재 + 네이버 인링크 미관측(조회 2026-07) · 포털 CP 등재(다음 news.daum.net/cplist·네이트 경제 CP, 조회 2026-07)","보조지표(2026-06 표본 예측력 약함 r≈0.02, 재검증 대상; 단독 사용 안 함, 타깃광고 경계에서만 보조)",관찰 기간 내 공시 확인,2,True,2,True,True,True,False,False,False,False,False,False,False,특이 패턴 미관찰,기준 중앙값 대비 거래량 이상; MAD 기준 거래량 이상치; 중요 공시 후보 제목 관찰
EVT-0A39719FB2,271830,팸텍,2026-06-25 07:03:25+09:00,2026-06-25 07:03:25+09:00,2026-06-25 07:03:25+09:00,1,1,crioppstockfree,KOSDAQ,27042515234,확인,장전,7032511.933333334,2941330.0,15,3,0.3397867631309646,-0.6302693800880409,1.35135135135136,3.715781523679829,15거래일 관찰 완료,15,-7.940254671607672,-19.41666666666667,2026-06-25,확인,25,7,11,False,0,True,12,True,1,1,0.92,"네이버 인링크(CP) 관측(oid=293) · 미분류: 포털 CP 미등재 + 네이버 인링크 미관측(조회 2026-07) · 포털 CP 등재(다음 news.daum.net/cplist·네이트 경제 CP, 조회 2026-07)","보조지표(2026-06 표본 예측력 약함 r≈0.02, 재검증 대상; 단독 사용 안 함, 타깃광고 경계에서만 보조)",관찰 기간 내 공시 미확인,0,False,0,False,False,False,False,False,True,False,False,False,False,특이 패턴 미관찰,언급 후 고점 대비 큰 하락; 보도자료성 표현 관찰; 관찰 기간 내 공시 미확인
EVT-F8D529504D,101000,KS인더스트리,2026-06-25 10:00:20+09:00,2026-06-25 10:00:20+09:00,2026-06-25 11:40:49+09:00,3,2,crioppstockfree; numt7777,KOSDAQ,14548594916,확인,장중,325237.0666666667,253306.0,15,3,11.15349814058885,4.198593076274282,-24.21259842519685,-20.39978916262284,15거래일 관찰 완료,15,10.55000506865207,-17.86600496277916,2026-06-25,확인,31,9,9,False,0,False,16,True,0,0,0.8064516129032258,"네이버 인링크(CP) 관측(oid=018) · 네이버 인링크(CP) 관측(oid=081) · 네이버 인링크(CP) 관측(oid=277) · 미분류: 포털 CP 미등재 + 네이버 인링크 미관측(조회 2026-07) · 포털 CP 등재(다음 news.daum.net/cplist·네이트 경제 CP, 조회 2026-07)","보조지표(2026-06 표본 예측력 약함 r≈0.02, 재검증 대상; 단독 사용 안 함, 타깃광고 경계에서만 보조)",관찰 기간 내 공시 확인,6,True,1,True,True,True,False,False,True,False,False,False,False,특이 패턴 미관찰,기준 중앙값 대비 거래량 이상; MAD 기준 거래량 이상치; 언급 후 고점 대비 큰 하락; 복수 Telegram 채널 언급; 중요 공시 후보 제목 관찰
EVT-3798AC8674,301300,바이브컴퍼니,2026-06-25 10:00:20+09:00,2026-06-25 10:00:20+09:00,2026-06-25 10:00:20+09:00,1,1,numt7777,KOSDAQ,18087729000,확인,장중,30703.2,24720.0,15,3,8.346076051779935,10.15678201231479,-19.21259842519685,-16.84816825286838,15거래일 관찰 완료,15,38.10019367147225,-26.3905325443787,2026-06-25,확인,63,0,0,False,6,True,36,True,2,7,0.6190476190476191,"네이버 인링크(CP) 관측(oid=001) · 네이버 인링크(CP) 관측(oid=003) · 네이버 인링크(CP) 관측(oid=018) · 네이버 인링크(CP) 관측(oid=032) · 네이버 인링크(CP) 관측(oid=081) · 네이버 인링크(CP) 관측(oid=092) · 네이버 인링크(CP) 관측(oid=138) · 네이버 인링크(CP) 관측(oid=421) · 미분류: 포털 CP 미등재 + 네이버 인링크 미관측(조회 2026-07) · 포털 CP 등재(다음 news.daum.net/cplist·네이트 경제 CP, 조회 2026-07)","보조지표(2026-06 표본 예측력 약함 r≈0.02, 재검증 대상; 단독 사용 안 함, 타깃광고 경계에서만 보조)",관찰 기간 내 공시 미확인,0,False,0,True,True,True,False,False,True,False,False,False,False,특이 패턴 미관찰,기준 중앙값 대비 거래량 이상; MAD 기준 거래량 이상치; 언급 후 고점 대비 큰 하락; 유사 기사 반복 관찰; 보도자료성 표현 관찰; 관찰 기간 내 공시 미확인
EVT-1B8FFFA7F0,131760,파인텍,2026-06-25 11:40:55+09:00,2026-06-25 11:40:55+09:00,2026-06-26 07:04:22+09:00,3,1,crioppstockfree,KOSDAQ,14080518236,확인,장중,277536.0666666667,241973.0,15,3,0.8659065267612502,-0.3671511615566735,0.4540867810292726,0.9517157424596467,15거래일 관찰 완료,15,-0.1421482232965126,-23.35509794073331,2026-06-25,확인,32,9,12,False,0,True,18,True,1,1,0.90625,네이버 인링크(CP) 관측(oid=009) · 네이버 인링크(CP) 관측(oid=018) · 네이버 인링크(CP) 관측(oid=293) · 미분류: 포털 CP 미등재 + 네이버 인링크 미관측(조회 2026-07),"보조지표(2026-06 표본 예측력 약함 r≈0.02, 재검증 대상; 단독 사용 안 함, 타깃광고 경계에서만 보조)",관찰 기간 내 공시 확인,1,True,1,False,False,False,False,False,True,False,False,False,False,특이 패턴 미관찰,언급 후 고점 대비 큰 하락; 보도자료성 표현 관찰; 중요 공시 후보 제목 관찰
EVT-C9DD2FB8A9,452300,캡스톤파트너스,2026-06-25 11:42:56+09:00,2026-06-25 11:42:56+09:00,2026-06-26 11:46:36+09:00,2,1,crioppstockfree,KOSDAQ,29614265450,확인,장중,132807.4666666667,107874.0,15,3,2.08425570573076,1.068637686952829,1.061571125265393,1.090544822009998,15거래일 관찰 완료,15,5.863508769252546,-13.16872427983539,2026-06-25,확인,47,15,10,False,4,False,35,True,0,0,0.5531914893617021,"네이버 인링크(CP) 관측(oid=003) · 네이버 인링크(CP) 관측(oid=008) · 네이버 인링크(CP) 관측(oid=009) · 네이버 인링크(CP) 관측(oid=014) · 네이버 인링크(CP) 관측(oid=015) · 네이버 인링크(CP) 관측(oid=018) · 네이버 인링크(CP) 관측(oid=021) · 네이버 인링크(CP) 관측(oid=025) · 네이버 인링크(CP) 관측(oid=030) · 네이버 인링크(CP) 관측(oid=417) · 네이버 인링크(CP) 관측(oid=421) · 미분류: 포털 CP 미등재 + 네이버 인링크 미관측(조회 2026-07) · 포털 CP 등재(다음 news.daum.net/cplist·네이트 경제 CP, 조회 2026-07)","보조지표(2026-06 표본 예측력 약함 r≈0.02, 재검증 대상; 단독 사용 안 함, 타깃광고 경계에서만 보조)",관찰 기간 내 공시 미확인,0,False,0,False,False,False,False,False,False,False,False,False,False,특이 패턴 미관찰,유사 기사 반복 관찰; 관찰 기간 내 공시 미확인
EVT-8E5DCAC200,362990,드림인사이트,2026-06-25 20:16:44+09:00,2026-06-25 20:16:44+09:00,2026-06-26 07:04:22+09:00,3,2,crioppstockfree; mbngoldcsi,KOSDAQ,20832711760,확인,장후,67583.73333333334,39350.0,15,3,3.721194409148666,1.290398039846012,9.737098344693273,6.541594802268657,15거래일 관찰 완료,15,40.7132546527446,-2.124183006535951,2026-06-26,확인,59,12,4,False,6,True,38,True,1,0,0.8135593220338984,"네이버 인링크(CP) 관측(oid=011) · 네이버 인링크(CP) 관측(oid=015) · 네이버 인링크(CP) 관측(oid=018) · 네이버 인링크(CP) 관측(oid=025) · 네이버 인링크(CP) 관측(oid=030) · 네이버 인링크(CP) 관측(oid=092) · 네이버 인링크(CP) 관측(oid=119) · 네이버 인링크(CP) 관측(oid=353) · 미분류: 포털 CP 미등재 + 네이버 인링크 미관측(조회 2026-07) · 포털 CP 등재(다음 news.daum.net/cplist·네이트 경제 CP, 조회 2026-07)","보조지표(2026-06 표본 예측력 약함 r≈0.02, 재검증 대상; 단독 사용 안 함, 타깃광고 경계에서만 보조)",관찰 기간 내 공시 확인,1,True,1,True,False,True,False,False,False,False,False,False,False,특이 패턴 미관찰,기준 중앙값 대비 거래량 이상; 복수 Telegram 채널 언급; 유사 기사 반복 관찰; 보도자료성 표현 관찰; 중요 공시 후보 제목 관찰
EVT-3B088485C8,038870,에코심플렉스,2026-06-25 20:20:18+09:00,2026-06-25 20:20:18+09:00,2026-06-25 20:20:18+09:00,1,1,crioppstockfree,KOSDAQ,27174986111,확인,장후,31231.66666666667,31772.0,15,3,1.288304167191238,0.4820579613155407,2.069425901201605,3.370169398247302,15거래일 관찰 완료,15,42.34574837996584,-28.45018450184502,2026-06-26,확인,39,6,5,False,0,True,21,True,5,8,0.7692307692307693,"네이버 인링크(CP) 관측(oid=008) · 네이버 인링크(CP) 관측(oid=081) · 네이버 인링크(CP) 관측(oid=277) · 미분류: 포털 CP 미등재 + 네이버 인링크 미관측(조회 2026-07) · 포털 CP 등재(다음 news.daum.net/cplist·네이트 경제 CP, 조회 2026-07)","보조지표(2026-06 표본 예측력 약함 r≈0.02, 재검증 대상; 단독 사용 안 함, 타깃광고 경계에서만 보조)",관찰 기간 내 공시 미확인,0,False,0,False,False,False,False,False,True,False,False,False,False,특이 패턴 미관찰,언급 후 고점 대비 큰 하락; 보도자료성 표현 관찰; 관찰 기간 내 공시 미확인
EVT-A48C21A784,121850,코이즈,2026-06-25 20:20:18+09:00,2026-06-25 20:20:18+09:00,2026-06-25 20:20:18+09:00,1,1,crioppstockfree,KOSDAQ,7317477553,확인,장후,48023.2,41092.0,15,3,7.08894675362601,3.448255949198957,-5.666666666666664,-9.356645378327965,15거래일 관찰 완료,15,27.61644238293427,-10.95524382097528,2026-06-26,확인,23,4,14,False,0,False,13,True,0,0,0.6086956521739131,"네이버 인링크(CP) 관측(oid=003) · 네이버 인링크(CP) 관측(oid=018) · 네이버 인링크(CP) 관측(oid=277) · 미분류: 포털 CP 미등재 + 네이버 인링크 미관측(조회 2026-07) · 포털 CP 등재(다음 news.daum.net/cplist·네이트 경제 CP, 조회 2026-07)","보조지표(2026-06 표본 예측력 약함 r≈0.02, 재검증 대상; 단독 사용 안 함, 타깃광고 경계에서만 보조)",관찰 기간 내 공시 미확인,0,False,0,True,False,True,False,False,False,False,False,False,False,특이 패턴 미관찰,기준 중앙값 대비 거래량 이상; 관찰 기간 내 공시 미확인
EVT-3A7E47CC0F,352940,인바이오,2026-06-25 20:20:22+09:00,2026-06-25 20:20:22+09:00,2026-06-26 07:04:22+09:00,2,1,crioppstockfree,KOSDAQ,21789798650,확인,장후,21478.33333333333,20903.0,15,3,0.7978280629574702,-0.5053842790494558,-1.951219512195124,1.665457424558802,15거래일 관찰 완료,15,12.19897635575601,-1.91646191646192,2026-06-26,확인,18,6,6,False,0,False,12,True,0,0,0.6111111111111112,"네이버 인링크(CP) 관측(oid=003) · 네이버 인링크(CP) 관측(oid=018) · 네이버 인링크(CP) 관측(oid=277) · 미분류: 포털 CP 미등재 + 네이버 인링크 미관측(조회 2026-07) · 포털 CP 등재(다음 news.daum.net/cplist·네이트 경제 CP, 조회 2026-07)","보조지표(2026-06 표본 예측력 약함 r≈0.02, 재검증 대상; 단독 사용 안 함, 타깃광고 경계에서만 보조)",관찰 기간 내 공시 확인,1,False,0,False,False,False,False,False,False,False,False,False,False,특이 패턴 미관찰,관찰 기간 내 공시 확인
EVT-0E2BC5D69C,043200,파루,2026-06-25 20:25:34+09:00,2026-06-25 20:25:34+09:00,2026-06-25 20:25:34+09:00,1,1,mbngoldcsi,KOSDAQ,22866960305,확인,장후,586536.8,245628.0,15,3,66.2955078411256,6.337683254781553,-6.532066508313539,-2.427584693510832,15거래일 관찰 완료,15,-18.54657637613725,-30.49555273189326,2026-06-26,확인,60,19,20,False,2,True,32,True,3,1,0.75,"네이버 인링크(CP) 관측(oid=001) · 네이버 인링크(CP) 관측(oid=003) · 네이버 인링크(CP) 관측(oid=028) · 네이버 인링크(CP) 관측(oid=030) · 네이버 인링크(CP) 관측(oid=050) · 네이버 인링크(CP) 관측(oid=081) · 네이버 인링크(CP) 관측(oid=277) · 네이버 인링크(CP) 관측(oid=421) · 네이버 인링크(CP) 관측(oid=584) · 미분류: 포털 CP 미등재 + 네이버 인링크 미관측(조회 2026-07) · 포털 CP 등재(다음 news.daum.net/cplist·네이트 경제 CP, 조회 2026-07)","보조지표(2026-06 표본 예측력 약함 r≈0.02, 재검증 대상; 단독 사용 안 함, 타깃광고 경계에서만 보조)",관찰 기간 내 공시 미확인,0,False,0,True,True,True,False,True,True,False,False,False,False,특이 패턴 미관찰,기준 중앙값 대비 거래량 이상; MAD 기준 거래량 이상치; 언급 후 코스닥 대비 하락; 언급 후 고점 대비 큰 하락; 유사 기사 반복 관찰; 보도자료성 표현 관찰; 관찰 기간 내 공시 미확인
EVT-05EF09A86F,115530,씨엔플러스,2026-06-25 20:55:18+09:00,2026-06-25 20:55:18+09:00,2026-06-25 20:55:18+09:00,1,1,crioppstockfree,KOSDAQ,13979007513,확인,장후,52696.33333333334,35068.0,15,3,2.462102201437208,3.029910195364328,12.66628108733372,9.470777544909103,15거래일 관찰 완료,15,16.98452137945269,-11.24229979466119,2026-06-26,확인,14,1,7,False,2,False,5,True,0,0,0.6428571428571429,네이버 인링크(CP) 관측(oid=003) · 네이버 인링크(CP) 관측(oid=008) · 네이버 인링크(CP) 관측(oid=366) · 미분류: 포털 CP 미등재 + 네이버 인링크 미관측(조회 2026-07),"보조지표(2026-06 표본 예측력 약함 r≈0.02, 재검증 대상; 단독 사용 안 함, 타깃광고 경계에서만 보조)",관찰 기간 내 공시 미확인,0,False,0,False,False,False,True,False,False,False,False,False,False,특이 패턴 미관찰,코스닥 대비 단기 초과상승; 유사 기사 반복 관찰; 관찰 기간 내 공시 미확인
EVT-506DEDDF8D,377220,프롬바이오,2026-06-25 20:55:18+09:00,2026-06-25 20:55:18+09:00,2026-06-25 20:55:18+09:00,1,1,crioppstockfree,KOSDAQ,14523030000,확인,장후,510463.2,227383.0,15,3,0.6539143207715616,-0.8912362166650563,-6.913183279742762,-5.863363844361281,15거래일 관찰 완료,15,3.556119212898867,-28.25174825174825,2026-06-26,확인,72,9,0,True,2,True,42,True,7,4,0.7361111111111112,"네이버 인링크(CP) 관측(oid=001) · 네이버 인링크(CP) 관측(oid=015) · 네이버 인링크(CP) 관측(oid=018) · 네이버 인링크(CP) 관측(oid=020) · 네이버 인링크(CP) 관측(oid=022) · 네이버 인링크(CP) 관측(oid=081) · 네이버 인링크(CP) 관측(oid=374) · 미분류: 포털 CP 미등재 + 네이버 인링크 미관측(조회 2026-07) · 포털 CP 등재(다음 news.daum.net/cplist·네이트 경제 CP, 조회 2026-07)","보조지표(2026-06 표본 예측력 약함 r≈0.02, 재검증 대상; 단독 사용 안 함, 타깃광고 경계에서만 보조)",관찰 기간 내 공시 확인,1,False,0,False,False,False,False,False,True,False,False,False,False,특이 패턴 미관찰,언급 후 고점 대비 큰 하락; 언급 시점 뉴스 집중; 유사 기사 반복 관찰; 보도자료성 표현 관찰; 관찰 기간 내 공시 확인
EVT-345F2274D4,462310,뉴키즈온,2026-06-25 20:55:18+09:00,2026-06-25 20:55:18+09:00,2026-06-25 20:55:18+09:00,1,1,crioppstockfree,KOSDAQ,25824056755,확인,장후,30307.86666666666,23514.0,15,3,1.779025261546313,1.354269753929703,2.998500749625177,-0.1970027927994389,15거래일 관찰 완료,15,12.90897635575602,-11.25175808720113,2026-06-26,확인,7,0,1,False,2,False,6,True,0,0,0.7142857142857143,네이버 인링크(CP) 관측(oid=003) · 네이버 인링크(CP) 관측(oid=015) · 미분류: 포털 CP 미등재 + 네이버 인링크 미관측(조회 2026-07),"보조지표(2026-06 표본 예측력 약함 r≈0.02, 재검증 대상; 단독 사용 안 함, 타깃광고 경계에서만 보조)",관찰 기간 내 공시 미확인,0,False,0,False,False,False,False,False,False,False,False,False,False,특이 패턴 미관찰,유사 기사 반복 관찰; 관찰 기간 내 공시 미확인
EVT-95A7848467,083470,이엠앤아이,2026-06-26 07:04:14+09:00,2026-06-26 07:04:14+09:00,2026-06-26 09:21:24+09:00,3,3,crioppstockfree; jeilstock; mbngoldcsi,KOSDAQ,14084617140,확인,장전,150641.6666666667,86586.0,15,3,0.6284734252650543,-0.6189440322845359,-0.3289473684210509,3.775534446381656,15거래일 관찰 완료,15,-15.44376291817138,-32.44626407369498,2026-06-26,확인,28,3,19,False,2,False,14,True,0,0,0.75,네이버 인링크(CP) 관측(oid=003) · 네이버 인링크(CP) 관측(oid=008) · 네이버 인링크(CP) 관측(oid=018) · 미분류: 포털 CP 미등재 + 네이버 인링크 미관측(조회 2026-07),"보조지표(2026-06 표본 예측력 약함 r≈0.02, 재검증 대상; 단독 사용 안 함, 타깃광고 경계에서만 보조)",관찰 기간 내 공시 확인,1,False,0,False,False,False,False,True,True,False,False,False,False,특이 패턴 미관찰,언급 후 코스닥 대비 하락; 언급 후 고점 대비 큰 하락; 복수 Telegram 채널 언급; 유사 기사 반복 관찰; 관찰 기간 내 공시 확인
EVT-797A3CAB00,008290,원풍물산,2026-06-26 07:04:22+09:00,2026-06-26 07:04:22+09:00,2026-06-26 07:04:22+09:00,1,1,crioppstockfree,KOSDAQ,8932262321,확인,장전,50256.13333333333,37039.0,15,3,8.74480952509517,3.59526340924226,-1.287553648068673,2.816928166734034,15거래일 관찰 완료,15,7.383758964451669,-48.91304347826087,2026-06-26,확인,62,0,0,False,0,True,35,True,2,8,0.7419354838709677,"네이버 인링크(CP) 관측(oid=005) · 네이버 인링크(CP) 관측(oid=015) · 네이버 인링크(CP) 관측(oid=020) · 네이버 인링크(CP) 관측(oid=021) · 네이버 인링크(CP) 관측(oid=028) · 네이버 인링크(CP) 관측(oid=081) · 네이버 인링크(CP) 관측(oid=119) · 미분류: 포털 CP 미등재 + 네이버 인링크 미관측(조회 2026-07) · 포털 CP 등재(다음 news.daum.net/cplist·네이트 경제 CP, 조회 2026-07)","보조지표(2026-06 표본 예측력 약함 r≈0.02, 재검증 대상; 단독 사용 안 함, 타깃광고 경계에서만 보조)",관찰 기간 내 공시 확인,1,False,0,True,True,True,False,False,True,False,False,False,False,특이 패턴 미관찰,기준 중앙값 대비 거래량 이상; MAD 기준 거래량 이상치; 언급 후 고점 대비 큰 하락; 보도자료성 표현 관찰; 관찰 기간 내 공시 확인
EVT-CF3C9E2741,069920,엑시온그룹,2026-06-26 07:04:22+09:00,2026-06-26 07:04:22+09:00,2026-06-26 11:44:42+09:00,2,1,crioppstockfree,KOSDAQ,11462610393,확인,장전,195780.6,74933.0,15,3,3.433427194960831,1.04090025070339,-3.033586132177679,-1.854348087689162,15거래일 관찰 완료,15,53.99966759999565,-42.01117318435755,2026-06-26,확인,48,14,15,False,0,True,29,True,2,3,0.7708333333333334,"네이버 인링크(CP) 관측(oid=001) · 네이버 인링크(CP) 관측(oid=009) · 네이버 인링크(CP) 관측(oid=015) · 네이버 인링크(CP) 관측(oid=081) · 네이버 인링크(CP) 관측(oid=366) · 네이버 인링크(CP) 관측(oid=374) · 미분류: 포털 CP 미등재 + 네이버 인링크 미관측(조회 2026-07) · 포털 CP 등재(다음 news.daum.net/cplist·네이트 경제 CP, 조회 2026-07)","보조지표(2026-06 표본 예측력 약함 r≈0.02, 재검증 대상; 단독 사용 안 함, 타깃광고 경계에서만 보조)",관찰 기간 내 공시 확인,4,True,1,True,False,True,False,False,True,False,False,False,False,특이 패턴 미관찰,기준 중앙값 대비 거래량 이상; 언급 후 고점 대비 큰 하락; 보도자료성 표현 관찰; 중요 공시 후보 제목 관찰
EVT-68E8744EE2,431190,케이쓰리아이,2026-06-26 07:04:22+09:00,2026-06-26 07:04:22+09:00,2026-06-26 07:04:22+09:00,1,1,crioppstockfree,KOSDAQ,17405977650,확인,장전,66264.06666666667,45902.0,15,3,2.550542460023528,1.610837841540373,3.278688524590168,0.1232171778003606,15거래일 관찰 완료,15,25.36361050209747,-10.89108910891089,2026-06-26,확인,19,7,5,False,0,True,14,True,2,0,0.6842105263157895,네이버 인링크(CP) 관측(oid=003) · 네이버 인링크(CP) 관측(oid=018) · 네이버 인링크(CP) 관측(oid=277) · 미분류: 포털 CP 미등재 + 네이버 인링크 미관측(조회 2026-07),"보조지표(2026-06 표본 예측력 약함 r≈0.02, 재검증 대상; 단독 사용 안 함, 타깃광고 경계에서만 보조)",관찰 기간 내 공시 확인,1,True,1,False,False,False,False,False,False,False,False,False,False,특이 패턴 미관찰,보도자료성 표현 관찰; 중요 공시 후보 제목 관찰
EVT-143F84D4FE,432980,엠에프씨,2026-06-26 09:30:12+09:00,2026-06-26 09:30:12+09:00,2026-06-26 09:30:12+09:00,1,1,companyreport,KOSDAQ,22982909850,확인,장중,38978.73333333333,30954.0,15,3,1.284002067584157,0.6342820136340356,-1.200686106346482,1.360056428867884,15거래일 관찰 완료,15,6.305237378683703,-7.758620689655171,2026-06-26,확인,31,5,22,False,0,True,21,True,1,0,0.8387096774193549,"네이버 인링크(CP) 관측(oid=016) · 네이버 인링크(CP) 관측(oid=018) · 네이버 인링크(CP) 관측(oid=138) · 미분류: 포털 CP 미등재 + 네이버 인링크 미관측(조회 2026-07) · 포털 CP 등재(다음 news.daum.net/cplist·네이트 경제 CP, 조회 2026-07)","보조지표(2026-06 표본 예측력 약함 r≈0.02, 재검증 대상; 단독 사용 안 함, 타깃광고 경계에서만 보조)",관찰 기간 내 공시 미확인,0,False,0,False,False,False,False,False,False,False,False,False,False,특이 패턴 미관찰,보도자료성 표현 관찰; 관찰 기간 내 공시 미확인
EVT-42705C9F55,058450,한주에이알티,2026-06-26 11:00:21+09:00,2026-06-26 11:00:21+09:00,2026-06-26 12:00:19+09:00,2,1,numt7777,KOSDAQ,22660441440,확인,장중,65243.73333333333,28643.0,15,3,21.32259190727228,4.785420069195333,-6.70103092783505,-9.896534470259667,15거래일 관찰 완료,15,45.08594248241286,-6.874999999999998,2026-06-26,확인,14,5,0,True,0,False,11,True,0,1,0.4285714285714285,"네이버 인링크(CP) 관측(oid=003) · 네이버 인링크(CP) 관측(oid=018) · 네이버 인링크(CP) 관측(oid=029) · 네이버 인링크(CP) 관측(oid=030) · 네이버 인링크(CP) 관측(oid=243) · 미분류: 포털 CP 미등재 + 네이버 인링크 미관측(조회 2026-07) · 포털 CP 등재(다음 news.daum.net/cplist·네이트 경제 CP, 조회 2026-07)","보조지표(2026-06 표본 예측력 약함 r≈0.02, 재검증 대상; 단독 사용 안 함, 타깃광고 경계에서만 보조)",관찰 기간 내 공시 확인,1,False,0,True,True,True,False,False,False,False,False,False,False,특이 패턴 미관찰,기준 중앙값 대비 거래량 이상; MAD 기준 거래량 이상치; 언급 시점 뉴스 집중; 관찰 기간 내 공시 확인
EVT-DA1FF82475,225430,케이엠제약,2026-06-26 11:48:43+09:00,2026-06-26 11:48:43+09:00,2026-06-26 11:48:43+09:00,1,1,crioppstockfree,KOSDAQ,8087244500,확인,장중,353705.6666666667,103683.0,15,3,0.7299557304476144,-0.3179809948448791,7.130434782608686,5.49578616262879,15거래일 관찰 완료,15,-5.146506777462967,-33.92857142857143,2026-06-26,확인,44,0,0,False,4,True,27,True,1,0,0.6590909090909091,네이버 인링크(CP) 관측(oid=003) · 네이버 인링크(CP) 관측(oid=008) · 네이버 인링크(CP) 관측(oid=009) · 네이버 인링크(CP) 관측(oid=018) · 네이버 인링크(CP) 관측(oid=021) · 네이버 인링크(CP) 관측(oid=030) · 네이버 인링크(CP) 관측(oid=144) · 네이버 인링크(CP) 관측(oid=277) · 네이버 인링크(CP) 관측(oid=366) · 네이버 인링크(CP) 관측(oid=421) · 네이버 인링크(CP) 관측(oid=468) · 네이버 인링크(CP) 관측(oid=629) · 미분류: 포털 CP 미등재 + 네이버 인링크 미관측(조회 2026-07),"보조지표(2026-06 표본 예측력 약함 r≈0.02, 재검증 대상; 단독 사용 안 함, 타깃광고 경계에서만 보조)",관찰 기간 내 공시 확인,3,False,0,False,False,False,False,False,True,False,False,False,False,특이 패턴 미관찰,언급 후 고점 대비 큰 하락; 유사 기사 반복 관찰; 보도자료성 표현 관찰; 관찰 기간 내 공시 확인
EVT-917EBDCDB0,154040,다산솔루에타,2026-06-26 16:25:59+09:00,2026-06-26 16:25:59+09:00,2026-06-29 08:54:00+09:00,3,2,crioppstockfree; jeilstock,KOSDAQ,16860178920,확인,장후,120754.8,92767.0,15,3,0.677406836482801,-0.8058586617818541,0.0,-8.128075924686096,부분 관찰,14,24.83487380863632,-4.938271604938271,2026-06-29,확인,14,3,9,False,0,False,7,True,0,0,0.9285714285714286,네이버 인링크(CP) 관측(oid=014) · 미분류: 포털 CP 미등재 + 네이버 인링크 미관측(조회 2026-07),"보조지표(2026-06 표본 예측력 약함 r≈0.02, 재검증 대상; 단독 사용 안 함, 타깃광고 경계에서만 보조)",관찰 기간 내 공시 확인,2,False,0,False,False,False,False,False,False,False,False,False,False,특이 패턴 미관찰,사후 데이터: 부분 관찰 (14거래일); 복수 Telegram 채널 언급; 관찰 기간 내 공시 확인
EVT-B8A2BBDBD3,469750,아이비젼웍스,2026-06-26 17:50:12+09:00,2026-06-26 17:50:12+09:00,2026-06-29 11:34:38+09:00,2,2,companyreport; crioppstockfree,KOSDAQ,21363018220,확인,장후,227544.3333333333,235273.0,15,3,1.046605432837597,0.08762204971984558,6.159420289855078,-1.968655634831018,부분 관찰,14,-10.89745764306906,-32.08191126279863,2026-06-29,확인,19,1,5,False,0,True,9,True,1,0,0.8421052631578947,네이버 인링크(CP) 관측(oid=009) · 네이버 인링크(CP) 관측(oid=018) · 미분류: 포털 CP 미등재 + 네이버 인링크 미관측(조회 2026-07),"보조지표(2026-06 표본 예측력 약함 r≈0.02, 재검증 대상; 단독 사용 안 함, 타깃광고 경계에서만 보조)",관찰 기간 내 공시 미확인,0,False,0,False,False,False,False,True,True,False,False,False,False,특이 패턴 미관찰,사후 데이터: 부분 관찰 (14거래일); 복수 Telegram 채널 언급; 보도자료성 표현 관찰; 관찰 기간 내 공시 미확인
EVT-0AA3FC4C4C,274400,이노시뮬레이션,2026-06-26 17:50:13+09:00,2026-06-26 17:50:13+09:00,2026-06-29 11:35:14+09:00,3,2,companyreport; crioppstockfree,KOSDAQ,16991741910,확인,장후,21902.06666666667,14824.0,15,3,2.654749055585537,2.358247924732142,10.02331002331003,0.863955101243242,부분 관찰,14,-0.1278083380287569,-25.87301587301587,2026-06-29,확인,76,4,46,False,0,False,55,True,0,0,0.6052631578947368,"네이버 인링크(CP) 관측(oid=003) · 네이버 인링크(CP) 관측(oid=008) · 네이버 인링크(CP) 관측(oid=011) · 네이버 인링크(CP) 관측(oid=014) · 네이버 인링크(CP) 관측(oid=018) · 네이버 인링크(CP) 관측(oid=020) · 네이버 인링크(CP) 관측(oid=023) · 네이버 인링크(CP) 관측(oid=030) · 네이버 인링크(CP) 관측(oid=031) · 네이버 인링크(CP) 관측(oid=092) · 네이버 인링크(CP) 관측(oid=119) · 네이버 인링크(CP) 관측(oid=138) · 네이버 인링크(CP) 관측(oid=277) · 네이버 인링크(CP) 관측(oid=366) · 네이버 인링크(CP) 관측(oid=421) · 네이버 인링크(CP) 관측(oid=584) · 미분류: 포털 CP 미등재 + 네이버 인링크 미관측(조회 2026-07) · 포털 CP 등재(다음 news.daum.net/cplist·네이트 경제 CP, 조회 2026-07)","보조지표(2026-06 표본 예측력 약함 r≈0.02, 재검증 대상; 단독 사용 안 함, 타깃광고 경계에서만 보조)",관찰 기간 내 공시 미확인,0,False,0,False,False,False,False,False,True,False,False,False,False,특이 패턴 미관찰,사후 데이터: 부분 관찰 (14거래일); 복수 Telegram 채널 언급; 관찰 기간 내 공시 미확인
EVT-C283D91135,018620,우진비앤지,2026-06-26 20:19:34+09:00,2026-06-26 20:19:34+09:00,2026-06-26 20:19:34+09:00,1,1,crioppstockfree,KOSDAQ,16916476080,확인,장후,28130.8,27516.0,15,3,0.5002907399331298,-0.854149879880026,5.81896551724137,-3.340389404825416,부분 관찰,14,25.82059108863154,-20.39151712887439,2026-06-29,확인,45,5,7,False,0,True,22,True,1,0,0.8888888888888888,네이버 인링크(CP) 관측(oid=018) · 네이버 인링크(CP) 관측(oid=421) · 네이버 인링크(CP) 관측(oid=648) · 미분류: 포털 CP 미등재 + 네이버 인링크 미관측(조회 2026-07),"보조지표(2026-06 표본 예측력 약함 r≈0.02, 재검증 대상; 단독 사용 안 함, 타깃광고 경계에서만 보조)",관찰 기간 내 공시 확인,2,False,0,False,False,False,False,False,True,False,False,False,False,특이 패턴 미관찰,사후 데이터: 부분 관찰 (14거래일); 보도자료성 표현 관찰; 관찰 기간 내 공시 확인
EVT-6BC3852500,101680,한국정밀기계,2026-06-26 20:19:34+09:00,2026-06-26 20:19:34+09:00,2026-06-26 20:20:50+09:00,2,1,crioppstockfree,KOSDAQ,19917480000,확인,장후,40683.2,31126.0,15,3,1.460354687399602,0.6285542744436364,12.21881390593047,4.606377479934732,부분 관찰,14,29.05735432539477,-7.744874715261963,2026-06-29,확인,13,6,5,False,0,False,6,True,0,0,0.8461538461538461,"네이버 인링크(CP) 관측(oid=018) · 미분류: 포털 CP 미등재 + 네이버 인링크 미관측(조회 2026-07) · 포털 CP 등재(다음 news.daum.net/cplist·네이트 경제 CP, 조회 2026-07)","보조지표(2026-06 표본 예측력 약함 r≈0.02, 재검증 대상; 단독 사용 안 함, 타깃광고 경계에서만 보조)",관찰 기간 내 공시 확인,1,True,1,False,False,False,False,False,False,False,False,False,False,특이 패턴 미관찰,사후 데이터: 부분 관찰 (14거래일); 중요 공시 후보 제목 관찰
EVT-A5CF0BFEF1,215480,토박스코리아,2026-06-26 20:19:34+09:00,2026-06-26 20:19:34+09:00,2026-06-27 06:31:14+09:00,2,2,crioppstockfree; mbngoldcsi,KOSDAQ,17318250000,확인,장후,45924.8,36865.0,15,3,4.594086531940865,2.668380792462534,-20.08771929824561,-27.70015572424135,부분 관찰,14,25.53301796523751,-14.21514818880352,2026-06-29,확인,46,3,1,False,6,True,24,True,1,0,0.717391304347826,"네이버 인링크(CP) 관측(oid=001) · 네이버 인링크(CP) 관측(oid=003) · 네이버 인링크(CP) 관측(oid=008) · 네이버 인링크(CP) 관측(oid=011) · 네이버 인링크(CP) 관측(oid=015) · 네이버 인링크(CP) 관측(oid=016) · 네이버 인링크(CP) 관측(oid=018) · 네이버 인링크(CP) 관측(oid=293) · 네이버 인링크(CP) 관측(oid=366) · 미분류: 포털 CP 미등재 + 네이버 인링크 미관측(조회 2026-07) · 포털 CP 등재(다음 news.daum.net/cplist·네이트 경제 CP, 조회 2026-07)","보조지표(2026-06 표본 예측력 약함 r≈0.02, 재검증 대상; 단독 사용 안 함, 타깃광고 경계에서만 보조)",관찰 기간 내 공시 확인,3,True,2,True,False,True,False,False,False,False,False,False,False,특이 패턴 미관찰,기준 중앙값 대비 거래량 이상; 사후 데이터: 부분 관찰 (14거래일); 복수 Telegram 채널 언급; 유사 기사 반복 관찰; 보도자료성 표현 관찰; 중요 공시 후보 제목 관찰
EVT-5EF44CC036,237750,피앤씨테크,2026-06-26 20:19:34+09:00,2026-06-26 20:19:34+09:00,2026-06-29 17:12:44+09:00,3,1,crioppstockfree,KOSDAQ,24297284000,확인,장후,16297.6,15839.0,15,3,0.8578824420733632,-0.4969758285654132,12.70270270270271,3.543347780635919,부분 관찰,14,10.57276388508478,-18.69565217391305,2026-06-29,확인,47,4,20,False,0,True,22,True,1,0,0.7659574468085106,"네이버 인링크(CP) 관측(oid=003) · 네이버 인링크(CP) 관측(oid=008) · 네이버 인링크(CP) 관측(oid=011) · 네이버 인링크(CP) 관측(oid=018) · 네이버 인링크(CP) 관측(oid=144) · 네이버 인링크(CP) 관측(oid=293) · 네이버 인링크(CP) 관측(oid=366) · 미분류: 포털 CP 미등재 + 네이버 인링크 미관측(조회 2026-07) · 포털 CP 등재(다음 news.daum.net/cplist·네이트 경제 CP, 조회 2026-07)","보조지표(2026-06 표본 예측력 약함 r≈0.02, 재검증 대상; 단독 사용 안 함, 타깃광고 경계에서만 보조)",관찰 기간 내 공시 확인,1,True,1,False,False,False,False,False,True,False,False,False,False,특이 패턴 미관찰,사후 데이터: 부분 관찰 (14거래일); 보도자료성 표현 관찰; 중요 공시 후보 제목 관찰
EVT-D721F8CFCB,363260,모비데이즈,2026-06-26 20:19:34+09:00,2026-06-26 20:19:34+09:00,2026-06-26 20:19:34+09:00,1,1,crioppstockfree,KOSDAQ,22578965838,확인,장후,107910.3333333333,95808.0,15,3,5.829314879759519,2.829853460532611,15.65452091767881,6.692556826365937,부분 관찰,14,11.54797628621541,-18.08634772462077,2026-06-29,확인,29,6,9,False,4,False,20,True,0,1,0.6551724137931034,네이버 인링크(CP) 관측(oid=003) · 네이버 인링크(CP) 관측(oid=018) · 네이버 인링크(CP) 관측(oid=020) · 네이버 인링크(CP) 관측(oid=022) · 네이버 인링크(CP) 관측(oid=029) · 네이버 인링크(CP) 관측(oid=215) · 네이버 인링크(CP) 관측(oid=366) · 미분류: 포털 CP 미등재 + 네이버 인링크 미관측(조회 2026-07),"보조지표(2026-06 표본 예측력 약함 r≈0.02, 재검증 대상; 단독 사용 안 함, 타깃광고 경계에서만 보조)",관찰 기간 내 공시 확인,3,False,0,True,False,True,False,False,True,False,False,False,False,특이 패턴 미관찰,기준 중앙값 대비 거래량 이상; 사후 데이터: 부분 관찰 (14거래일); 유사 기사 반복 관찰; 관찰 기간 내 공시 확인
EVT-4645FDDE37,368970,오에스피,2026-06-26 20:19:34+09:00,2026-06-26 20:19:34+09:00,2026-06-26 20:19:34+09:00,1,1,crioppstockfree,KOSDAQ,19927783680,확인,장후,83930.53333333334,54477.0,15,3,1.644987793013565,0.3912936895445829,-3.883495145631066,-12.01157107031716,부분 관찰,14,33.71935898739945,-11.4,2026-06-29,확인,76,11,12,False,4,True,34,True,5,1,0.6973684210526315,"네이버 인링크(CP) 관측(oid=001) · 네이버 인링크(CP) 관측(oid=003) · 네이버 인링크(CP) 관측(oid=011) · 네이버 인링크(CP) 관측(oid=018) · 네이버 인링크(CP) 관측(oid=081) · 네이버 인링크(CP) 관측(oid=277) · 네이버 인링크(CP) 관측(oid=629) · 미분류: 포털 CP 미등재 + 네이버 인링크 미관측(조회 2026-07) · 포털 CP 등재(다음 news.daum.net/cplist·네이트 경제 CP, 조회 2026-07)","보조지표(2026-06 표본 예측력 약함 r≈0.02, 재검증 대상; 단독 사용 안 함, 타깃광고 경계에서만 보조)",관찰 기간 내 공시 확인,3,True,3,False,False,False,False,False,False,False,False,False,False,특이 패턴 미관찰,사후 데이터: 부분 관찰 (14거래일); 유사 기사 반복 관찰; 보도자료성 표현 관찰; 중요 공시 후보 제목 관찰
EVT-18ED35D8BC,407400,꿈비,2026-06-26 20:19:34+09:00,2026-06-26 20:19:34+09:00,2026-06-26 20:19:34+09:00,1,1,crioppstockfree,KOSDAQ,28625148504,확인,장후,66518.4,58353.0,15,3,1.633763474028756,0.8790050355758452,10.59670781893005,1.437352896863265,부분 관찰,14,10.83199477928052,-9.02325581395349,2026-06-29,확인,25,3,2,False,4,True,17,True,1,0,0.52,"네이버 인링크(CP) 관측(oid=003) · 네이버 인링크(CP) 관측(oid=008) · 네이버 인링크(CP) 관측(oid=011) · 네이버 인링크(CP) 관측(oid=015) · 네이버 인링크(CP) 관측(oid=016) · 네이버 인링크(CP) 관측(oid=018) · 네이버 인링크(CP) 관측(oid=293) · 네이버 인링크(CP) 관측(oid=366) · 미분류: 포털 CP 미등재 + 네이버 인링크 미관측(조회 2026-07) · 포털 CP 등재(다음 news.daum.net/cplist·네이트 경제 CP, 조회 2026-07)","보조지표(2026-06 표본 예측력 약함 r≈0.02, 재검증 대상; 단독 사용 안 함, 타깃광고 경계에서만 보조)",관찰 기간 내 공시 확인,1,True,1,False,False,False,False,False,False,False,False,False,False,특이 패턴 미관찰,사후 데이터: 부분 관찰 (14거래일); 유사 기사 반복 관찰; 보도자료성 표현 관찰; 중요 공시 후보 제목 관찰
EVT-B05E4366F1,900110,딥커머스,2026-06-26 20:19:34+09:00,2026-06-26 20:19:34+09:00,2026-06-26 20:19:34+09:00,1,1,crioppstockfree,KOSDAQ,15364476250,확인,장후,102068.3333333333,71584.0,9,3,0.7954151765757711,-0.4821220361392647,8.636363636363642,-0.522991285703144,부분 관찰,14,31.79248151704371,-5.090311986863716,2026-06-29,확인,75,4,29,False,0,False,49,True,0,3,0.7866666666666666,"네이버 인링크(CP) 관측(oid=003) · 네이버 인링크(CP) 관측(oid=008) · 네이버 인링크(CP) 관측(oid=018) · 네이버 인링크(CP) 관측(oid=020) · 네이버 인링크(CP) 관측(oid=030) · 네이버 인링크(CP) 관측(oid=081) · 네이버 인링크(CP) 관측(oid=138) · 네이버 인링크(CP) 관측(oid=421) · 미분류: 포털 CP 미등재 + 네이버 인링크 미관측(조회 2026-07) · 포털 CP 등재(다음 news.daum.net/cplist·네이트 경제 CP, 조회 2026-07)","보조지표(2026-06 표본 예측력 약함 r≈0.02, 재검증 대상; 단독 사용 안 함, 타깃광고 경계에서만 보조)",관찰 기간 내 공시 확인,3,False,0,False,False,False,False,False,False,False,False,False,False,특이 패턴 미관찰,사후 데이터: 부분 관찰 (14거래일); 관찰 기간 내 공시 확인
EVT-05B789C7E5,001000,신라섬유,2026-06-29 07:05:25+09:00,2026-06-29 07:05:25+09:00,2026-06-29 07:05:25+09:00,1,1,crioppstockfree,KOSDAQ,21024349640,확인,장전,2385160.866666667,2198807.0,15,3,0.187528509778257,-1.284269040947328,-3.720930232558139,-11.84900615724423,부분 관찰,14,-11.70590817699816,-36.55394524959742,2026-06-29,확인,22,2,7,False,0,True,13,True,1,0,0.9090909090909091,"네이버 인링크(CP) 관측(oid=018) · 미분류: 포털 CP 미등재 + 네이버 인링크 미관측(조회 2026-07) · 포털 CP 등재(다음 news.daum.net/cplist·네이트 경제 CP, 조회 2026-07)","보조지표(2026-06 표본 예측력 약함 r≈0.02, 재검증 대상; 단독 사용 안 함, 타깃광고 경계에서만 보조)",관찰 기간 내 공시 확인,3,False,0,False,False,False,False,True,True,False,False,False,False,특이 패턴 미관찰,사후 데이터: 부분 관찰 (14거래일); 보도자료성 표현 관찰; 관찰 기간 내 공시 확인
EVT-CCD480A9C7,091340,S&K폴리텍,2026-06-29 07:05:25+09:00,2026-06-29 07:05:25+09:00,2026-06-29 07:05:25+09:00,1,1,crioppstockfree,KOSDAQ,24636332705,확인,장전,56547.46666666667,37238.0,15,3,1.320076266179709,0.9676936813925292,6.459330143540676,-2.70002477852611,부분 관찰,14,15.12747686340723,-8.089887640449433,2026-06-29,확인,26,12,4,False,6,False,17,True,0,0,0.5,"네이버 인링크(CP) 관측(oid=001) · 네이버 인링크(CP) 관측(oid=003) · 네이버 인링크(CP) 관측(oid=018) · 네이버 인링크(CP) 관측(oid=277) · 네이버 인링크(CP) 관측(oid=293) · 미분류: 포털 CP 미등재 + 네이버 인링크 미관측(조회 2026-07) · 포털 CP 등재(다음 news.daum.net/cplist·네이트 경제 CP, 조회 2026-07)","보조지표(2026-06 표본 예측력 약함 r≈0.02, 재검증 대상; 단독 사용 안 함, 타깃광고 경계에서만 보조)",관찰 기간 내 공시 확인,1,True,1,False,False,False,False,False,False,False,False,False,False,특이 패턴 미관찰,사후 데이터: 부분 관찰 (14거래일); 유사 기사 반복 관찰; 중요 공시 후보 제목 관찰
EVT-ED38311956,188260,세니젠,2026-06-29 07:05:25+09:00,2026-06-29 07:05:25+09:00,2026-06-29 11:32:39+09:00,2,1,crioppstockfree,KOSDAQ,28184880125,확인,장전,16701.53333333333,17093.0,15,3,1.569472883636576,0.921618453630221,11.60964666292765,2.450291740860866,부분 관찰,14,32.75376538343936,-8.450704225352112,2026-06-29,확인,17,6,7,False,0,True,11,True,2,0,0.8823529411764706,"네이버 인링크(CP) 관측(oid=001) · 미분류: 포털 CP 미등재 + 네이버 인링크 미관측(조회 2026-07) · 포털 CP 등재(다음 news.daum.net/cplist·네이트 경제 CP, 조회 2026-07)","보조지표(2026-06 표본 예측력 약함 r≈0.02, 재검증 대상; 단독 사용 안 함, 타깃광고 경계에서만 보조)",관찰 기간 내 공시 확인,2,True,1,False,False,False,False,False,False,False,False,False,False,특이 패턴 미관찰,사후 데이터: 부분 관찰 (14거래일); 보도자료성 표현 관찰; 중요 공시 후보 제목 관찰
EVT-C2F5764508,215090,솔디펜스,2026-06-29 07:05:25+09:00,2026-06-29 07:05:25+09:00,2026-06-29 11:32:39+09:00,2,1,crioppstockfree,KOSDAQ,29963425334,확인,장전,114971.2,109298.0,15,3,1.332942963274717,0.5247142084786041,10.31353135313531,2.288553673014171,부분 관찰,14,19.26823294094265,-19.5,2026-06-29,확인,28,2,14,False,0,True,14,True,1,2,0.9285714285714286,"네이버 인링크(CP) 관측(oid=081) · 미분류: 포털 CP 미등재 + 네이버 인링크 미관측(조회 2026-07) · 포털 CP 등재(다음 news.daum.net/cplist·네이트 경제 CP, 조회 2026-07)","보조지표(2026-06 표본 예측력 약함 r≈0.02, 재검증 대상; 단독 사용 안 함, 타깃광고 경계에서만 보조)",관찰 기간 내 공시 확인,3,True,3,False,False,False,False,False,True,False,False,False,False,특이 패턴 미관찰,사후 데이터: 부분 관찰 (14거래일); 보도자료성 표현 관찰; 중요 공시 후보 제목 관찰
EVT-91C8AB5C42,418620,E8,2026-06-29 09:35:14+09:00,2026-06-29 09:35:14+09:00,2026-06-29 09:35:14+09:00,1,1,companyreport,KOSDAQ,13895333900,확인,장중,442701.8,252375.0,15,3,14.71462704309064,3.005895432985831,5.63909774436091,-1.973338681634829,부분 관찰,14,4.247158401367766,-19.57295373665481,2026-06-29,확인,64,7,38,False,8,True,34,True,1,1,0.75,"네이버 인링크(CP) 관측(oid=003) · 네이버 인링크(CP) 관측(oid=008) · 네이버 인링크(CP) 관측(oid=018) · 네이버 인링크(CP) 관측(oid=081) · 네이버 인링크(CP) 관측(oid=082) · 네이버 인링크(CP) 관측(oid=366) · 미분류: 포털 CP 미등재 + 네이버 인링크 미관측(조회 2026-07) · 포털 CP 등재(다음 news.daum.net/cplist·네이트 경제 CP, 조회 2026-07)","보조지표(2026-06 표본 예측력 약함 r≈0.02, 재검증 대상; 단독 사용 안 함, 타깃광고 경계에서만 보조)",관찰 기간 내 공시 확인,5,True,1,True,False,True,False,False,True,False,False,False,False,특이 패턴 미관찰,기준 중앙값 대비 거래량 이상; 사후 데이터: 부분 관찰 (14거래일); 유사 기사 반복 관찰; 보도자료성 표현 관찰; 중요 공시 후보 제목 관찰
EVT-4F233D8DAA,431190,케이쓰리아이,2026-06-29 10:38:45+09:00,2026-06-29 10:38:45+09:00,2026-06-29 10:38:45+09:00,1,1,FastStockNews,KOSDAQ,17405977650,확인,장중,65928.13333333333,45902.0,15,3,2.550542460023528,1.610837841540373,13.65853658536584,4.499181663299058,부분 관찰,14,26.70737871960521,-10.89108910891089,2026-06-29,확인,19,5,12,False,0,True,14,True,2,0,0.6842105263157895,네이버 인링크(CP) 관측(oid=003) · 네이버 인링크(CP) 관측(oid=018) · 네이버 인링크(CP) 관측(oid=277) · 미분류: 포털 CP 미등재 + 네이버 인링크 미관측(조회 2026-07),"보조지표(2026-06 표본 예측력 약함 r≈0.02, 재검증 대상; 단독 사용 안 함, 타깃광고 경계에서만 보조)",관찰 기간 내 공시 확인,4,True,2,False,False,False,False,False,False,False,False,False,False,특이 패턴 미관찰,사후 데이터: 부분 관찰 (14거래일); 보도자료성 표현 관찰; 중요 공시 후보 제목 관찰
EVT-DA047FBE28,378800,샤페론,2026-06-29 11:30:26+09:00,2026-06-29 11:30:26+09:00,2026-06-30 20:30:42+09:00,7,2,crioppstockfree; mbngoldcsi,KOSDAQ,23768917934,확인,장중,2197185.666666667,758574.0,15,3,4.484669920139631,1.675951503376703,7.746478873239426,-0.3815970514466693,부분 관찰,14,2.554771940459453,-17.81045751633987,2026-06-29,확인,89,30,0,True,7,True,43,True,2,0,0.6292134831460674,"네이버 인링크(CP) 관측(oid=001) · 네이버 인링크(CP) 관측(oid=003) · 네이버 인링크(CP) 관측(oid=008) · 네이버 인링크(CP) 관측(oid=011) · 네이버 인링크(CP) 관측(oid=015) · 네이버 인링크(CP) 관측(oid=018) · 네이버 인링크(CP) 관측(oid=028) · 네이버 인링크(CP) 관측(oid=029) · 네이버 인링크(CP) 관측(oid=030) · 네이버 인링크(CP) 관측(oid=277) · 네이버 인링크(CP) 관측(oid=346) · 네이버 인링크(CP) 관측(oid=366) · 네이버 인링크(CP) 관측(oid=374) · 네이버 인링크(CP) 관측(oid=421) · 네이버 인링크(CP) 관측(oid=584) · 미분류: 포털 CP 미등재 + 네이버 인링크 미관측(조회 2026-07) · 포털 CP 등재(다음 news.daum.net/cplist·네이트 경제 CP, 조회 2026-07)","보조지표(2026-06 표본 예측력 약함 r≈0.02, 재검증 대상; 단독 사용 안 함, 타깃광고 경계에서만 보조)",관찰 기간 내 공시 확인,6,False,0,True,False,True,False,False,True,False,False,False,False,특이 패턴 미관찰,기준 중앙값 대비 거래량 이상; 사후 데이터: 부분 관찰 (14거래일); 복수 Telegram 채널 언급; 언급 시점 뉴스 집중; 유사 기사 반복 관찰; 보도자료성 표현 관찰; 관찰 기간 내 공시 확인
EVT-CC606CF047,032800,판타지오,2026-06-29 11:32:39+09:00,2026-06-29 11:32:39+09:00,2026-07-01 07:05:38+09:00,2,1,crioppstockfree,KOSDAQ,20063050420,확인,장중,36118.26666666667,24450.0,15,3,24.33963190184049,5.061545308124653,15.15151515151516,6.266351452792129,부분 관찰,14,6.020315318774028,-27.13936430317848,2026-06-29,확인,20,0,0,False,0,False,13,True,0,0,0.8,"네이버 인링크(CP) 관측(oid=003) · 네이버 인링크(CP) 관측(oid=008) · 네이버 인링크(CP) 관측(oid=018) · 미분류: 포털 CP 미등재 + 네이버 인링크 미관측(조회 2026-07) · 포털 CP 등재(다음 news.daum.net/cplist·네이트 경제 CP, 조회 2026-07)","보조지표(2026-06 표본 예측력 약함 r≈0.02, 재검증 대상; 단독 사용 안 함, 타깃광고 경계에서만 보조)",관찰 기간 내 공시 확인,1,True,1,True,True,True,False,False,True,False,False,False,False,특이 패턴 미관찰,기준 중앙값 대비 거래량 이상; MAD 기준 거래량 이상치; 사후 데이터: 부분 관찰 (14거래일); 중요 공시 후보 제목 관찰
EVT-D569EE9BD8,476080,M83,2026-06-29 11:32:39+09:00,2026-06-29 11:32:39+09:00,2026-07-01 11:23:31+09:00,3,2,FastStockNews; crioppstockfree,KOSDAQ,26492560000,확인,장중,569191.4666666667,138852.0,15,3,0.616743006942644,-0.5083986892056183,15.15151515151516,6.446238649628478,부분 관찰,14,1.187491191048018,-17.79448621553885,2026-06-29,확인,37,12,21,False,8,True,18,True,1,0,0.4054054054054054,"네이버 인링크(CP) 관측(oid=003) · 네이버 인링크(CP) 관측(oid=008) · 네이버 인링크(CP) 관측(oid=009) · 네이버 인링크(CP) 관측(oid=014) · 네이버 인링크(CP) 관측(oid=018) · 네이버 인링크(CP) 관측(oid=087) · 네이버 인링크(CP) 관측(oid=092) · 네이버 인링크(CP) 관측(oid=277) · 네이버 인링크(CP) 관측(oid=366) · 네이버 인링크(CP) 관측(oid=469) · 미분류: 포털 CP 미등재 + 네이버 인링크 미관측(조회 2026-07) · 포털 CP 등재(다음 news.daum.net/cplist·네이트 경제 CP, 조회 2026-07)","보조지표(2026-06 표본 예측력 약함 r≈0.02, 재검증 대상; 단독 사용 안 함, 타깃광고 경계에서만 보조)",관찰 기간 내 공시 미확인,0,False,0,False,False,False,False,False,True,False,False,False,False,특이 패턴 미관찰,사후 데이터: 부분 관찰 (14거래일); 복수 Telegram 채널 언급; 유사 기사 반복 관찰; 보도자료성 표현 관찰; 관찰 기간 내 공시 미확인
EVT-8FA18750D4,200350,아티스트스튜디오,2026-06-29 11:33:09+09:00,2026-06-29 11:33:09+09:00,2026-07-01 07:05:38+09:00,4,2,crioppstockfree; mbngoldcsi,KOSDAQ,18062817175,확인,장중,72280.0,51777.0,15,3,2.262433126677868,0.8089820566888515,21.21212121212121,13.08404528743512,부분 관찰,14,0.7042074722479299,-18.81818181818182,2026-06-29,기사 미확인,0,0,0,False,0,False,0,False,0,0,0.0,,"보조지표(2026-06 표본 예측력 약함 r≈0.02, 재검증 대상; 단독 사용 안 함, 타깃광고 경계에서만 보조)",관찰 기간 내 공시 확인,2,True,1,False,False,False,True,False,True,False,False,False,False,특이 패턴 미관찰,코스닥 대비 단기 초과상승; 사후 데이터: 부분 관찰 (14거래일); 복수 Telegram 채널 언급; 중요 공시 후보 제목 관찰; 뉴스: 기사 미확인
EVT-F605F04CA7,068100,케이웨더,2026-06-29 11:34:38+09:00,2026-06-29 11:34:38+09:00,2026-06-29 11:34:38+09:00,1,1,crioppstockfree,KOSDAQ,28268260320,확인,장중,18212.13333333334,16108.0,15,3,0.6972932704246337,-0.5391003558257247,4.651162790697683,-2.961273635298056,부분 관찰,14,25.56558649954118,-5.111111111111111,2026-06-29,확인,69,12,15,False,4,False,21,True,0,0,0.6086956521739131,"네이버 인링크(CP) 관측(oid=003) · 네이버 인링크(CP) 관측(oid=005) · 네이버 인링크(CP) 관측(oid=009) · 네이버 인링크(CP) 관측(oid=015) · 네이버 인링크(CP) 관측(oid=018) · 네이버 인링크(CP) 관측(oid=025) · 네이버 인링크(CP) 관측(oid=030) · 네이버 인링크(CP) 관측(oid=057) · 네이버 인링크(CP) 관측(oid=421) · 네이버 인링크(CP) 관측(oid=448) · 네이버 인링크(CP) 관측(oid=469) · 미분류: 포털 CP 미등재 + 네이버 인링크 미관측(조회 2026-07) · 포털 CP 등재(다음 news.daum.net/cplist·네이트 경제 CP, 조회 2026-07)","보조지표(2026-06 표본 예측력 약함 r≈0.02, 재검증 대상; 단독 사용 안 함, 타깃광고 경계에서만 보조)",관찰 기간 내 공시 미확인,0,False,0,False,False,False,False,False,False,False,False,False,False,특이 패턴 미관찰,사후 데이터: 부분 관찰 (14거래일); 유사 기사 반복 관찰; 관찰 기간 내 공시 미확인
EVT-9771388CF4,240600,유진테크놀로지,2026-06-29 11:34:38+09:00,2026-06-29 11:34:38+09:00,2026-06-29 11:34:38+09:00,1,1,crioppstockfree,KOSDAQ,14549117100,확인,장중,373411.2666666667,91688.0,15,3,0.7375992496291772,-0.2446945462223926,8.171817705605022,-0.9875372164617637,부분 관찰,14,21.50902030647251,-12.08791208791209,2026-06-29,확인,83,9,0,True,6,True,49,True,2,0,0.7349397590361446,"네이버 인링크(CP) 관측(oid=001) · 네이버 인링크(CP) 관측(oid=003) · 네이버 인링크(CP) 관측(oid=011) · 네이버 인링크(CP) 관측(oid=014) · 네이버 인링크(CP) 관측(oid=015) · 네이버 인링크(CP) 관측(oid=018) · 네이버 인링크(CP) 관측(oid=029) · 네이버 인링크(CP) 관측(oid=031) · 네이버 인링크(CP) 관측(oid=032) · 네이버 인링크(CP) 관측(oid=079) · 네이버 인링크(CP) 관측(oid=081) · 네이버 인링크(CP) 관측(oid=123) · 네이버 인링크(CP) 관측(oid=277) · 네이버 인링크(CP) 관측(oid=421) · 미분류: 포털 CP 미등재 + 네이버 인링크 미관측(조회 2026-07) · 포털 CP 등재(다음 news.daum.net/cplist·네이트 경제 CP, 조회 2026-07)","보조지표(2026-06 표본 예측력 약함 r≈0.02, 재검증 대상; 단독 사용 안 함, 타깃광고 경계에서만 보조)",관찰 기간 내 공시 확인,1,False,0,False,False,False,False,False,False,False,False,False,False,특이 패턴 미관찰,사후 데이터: 부분 관찰 (14거래일); 언급 시점 뉴스 집중; 유사 기사 반복 관찰; 보도자료성 표현 관찰; 관찰 기간 내 공시 확인
EVT-673C0F0B34,398120,에스지헬스케어,2026-06-29 11:34:38+09:00,2026-06-29 11:34:38+09:00,2026-06-29 11:34:38+09:00,1,1,crioppstockfree,KOSDAQ,22561537499,확인,장중,348636.6,97774.0,15,3,0.6693190418720724,-0.8466659609834284,6.569709127382151,-2.310623567614889,부분 관찰,14,9.041777485173386,-10.16470588235294,2026-06-29,확인,24,2,6,False,9,False,19,True,0,0,0.75,"네이버 인링크(CP) 관측(oid=003) · 네이버 인링크(CP) 관측(oid=011) · 네이버 인링크(CP) 관측(oid=030) · 네이버 인링크(CP) 관측(oid=666) · 미분류: 포털 CP 미등재 + 네이버 인링크 미관측(조회 2026-07) · 포털 CP 등재(다음 news.daum.net/cplist·네이트 경제 CP, 조회 2026-07)","보조지표(2026-06 표본 예측력 약함 r≈0.02, 재검증 대상; 단독 사용 안 함, 타깃광고 경계에서만 보조)",관찰 기간 내 공시 확인,2,True,2,False,False,False,False,False,False,False,False,False,False,특이 패턴 미관찰,사후 데이터: 부분 관찰 (14거래일); 유사 기사 반복 관찰; 중요 공시 후보 제목 관찰
EVT-A898BCDC85,432980,엠에프씨,2026-06-29 11:34:38+09:00,2026-06-29 11:34:38+09:00,2026-06-29 11:34:38+09:00,1,1,crioppstockfree,KOSDAQ,22982909850,확인,장중,40814.0,35260.0,15,3,0.9040839478162224,-0.3259179330626693,1.587301587301582,-6.025134838694157,부분 관찰,14,11.61132209675385,-7.758620689655171,2026-06-29,확인,32,1,27,False,0,True,21,True,2,0,0.84375,"네이버 인링크(CP) 관측(oid=016) · 네이버 인링크(CP) 관측(oid=018) · 네이버 인링크(CP) 관측(oid=138) · 미분류: 포털 CP 미등재 + 네이버 인링크 미관측(조회 2026-07) · 포털 CP 등재(다음 news.daum.net/cplist·네이트 경제 CP, 조회 2026-07)","보조지표(2026-06 표본 예측력 약함 r≈0.02, 재검증 대상; 단독 사용 안 함, 타깃광고 경계에서만 보조)",관찰 기간 내 공시 미확인,0,False,0,False,False,False,False,False,False,False,False,False,False,특이 패턴 미관찰,사후 데이터: 부분 관찰 (14거래일); 보도자료성 표현 관찰; 관찰 기간 내 공시 미확인
EVT-C2B9071820,475660,에스켐,2026-06-29 11:34:38+09:00,2026-06-29 11:34:38+09:00,2026-06-29 11:34:38+09:00,1,1,crioppstockfree,KOSDAQ,26604596425,확인,장중,34085.66666666666,29554.0,15,3,1.467314069161535,0.974820741899793,12.46458923512748,3.305234313060691,부분 관찰,14,11.11956797381533,-17.75818639798489,2026-06-29,확인,6,1,5,False,0,False,3,False,0,0,1.0,미분류: 포털 CP 미등재 + 네이버 인링크 미관측(조회 2026-07),"보조지표(2026-06 표본 예측력 약함 r≈0.02, 재검증 대상; 단독 사용 안 함, 타깃광고 경계에서만 보조)",관찰 기간 내 공시 확인,4,False,0,False,False,False,False,False,True,False,False,False,False,특이 패턴 미관찰,사후 데이터: 부분 관찰 (14거래일); 관찰 기간 내 공시 확인
EVT-FDEEF41A5A,429270,시지트로닉스,2026-06-29 17:05:15+09:00,2026-06-29 17:05:15+09:00,2026-06-30 11:28:36+09:00,3,2,companyreport; crioppstockfree,KOSDAQ,21766154625,확인,장후,98061.93333333333,91023.0,15,3,1.062511672873889,0.1458270733871067,0.7361963190184007,-0.2175605924603641,부분 관찰,13,2.342239208675689,-18.63580998781973,2026-06-30,확인,20,3,9,False,0,False,7,True,0,0,0.85,네이버 인링크(CP) 관측(oid=003) · 네이버 인링크(CP) 관측(oid=018) · 네이버 인링크(CP) 관측(oid=030) · 미분류: 포털 CP 미등재 + 네이버 인링크 미관측(조회 2026-07),"보조지표(2026-06 표본 예측력 약함 r≈0.02, 재검증 대상; 단독 사용 안 함, 타깃광고 경계에서만 보조)",관찰 기간 내 공시 미확인,0,False,0,False,False,False,False,False,True,False,False,False,False,특이 패턴 미관찰,사후 데이터: 부분 관찰 (13거래일); 복수 Telegram 채널 언급; 관찰 기간 내 공시 미확인
EVT-3A8AA8848E,119500,포메탈,2026-06-29 17:12:44+09:00,2026-06-29 17:12:44+09:00,2026-06-29 17:12:44+09:00,1,1,crioppstockfree,KOSDAQ,28374120640,확인,장후,54744.46666666667,46872.0,15,3,1.171979006656426,1.144077966394564,-0.7662835249042099,1.060364607518493,부분 관찰,13,10.82755396819854,-7.88461538461539,2026-06-30,확인,22,5,8,False,0,True,8,True,1,0,0.9090909090909091,네이버 인링크(CP) 관측(oid=030) · 네이버 인링크(CP) 관측(oid=656) · 미분류: 포털 CP 미등재 + 네이버 인링크 미관측(조회 2026-07),"보조지표(2026-06 표본 예측력 약함 r≈0.02, 재검증 대상; 단독 사용 안 함, 타깃광고 경계에서만 보조)",관찰 기간 내 공시 확인,1,False,0,False,False,False,False,False,False,False,False,False,False,특이 패턴 미관찰,사후 데이터: 부분 관찰 (13거래일); 보도자료성 표현 관찰; 관찰 기간 내 공시 확인
EVT-36FE67C032,121850,코이즈,2026-06-29 17:12:44+09:00,2026-06-29 17:12:44+09:00,2026-06-29 17:12:44+09:00,1,1,crioppstockfree,KOSDAQ,7317477553,확인,장후,60492.86666666667,41092.0,15,3,1.010805022875499,0.01892133571264854,2.261484098939937,4.789565966791741,부분 관찰,13,27.71587929468323,-10.95524382097528,2026-06-30,확인,19,2,14,False,0,False,11,True,0,0,0.631578947368421,"네이버 인링크(CP) 관측(oid=003) · 네이버 인링크(CP) 관측(oid=018) · 네이버 인링크(CP) 관측(oid=277) · 미분류: 포털 CP 미등재 + 네이버 인링크 미관측(조회 2026-07) · 포털 CP 등재(다음 news.daum.net/cplist·네이트 경제 CP, 조회 2026-07)","보조지표(2026-06 표본 예측력 약함 r≈0.02, 재검증 대상; 단독 사용 안 함, 타깃광고 경계에서만 보조)",관찰 기간 내 공시 미확인,0,False,0,False,False,False,False,False,False,False,False,False,False,특이 패턴 미관찰,사후 데이터: 부분 관찰 (13거래일); 관찰 기간 내 공시 미확인
EVT-52300FA302,130500,GH신소재,2026-06-29 17:12:44+09:00,2026-06-29 17:12:44+09:00,2026-06-29 17:12:44+09:00,1,1,crioppstockfree,KOSDAQ,24944764180,확인,장후,26549.66666666667,22718.0,15,3,0.9613962496698653,-0.1045770290655314,-1.121794871794868,3.606046894580083,부분 관찰,13,10.83027088529181,-10.17039403620873,2026-06-30,확인,13,0,9,False,0,False,7,True,0,0,0.8461538461538461,네이버 인링크(CP) 관측(oid=277) · 네이버 인링크(CP) 관측(oid=421) · 미분류: 포털 CP 미등재 + 네이버 인링크 미관측(조회 2026-07),"보조지표(2026-06 표본 예측력 약함 r≈0.02, 재검증 대상; 단독 사용 안 함, 타깃광고 경계에서만 보조)",관찰 기간 내 공시 미확인,0,False,0,False,False,False,False,False,False,False,False,False,False,특이 패턴 미관찰,사후 데이터: 부분 관찰 (13거래일); 관찰 기간 내 공시 미확인
EVT-7295EDF40E,130740,티피씨글로벌,2026-06-29 17:12:44+09:00,2026-06-29 17:12:44+09:00,2026-06-29 17:12:44+09:00,1,1,crioppstockfree,KOSDAQ,22339101099,확인,장후,146141.4666666667,127464.0,15,3,0.8899453963472039,-0.3392831239012597,1.724137931034475,6.342247475608264,부분 관찰,13,14.10985406982789,-10.41162227602905,2026-06-30,확인,6,3,2,False,0,False,3,False,0,0,1.0,미분류: 포털 CP 미등재 + 네이버 인링크 미관측(조회 2026-07),"보조지표(2026-06 표본 예측력 약함 r≈0.02, 재검증 대상; 단독 사용 안 함, 타깃광고 경계에서만 보조)",관찰 기간 내 공시 미확인,0,False,0,False,False,False,False,False,False,False,False,False,False,특이 패턴 미관찰,사후 데이터: 부분 관찰 (13거래일); 관찰 기간 내 공시 미확인
EVT-8F5C1BC66F,148780,비큐AI,2026-06-29 17:12:44+09:00,2026-06-29 17:12:44+09:00,2026-06-29 17:12:44+09:00,1,1,crioppstockfree,KOSDAQ,14370696325,확인,장후,356520.7333333333,221277.0,15,3,1.194963778431559,0.3481450150357441,6.962025316455689,12.81166195462552,부분 관찰,13,18.61721111955782,-22.2879684418146,2026-06-30,확인,29,4,9,False,0,False,15,True,0,1,0.4482758620689655,"네이버 인링크(CP) 관측(oid=014) · 네이버 인링크(CP) 관측(oid=050) · 네이버 인링크(CP) 관측(oid=081) · 네이버 인링크(CP) 관측(oid=092) · 네이버 인링크(CP) 관측(oid=243) · 미분류: 포털 CP 미등재 + 네이버 인링크 미관측(조회 2026-07) · 포털 CP 등재(다음 news.daum.net/cplist·네이트 경제 CP, 조회 2026-07)","보조지표(2026-06 표본 예측력 약함 r≈0.02, 재검증 대상; 단독 사용 안 함, 타깃광고 경계에서만 보조)",관찰 기간 내 공시 확인,1,False,0,False,False,False,True,False,True,False,False,False,False,특이 패턴 미관찰,코스닥 대비 단기 초과상승; 사후 데이터: 부분 관찰 (13거래일); 관찰 기간 내 공시 확인
EVT-7458901D2B,254120,자비스,2026-06-29 17:12:44+09:00,2026-06-29 17:12:44+09:00,2026-06-29 17:12:44+09:00,1,1,crioppstockfree,KOSDAQ,24695678810,확인,장후,299076.0,231091.0,15,3,1.082062910282097,0.1254564047087229,6.657963446475201,12.50760008464503,부분 관찰,13,18.30233895929912,-12.28070175438597,2026-06-30,확인,50,0,0,False,10,False,30,True,0,0,0.72,"네이버 인링크(CP) 관측(oid=001) · 네이버 인링크(CP) 관측(oid=003) · 네이버 인링크(CP) 관측(oid=009) · 네이버 인링크(CP) 관측(oid=029) · 네이버 인링크(CP) 관측(oid=030) · 네이버 인링크(CP) 관측(oid=032) · 네이버 인링크(CP) 관측(oid=057) · 네이버 인링크(CP) 관측(oid=119) · 네이버 인링크(CP) 관측(oid=243) · 네이버 인링크(CP) 관측(oid=293) · 네이버 인링크(CP) 관측(oid=374) · 미분류: 포털 CP 미등재 + 네이버 인링크 미관측(조회 2026-07) · 포털 CP 등재(다음 news.daum.net/cplist·네이트 경제 CP, 조회 2026-07)","보조지표(2026-06 표본 예측력 약함 r≈0.02, 재검증 대상; 단독 사용 안 함, 타깃광고 경계에서만 보조)",관찰 기간 내 공시 미확인,0,False,0,False,False,False,True,False,False,False,False,False,False,특이 패턴 미관찰,코스닥 대비 단기 초과상승; 사후 데이터: 부분 관찰 (13거래일); 유사 기사 반복 관찰; 관찰 기간 내 공시 미확인
EVT-4FA45238EA,300120,라온피플,2026-06-29 17:12:44+09:00,2026-06-29 17:12:44+09:00,2026-06-30 21:18:44+09:00,2,1,crioppstockfree,KOSDAQ,22672839328,확인,장후,258633.9333333333,220884.0,15,3,1.100129479726915,0.2616195938132845,7.575757575757569,11.26089204942525,부분 관찰,13,10.89020128728483,-9.940357852882709,2026-06-30,확인,50,5,24,False,6,False,25,True,0,0,0.8,"네이버 인링크(CP) 관측(oid=003) · 네이버 인링크(CP) 관측(oid=008) · 네이버 인링크(CP) 관측(oid=018) · 네이버 인링크(CP) 관측(oid=123) · 미분류: 포털 CP 미등재 + 네이버 인링크 미관측(조회 2026-07) · 포털 CP 등재(다음 news.daum.net/cplist·네이트 경제 CP, 조회 2026-07)","보조지표(2026-06 표본 예측력 약함 r≈0.02, 재검증 대상; 단독 사용 안 함, 타깃광고 경계에서만 보조)",관찰 기간 내 공시 확인,2,False,0,False,False,False,True,False,False,False,False,False,False,특이 패턴 미관찰,코스닥 대비 단기 초과상승; 사후 데이터: 부분 관찰 (13거래일); 유사 기사 반복 관찰; 관찰 기간 내 공시 확인
EVT-6726091F38,351330,이삭엔지니어링,2026-06-29 17:12:44+09:00,2026-06-29 17:12:44+09:00,2026-06-29 17:12:44+09:00,1,1,crioppstockfree,KOSDAQ,26937690000,확인,장후,35827.4,30814.0,15,3,0.7458947231777764,-0.4394854408286341,0.6024096385542244,-0.2949416750831828,부분 관찰,13,-1.773088236258779,-22.15568862275449,2026-06-30,확인,10,0,5,False,2,False,9,True,0,0,0.8,네이버 인링크(CP) 관측(oid=030) · 미분류: 포털 CP 미등재 + 네이버 인링크 미관측(조회 2026-07),"보조지표(2026-06 표본 예측력 약함 r≈0.02, 재검증 대상; 단독 사용 안 함, 타깃광고 경계에서만 보조)",관찰 기간 내 공시 확인,2,False,0,False,False,False,False,False,True,False,False,False,False,특이 패턴 미관찰,사후 데이터: 부분 관찰 (13거래일); 유사 기사 반복 관찰; 관찰 기간 내 공시 확인
EVT-679CFBDDC2,376180,피코그램,2026-06-29 17:12:44+09:00,2026-06-29 17:12:44+09:00,2026-06-29 17:12:44+09:00,1,1,crioppstockfree,KOSDAQ,24147910438,확인,장후,60046.8,48477.0,15,3,0.7916950306330838,-0.4396843779110177,2.448979591836742,6.938072012319496,부분 관찰,13,4.7954935561625,-13.61221779548473,2026-06-30,확인,13,2,8,False,2,True,12,True,1,0,0.8461538461538461,네이버 인링크(CP) 관측(oid=005) · 네이버 인링크(CP) 관측(oid=011) · 미분류: 포털 CP 미등재 + 네이버 인링크 미관측(조회 2026-07),"보조지표(2026-06 표본 예측력 약함 r≈0.02, 재검증 대상; 단독 사용 안 함, 타깃광고 경계에서만 보조)",관찰 기간 내 공시 미확인,0,False,0,False,False,False,False,False,False,False,False,False,False,특이 패턴 미관찰,사후 데이터: 부분 관찰 (13거래일); 유사 기사 반복 관찰; 보도자료성 표현 관찰; 관찰 기간 내 공시 미확인
EVT-3B77A6B66A,331520,밸로프,2026-06-29 19:32:31+09:00,2026-06-29 19:32:31+09:00,2026-06-29 19:32:31+09:00,1,1,crioppstockfree,KOSDAQ,20284718732,확인,장후,51283.26666666667,28587.0,15,3,1.456081435617588,0.4533433423996261,1.99530516431925,7.84494180248908,부분 관찰,13,33.77185357854812,-4.679552390640895,2026-06-30,확인,82,22,0,True,12,True,18,True,0,0,0.8414634146341463,"네이버 인링크(CP) 관측(oid=018) · 네이버 인링크(CP) 관측(oid=092) · 네이버 인링크(CP) 관측(oid=356) · 미분류: 포털 CP 미등재 + 네이버 인링크 미관측(조회 2026-07) · 포털 CP 등재(다음 news.daum.net/cplist·네이트 경제 CP, 조회 2026-07)","보조지표(2026-06 표본 예측력 약함 r≈0.02, 재검증 대상; 단독 사용 안 함, 타깃광고 경계에서만 보조)",관찰 기간 내 공시 확인,3,True,1,False,False,False,True,False,False,False,False,False,False,특이 패턴 미관찰,코스닥 대비 단기 초과상승; 사후 데이터: 부분 관찰 (13거래일); 언급 시점 뉴스 집중; 유사 기사 반복 관찰; 보도자료성 표현 관찰; 중요 공시 후보 제목 관찰
EVT-AF115E8869,376980,원티드랩,2026-06-29 19:32:31+09:00,2026-06-29 19:32:31+09:00,2026-06-29 19:32:31+09:00,1,1,crioppstockfree,KOSDAQ,24415985000,확인,장후,45861.26666666667,39368.0,15,3,0.6124771387929283,-1.320419121118944,3.07017543859649,3.656654182029484,부분 관찰,13,25.93627136965256,-5.319148936170215,2026-06-30,확인,58,16,23,False,8,False,33,True,0,0,0.4827586206896552,"네이버 인링크(CP) 관측(oid=005) · 네이버 인링크(CP) 관측(oid=008) · 네이버 인링크(CP) 관측(oid=011) · 네이버 인링크(CP) 관측(oid=015) · 네이버 인링크(CP) 관측(oid=016) · 네이버 인링크(CP) 관측(oid=018) · 네이버 인링크(CP) 관측(oid=030) · 네이버 인링크(CP) 관측(oid=092) · 네이버 인링크(CP) 관측(oid=138) · 네이버 인링크(CP) 관측(oid=277) · 미분류: 포털 CP 미등재 + 네이버 인링크 미관측(조회 2026-07) · 포털 CP 등재(다음 news.daum.net/cplist·네이트 경제 CP, 조회 2026-07)","보조지표(2026-06 표본 예측력 약함 r≈0.02, 재검증 대상; 단독 사용 안 함, 타깃광고 경계에서만 보조)",관찰 기간 내 공시 확인,2,True,2,False,False,False,False,False,False,False,False,False,False,특이 패턴 미관찰,사후 데이터: 부분 관찰 (13거래일); 유사 기사 반복 관찰; 중요 공시 후보 제목 관찰
EVT-201B7F1173,900340,윙입푸드,2026-06-29 19:32:31+09:00,2026-06-29 19:32:31+09:00,2026-06-29 19:32:31+09:00,1,1,crioppstockfree,KOSDAQ,15237688452,확인,장후,46025.86666666667,31988.0,15,3,1.649149681130424,0.648123399699846,-2.080443828016643,-1.603565372277249,부분 관찰,13,3.942523201243841,-14.23512747875354,2026-06-30,확인,21,6,10,False,0,False,11,True,0,0,0.7142857142857143,네이버 인링크(CP) 관측(oid=011) · 네이버 인링크(CP) 관측(oid=018) · 네이버 인링크(CP) 관측(oid=366) · 네이버 인링크(CP) 관측(oid=421) · 미분류: 포털 CP 미등재 + 네이버 인링크 미관측(조회 2026-07),"보조지표(2026-06 표본 예측력 약함 r≈0.02, 재검증 대상; 단독 사용 안 함, 타깃광고 경계에서만 보조)",관찰 기간 내 공시 확인,3,True,1,False,False,False,False,False,False,False,False,False,False,특이 패턴 미관찰,사후 데이터: 부분 관찰 (13거래일); 중요 공시 후보 제목 관찰
EVT-24E54588E8,032680,소프트센,2026-06-29 20:25:02+09:00,2026-06-29 20:25:02+09:00,2026-06-29 20:25:02+09:00,1,1,mbngoldcsi,KOSDAQ,19500248735,확인,장후,396531.9333333333,135573.0,15,3,2.300288405508471,2.152180071500029,14.61538461538461,13.66162770390584,부분 관찰,13,19.58762898802341,-21.1888782358581,2026-06-30,확인,21,8,4,False,0,False,5,True,0,0,0.9523809523809523,네이버 인링크(CP) 관측(oid=031) · 미분류: 포털 CP 미등재 + 네이버 인링크 미관측(조회 2026-07),"보조지표(2026-06 표본 예측력 약함 r≈0.02, 재검증 대상; 단독 사용 안 함, 타깃광고 경계에서만 보조)",관찰 기간 내 공시 확인,1,False,0,False,False,False,True,False,True,False,False,False,False,특이 패턴 미관찰,코스닥 대비 단기 초과상승; 사후 데이터: 부분 관찰 (13거래일); 관찰 기간 내 공시 확인
EVT-530378B2A9,224060,더코디,2026-06-29 20:25:02+09:00,2026-06-29 20:25:02+09:00,2026-06-30 20:30:14+09:00,4,2,crioppstockfree; mbngoldcsi,KOSDAQ,23352267050,확인,장후,63305.06666666667,29216.0,15,3,2.650568181818182,1.001893776124022,21.80451127819549,27.65414791636532,부분 관찰,13,19.18211496571166,-18.88888888888889,2026-06-30,확인,22,3,9,False,0,True,12,True,1,3,0.8181818181818182,"네이버 인링크(CP) 관측(oid=018) · 네이버 인링크(CP) 관측(oid=081) · 미분류: 포털 CP 미등재 + 네이버 인링크 미관측(조회 2026-07) · 포털 CP 등재(다음 news.daum.net/cplist·네이트 경제 CP, 조회 2026-07)","보조지표(2026-06 표본 예측력 약함 r≈0.02, 재검증 대상; 단독 사용 안 함, 타깃광고 경계에서만 보조)",관찰 기간 내 공시 확인,3,True,1,False,False,False,True,False,True,False,False,False,False,특이 패턴 미관찰,코스닥 대비 단기 초과상승; 사후 데이터: 부분 관찰 (13거래일); 복수 Telegram 채널 언급; 보도자료성 표현 관찰; 중요 공시 후보 제목 관찰
EVT-D666E5B1DE,271830,팸텍,2026-06-29 20:25:39+09:00,2026-06-29 20:25:39+09:00,2026-06-29 20:25:39+09:00,1,1,mbngoldcsi,KOSDAQ,27042515234,확인,장후,3207053.8,1420078.0,15,3,0.3270496409352162,-1.035294584269462,-1.573426573426573,-1.096548117687179,부분 관찰,13,-0.3836281832352952,-19.91266375545851,2026-06-30,확인,20,1,12,False,0,True,10,True,1,1,0.9,"네이버 인링크(CP) 관측(oid=293) · 미분류: 포털 CP 미등재 + 네이버 인링크 미관측(조회 2026-07) · 포털 CP 등재(다음 news.daum.net/cplist·네이트 경제 CP, 조회 2026-07)","보조지표(2026-06 표본 예측력 약함 r≈0.02, 재검증 대상; 단독 사용 안 함, 타깃광고 경계에서만 보조)",관찰 기간 내 공시 확인,1,True,1,False,False,False,False,False,True,False,False,False,False,특이 패턴 미관찰,사후 데이터: 부분 관찰 (13거래일); 보도자료성 표현 관찰; 중요 공시 후보 제목 관찰
EVT-F467CB64E6,057680,티사이언티픽,2026-06-30 07:05:04+09:00,2026-06-30 07:05:04+09:00,2026-06-30 09:09:09+09:00,3,3,crioppstockfree; jeilstock; mbngoldcsi,KOSDAQ,28427236200,확인,장전,33599.26666666667,27367.0,15,3,1.161873789600614,0.3177683754265013,4.856988667026441,10.70662530519627,부분 관찰,13,12.96438053781729,-12.19512195121951,2026-06-30,확인,28,8,14,False,0,True,20,True,1,0,0.6071428571428571,"네이버 인링크(CP) 관측(oid=003) · 네이버 인링크(CP) 관측(oid=008) · 네이버 인링크(CP) 관측(oid=031) · 네이버 인링크(CP) 관측(oid=092) · 네이버 인링크(CP) 관측(oid=277) · 네이버 인링크(CP) 관측(oid=421) · 네이버 인링크(CP) 관측(oid=629) · 미분류: 포털 CP 미등재 + 네이버 인링크 미관측(조회 2026-07) · 포털 CP 등재(다음 news.daum.net/cplist·네이트 경제 CP, 조회 2026-07)","보조지표(2026-06 표본 예측력 약함 r≈0.02, 재검증 대상; 단독 사용 안 함, 타깃광고 경계에서만 보조)",관찰 기간 내 공시 미확인,0,False,0,False,False,False,True,False,False,False,False,False,False,특이 패턴 미관찰,코스닥 대비 단기 초과상승; 사후 데이터: 부분 관찰 (13거래일); 복수 Telegram 채널 언급; 보도자료성 표현 관찰; 관찰 기간 내 공시 미확인
EVT-CEC95E87A6,078860,아이오케이이엔엠,2026-06-30 07:05:04+09:00,2026-06-30 07:05:04+09:00,2026-06-30 09:09:09+09:00,3,3,crioppstockfree; jeilstock; mbngoldcsi,KOSDAQ,18809537460,확인,장전,69340.33333333333,34455.0,15,3,1.516673922507619,0.3164476042399925,0.1572327044025101,6.00686934257234,부분 관찰,13,18.01371625376787,-20.87912087912088,2026-06-30,확인,50,9,31,False,0,True,31,True,1,4,0.8,"네이버 인링크(CP) 관측(oid=008) · 네이버 인링크(CP) 관측(oid=011) · 네이버 인링크(CP) 관측(oid=081) · 네이버 인링크(CP) 관측(oid=277) · 미분류: 포털 CP 미등재 + 네이버 인링크 미관측(조회 2026-07) · 포털 CP 등재(다음 news.daum.net/cplist·네이트 경제 CP, 조회 2026-07)","보조지표(2026-06 표본 예측력 약함 r≈0.02, 재검증 대상; 단독 사용 안 함, 타깃광고 경계에서만 보조)",관찰 기간 내 공시 확인,1,True,1,False,False,False,False,False,True,False,False,False,False,특이 패턴 미관찰,사후 데이터: 부분 관찰 (13거래일); 복수 Telegram 채널 언급; 보도자료성 표현 관찰; 중요 공시 후보 제목 관찰
EVT-E9B10446FE,419540,비스토스,2026-06-30 07:05:04+09:00,2026-06-30 07:05:04+09:00,2026-06-30 09:09:09+09:00,3,3,crioppstockfree; jeilstock; mbngoldcsi,KOSDAQ,18142880385,확인,장전,117195.6666666667,53209.0,15,3,1.043019038132647,0.05921176556119984,0.7727975270479082,2.603887024568596,부분 관찰,13,14.38618148568459,-10.70381231671554,2026-06-30,확인,20,3,9,False,0,True,15,True,1,1,0.8,"네이버 인링크(CP) 관측(oid=018) · 네이버 인링크(CP) 관측(oid=648) · 미분류: 포털 CP 미등재 + 네이버 인링크 미관측(조회 2026-07) · 포털 CP 등재(다음 news.daum.net/cplist·네이트 경제 CP, 조회 2026-07)","보조지표(2026-06 표본 예측력 약함 r≈0.02, 재검증 대상; 단독 사용 안 함, 타깃광고 경계에서만 보조)",관찰 기간 내 공시 미확인,0,False,0,False,False,False,False,False,False,False,False,False,False,특이 패턴 미관찰,사후 데이터: 부분 관찰 (13거래일); 복수 Telegram 채널 언급; 보도자료성 표현 관찰; 관찰 기간 내 공시 미확인
EVT-78358B30B5,440320,오픈놀,2026-06-30 07:05:04+09:00,2026-06-30 07:05:04+09:00,2026-06-30 09:09:09+09:00,3,3,crioppstockfree; jeilstock; mbngoldcsi,KOSDAQ,19600720000,확인,장전,77000.2,72495.0,15,3,0.4947099799986206,-1.841444390819198,4.516129032258065,3.5623721207793,부분 관찰,13,3.754992727927664,-19.17695473251029,2026-06-30,확인,22,2,17,False,2,False,18,True,0,0,0.5,네이버 인링크(CP) 관측(oid=001) · 네이버 인링크(CP) 관측(oid=003) · 네이버 인링크(CP) 관측(oid=008) · 네이버 인링크(CP) 관측(oid=011) · 네이버 인링크(CP) 관측(oid=018) · 네이버 인링크(CP) 관측(oid=030) · 네이버 인링크(CP) 관측(oid=031) · 네이버 인링크(CP) 관측(oid=092) · 미분류: 포털 CP 미등재 + 네이버 인링크 미관측(조회 2026-07),"보조지표(2026-06 표본 예측력 약함 r≈0.02, 재검증 대상; 단독 사용 안 함, 타깃광고 경계에서만 보조)",관찰 기간 내 공시 확인,4,False,0,False,False,False,False,False,True,False,False,False,False,특이 패턴 미관찰,사후 데이터: 부분 관찰 (13거래일); 복수 Telegram 채널 언급; 유사 기사 반복 관찰; 관찰 기간 내 공시 확인
EVT-6C74CB2392,006050,국영지앤엠,2026-06-30 07:06:29+09:00,2026-06-30 07:06:29+09:00,2026-06-30 11:26:55+09:00,3,1,crioppstockfree,KOSDAQ,18703850248,확인,장전,681025.8,424215.0,15,3,0.4368492391829615,-1.199579077354247,1.538461538461533,4.69579048432368,부분 관찰,13,21.65255415490085,-14.77272727272727,2026-06-30,확인,29,5,18,False,0,False,17,True,0,2,0.8620689655172413,"네이버 인링크(CP) 관측(oid=020) · 미분류: 포털 CP 미등재 + 네이버 인링크 미관측(조회 2026-07) · 포털 CP 등재(다음 news.daum.net/cplist·네이트 경제 CP, 조회 2026-07)","보조지표(2026-06 표본 예측력 약함 r≈0.02, 재검증 대상; 단독 사용 안 함, 타깃광고 경계에서만 보조)",관찰 기간 내 공시 확인,3,True,3,False,False,False,False,False,False,False,False,False,False,특이 패턴 미관찰,사후 데이터: 부분 관찰 (13거래일); 중요 공시 후보 제목 관찰
EVT-C6C7878268,060900,에이전트AI,2026-06-30 07:06:29+09:00,2026-06-30 07:06:29+09:00,2026-06-30 07:06:29+09:00,1,1,crioppstockfree,KOSDAQ,17021926345,확인,장전,35302.86666666667,15019.0,15,3,1.575404487648978,1.338735891133996,3.754266211604085,8.580012064790987,부분 관찰,13,11.70835243438335,-10.21052631578947,2026-06-30,기사 미확인,0,0,0,False,0,False,0,False,0,0,0.0,,"보조지표(2026-06 표본 예측력 약함 r≈0.02, 재검증 대상; 단독 사용 안 함, 타깃광고 경계에서만 보조)",관찰 기간 내 공시 확인,8,True,4,False,False,False,True,False,False,False,False,False,False,특이 패턴 미관찰,코스닥 대비 단기 초과상승; 사후 데이터: 부분 관찰 (13거래일); 중요 공시 후보 제목 관찰; 뉴스: 기사 미확인
EVT-E806EA9BF7,069920,엑시온그룹,2026-06-30 07:06:29+09:00,2026-06-30 07:06:29+09:00,2026-07-01 11:00:22+09:00,3,2,crioppstockfree; numt7777,KOSDAQ,11462610393,확인,장전,211506.7333333333,75041.0,15,3,11.84175317493104,2.089379638588674,1.589103291713956,2.065981747453349,부분 관찰,13,55.943013808489,-42.01117318435755,2026-06-30,확인,48,8,22,False,0,True,27,True,2,4,0.7708333333333334,"네이버 인링크(CP) 관측(oid=001) · 네이버 인링크(CP) 관측(oid=009) · 네이버 인링크(CP) 관측(oid=015) · 네이버 인링크(CP) 관측(oid=081) · 네이버 인링크(CP) 관측(oid=366) · 네이버 인링크(CP) 관측(oid=584) · 미분류: 포털 CP 미등재 + 네이버 인링크 미관측(조회 2026-07) · 포털 CP 등재(다음 news.daum.net/cplist·네이트 경제 CP, 조회 2026-07)","보조지표(2026-06 표본 예측력 약함 r≈0.02, 재검증 대상; 단독 사용 안 함, 타깃광고 경계에서만 보조)",관찰 기간 내 공시 확인,9,True,3,True,False,True,False,False,True,False,False,False,False,특이 패턴 미관찰,기준 중앙값 대비 거래량 이상; 사후 데이터: 부분 관찰 (13거래일); 복수 Telegram 채널 언급; 보도자료성 표현 관찰; 중요 공시 후보 제목 관찰
EVT-86FC862EB9,148250,알엔투테크놀로지,2026-06-30 07:06:29+09:00,2026-06-30 07:06:29+09:00,2026-06-30 07:06:29+09:00,1,1,crioppstockfree,KOSDAQ,29603281200,확인,장전,54183.73333333333,48307.0,15,3,2.545614507214276,3.24049512720444,1.232032854209453,4.206926165890567,부분 관찰,13,6.412944797644437,-11.76470588235294,2026-06-30,확인,32,9,9,False,2,False,15,True,0,0,0.78125,"네이버 인링크(CP) 관측(oid=009) · 네이버 인링크(CP) 관측(oid=018) · 네이버 인링크(CP) 관측(oid=030) · 네이버 인링크(CP) 관측(oid=293) · 미분류: 포털 CP 미등재 + 네이버 인링크 미관측(조회 2026-07) · 포털 CP 등재(다음 news.daum.net/cplist·네이트 경제 CP, 조회 2026-07)","보조지표(2026-06 표본 예측력 약함 r≈0.02, 재검증 대상; 단독 사용 안 함, 타깃광고 경계에서만 보조)",관찰 기간 내 공시 확인,11,True,3,False,False,False,False,False,False,False,False,False,False,특이 패턴 미관찰,사후 데이터: 부분 관찰 (13거래일); 유사 기사 반복 관찰; 중요 공시 후보 제목 관찰
EVT-372C57AFE7,215480,토박스코리아,2026-06-30 07:06:29+09:00,2026-06-30 07:06:29+09:00,2026-06-30 07:06:29+09:00,1,1,crioppstockfree,KOSDAQ,17318250000,확인,장전,51385.46666666667,36865.0,15,3,1.499823680998237,0.7093611530289154,0.7186290768380399,1.195507532577433,부분 관찰,13,24.37962653071087,-14.21514818880352,2026-06-30,확인,50,23,4,False,6,True,24,True,1,0,0.74,"네이버 인링크(CP) 관측(oid=001) · 네이버 인링크(CP) 관측(oid=003) · 네이버 인링크(CP) 관측(oid=008) · 네이버 인링크(CP) 관측(oid=011) · 네이버 인링크(CP) 관측(oid=015) · 네이버 인링크(CP) 관측(oid=016) · 네이버 인링크(CP) 관측(oid=018) · 네이버 인링크(CP) 관측(oid=293) · 네이버 인링크(CP) 관측(oid=366) · 미분류: 포털 CP 미등재 + 네이버 인링크 미관측(조회 2026-07) · 포털 CP 등재(다음 news.daum.net/cplist·네이트 경제 CP, 조회 2026-07)","보조지표(2026-06 표본 예측력 약함 r≈0.02, 재검증 대상; 단독 사용 안 함, 타깃광고 경계에서만 보조)",관찰 기간 내 공시 확인,4,True,2,False,False,False,False,False,False,False,False,False,False,특이 패턴 미관찰,사후 데이터: 부분 관찰 (13거래일); 유사 기사 반복 관찰; 보도자료성 표현 관찰; 중요 공시 후보 제목 관찰
EVT-BB4C4E99E4,146060,율촌,2026-06-30 07:35:13+09:00,2026-06-30 07:35:13+09:00,2026-06-30 09:30:13+09:00,2,1,companyreport,KOSDAQ,24736062850,확인,장전,1926344.6,269361.0,15,3,0.622974372682014,-0.1933719022435682,-3.092783505154639,-0.3359303721394484,부분 관찰,13,27.98575302541316,-4.186046511627906,2026-06-30,기사 미확인,0,0,0,False,0,False,0,False,0,0,0.0,,"보조지표(2026-06 표본 예측력 약함 r≈0.02, 재검증 대상; 단독 사용 안 함, 타깃광고 경계에서만 보조)",관찰 기간 내 공시 확인,1,False,0,False,False,False,False,False,False,False,False,False,False,특이 패턴 미관찰,사후 데이터: 부분 관찰 (13거래일); 관찰 기간 내 공시 확인; 뉴스: 기사 미확인
EVT-6BAEB6AF23,023790,동일스틸럭스,2026-06-30 11:26:33+09:00,2026-06-30 11:26:33+09:00,2026-07-01 17:00:08+09:00,4,2,crioppstockfree; mbngoldcsi,KOSDAQ,22336301872,확인,장중,2137280.133333333,385832.0,15,3,0.617942524207427,-0.2457939403519987,0.6880733944954143,-0.2656835169833505,부분 관찰,13,53.38334688252903,-23.31055429005315,2026-06-30,확인,65,10,46,False,0,True,36,True,4,5,0.6307692307692307,"네이버 인링크(CP) 관측(oid=003) · 네이버 인링크(CP) 관측(oid=008) · 네이버 인링크(CP) 관측(oid=011) · 네이버 인링크(CP) 관측(oid=015) · 네이버 인링크(CP) 관측(oid=081) · 네이버 인링크(CP) 관측(oid=277) · 네이버 인링크(CP) 관측(oid=346) · 네이버 인링크(CP) 관측(oid=366) · 네이버 인링크(CP) 관측(oid=374) · 네이버 인링크(CP) 관측(oid=421) · 네이버 인링크(CP) 관측(oid=658) · 미분류: 포털 CP 미등재 + 네이버 인링크 미관측(조회 2026-07) · 포털 CP 등재(다음 news.daum.net/cplist·네이트 경제 CP, 조회 2026-07)","보조지표(2026-06 표본 예측력 약함 r≈0.02, 재검증 대상; 단독 사용 안 함, 타깃광고 경계에서만 보조)",관찰 기간 내 공시 미확인,0,False,0,False,False,False,False,False,True,False,False,False,False,특이 패턴 미관찰,사후 데이터: 부분 관찰 (13거래일); 복수 Telegram 채널 언급; 보도자료성 표현 관찰; 관찰 기간 내 공시 미확인
EVT-ECF3C62EF4,225220,제놀루션,2026-06-30 11:26:49+09:00,2026-06-30 11:26:49+09:00,2026-06-30 11:26:49+09:00,1,1,crioppstockfree,KOSDAQ,25599488014,확인,장중,122936.8,71193.0,15,3,1.60265756464821,0.4301047627468114,8.15450643776825,14.00414307593808,부분 관찰,13,28.4255845642949,-4.235463029432873,2026-06-30,확인,28,5,10,False,5,False,19,True,0,0,0.6071428571428571,"네이버 인링크(CP) 관측(oid=003) · 네이버 인링크(CP) 관측(oid=015) · 네이버 인링크(CP) 관측(oid=018) · 네이버 인링크(CP) 관측(oid=081) · 네이버 인링크(CP) 관측(oid=277) · 네이버 인링크(CP) 관측(oid=648) · 미분류: 포털 CP 미등재 + 네이버 인링크 미관측(조회 2026-07) · 포털 CP 등재(다음 news.daum.net/cplist·네이트 경제 CP, 조회 2026-07)","보조지표(2026-06 표본 예측력 약함 r≈0.02, 재검증 대상; 단독 사용 안 함, 타깃광고 경계에서만 보조)",관찰 기간 내 공시 확인,4,False,0,False,False,False,True,False,False,False,False,False,False,특이 패턴 미관찰,코스닥 대비 단기 초과상승; 사후 데이터: 부분 관찰 (13거래일); 유사 기사 반복 관찰; 관찰 기간 내 공시 확인
EVT-CF9BE0F6A1,274400,이노시뮬레이션,2026-06-30 11:28:36+09:00,2026-06-30 11:28:36+09:00,2026-06-30 11:28:36+09:00,1,1,crioppstockfree,KOSDAQ,16991741910,확인,장중,22633.53333333333,17309.0,15,3,2.273614882431105,1.696262282740145,2.60869565217392,7.588767072952429,부분 관찰,13,0.738357081763386,-25.87301587301587,2026-06-30,확인,82,10,42,False,0,False,60,True,0,0,0.6219512195121951,"네이버 인링크(CP) 관측(oid=003) · 네이버 인링크(CP) 관측(oid=008) · 네이버 인링크(CP) 관측(oid=011) · 네이버 인링크(CP) 관측(oid=014) · 네이버 인링크(CP) 관측(oid=018) · 네이버 인링크(CP) 관측(oid=020) · 네이버 인링크(CP) 관측(oid=030) · 네이버 인링크(CP) 관측(oid=031) · 네이버 인링크(CP) 관측(oid=050) · 네이버 인링크(CP) 관측(oid=092) · 네이버 인링크(CP) 관측(oid=119) · 네이버 인링크(CP) 관측(oid=138) · 네이버 인링크(CP) 관측(oid=277) · 네이버 인링크(CP) 관측(oid=293) · 네이버 인링크(CP) 관측(oid=366) · 네이버 인링크(CP) 관측(oid=421) · 네이버 인링크(CP) 관측(oid=584) · 미분류: 포털 CP 미등재 + 네이버 인링크 미관측(조회 2026-07) · 포털 CP 등재(다음 news.daum.net/cplist·네이트 경제 CP, 조회 2026-07)","보조지표(2026-06 표본 예측력 약함 r≈0.02, 재검증 대상; 단독 사용 안 함, 타깃광고 경계에서만 보조)",캐시 범위 부족,0,False,0,False,False,False,True,False,True,False,False,False,False,특이 패턴 미관찰,코스닥 대비 단기 초과상승; 사후 데이터: 부분 관찰 (13거래일); 캐시 범위 부족
EVT-104FC0C15E,237750,피앤씨테크,2026-06-30 14:35:39+09:00,2026-06-30 14:35:39+09:00,2026-07-01 11:31:59+09:00,2,1,moneypyp,KOSDAQ,24297284000,확인,장중,15583.73333333333,15128.0,15,3,0.76216287678477,-1.111852358843544,2.583025830258312,3.020608347886932,부분 관찰,13,10.2958772809826,-18.69565217391305,2026-06-30,확인,43,12,16,False,0,True,18,True,1,0,0.7906976744186046,"네이버 인링크(CP) 관측(oid=003) · 네이버 인링크(CP) 관측(oid=011) · 네이버 인링크(CP) 관측(oid=144) · 네이버 인링크(CP) 관측(oid=293) · 네이버 인링크(CP) 관측(oid=366) · 미분류: 포털 CP 미등재 + 네이버 인링크 미관측(조회 2026-07) · 포털 CP 등재(다음 news.daum.net/cplist·네이트 경제 CP, 조회 2026-07)","보조지표(2026-06 표본 예측력 약함 r≈0.02, 재검증 대상; 단독 사용 안 함, 타깃광고 경계에서만 보조)",관찰 기간 내 공시 확인,1,True,1,False,False,False,False,False,True,False,False,False,False,특이 패턴 미관찰,사후 데이터: 부분 관찰 (13거래일); 보도자료성 표현 관찰; 중요 공시 후보 제목 관찰
EVT-4359E08CFA,347770,핌스,2026-06-30 20:25:02+09:00,2026-06-30 20:25:02+09:00,2026-06-30 20:25:02+09:00,1,1,crioppstockfree,KOSDAQ,23337039882,확인,장후,247035.6,75404.0,15,3,2.419407458490266,1.017998672709467,-0.2895752895752945,5.108927188103751,부분 관찰,12,18.75294524043854,-8.325266214908034,2026-07-01,확인,35,9,9,False,0,True,21,True,6,1,0.8,"네이버 인링크(CP) 관측(oid=003) · 네이버 인링크(CP) 관측(oid=009) · 네이버 인링크(CP) 관측(oid=014) · 네이버 인링크(CP) 관측(oid=081) · 네이버 인링크(CP) 관측(oid=346) · 미분류: 포털 CP 미등재 + 네이버 인링크 미관측(조회 2026-07) · 포털 CP 등재(다음 news.daum.net/cplist·네이트 경제 CP, 조회 2026-07)","보조지표(2026-06 표본 예측력 약함 r≈0.02, 재검증 대상; 단독 사용 안 함, 타깃광고 경계에서만 보조)",관찰 기간 내 공시 확인,1,False,0,False,False,False,False,False,False,False,False,False,False,특이 패턴 미관찰,사후 데이터: 부분 관찰 (12거래일); 보도자료성 표현 관찰; 관찰 기간 내 공시 확인
EVT-6B454E256E,462310,뉴키즈온,2026-06-30 20:25:02+09:00,2026-06-30 20:25:02+09:00,2026-06-30 20:25:02+09:00,1,1,crioppstockfree,KOSDAQ,25824056755,확인,장후,30567.8,21947.0,15,3,1.121930104342279,0.2061399935751344,-1.018922852983983,4.234019217125917,부분 관찰,12,17.77710873862405,-11.25175808720113,2026-07-01,확인,8,4,1,False,2,False,7,True,0,0,0.75,네이버 인링크(CP) 관측(oid=003) · 네이버 인링크(CP) 관측(oid=015) · 미분류: 포털 CP 미등재 + 네이버 인링크 미관측(조회 2026-07),"보조지표(2026-06 표본 예측력 약함 r≈0.02, 재검증 대상; 단독 사용 안 함, 타깃광고 경계에서만 보조)",관찰 기간 내 공시 확인,1,False,0,False,False,False,False,False,False,False,False,False,False,특이 패턴 미관찰,사후 데이터: 부분 관찰 (12거래일); 유사 기사 반복 관찰; 관찰 기간 내 공시 확인
EVT-32E06E5345,011080,형지I&C,2026-06-30 20:30:14+09:00,2026-06-30 20:30:14+09:00,2026-06-30 21:18:44+09:00,3,2,crioppstockfree; mbngoldcsi,KOSDAQ,9172519370,확인,장후,326375.0,132901.0,15,3,0.8304151210299395,-0.1362766332973723,-9.293680297397767,-6.68186987167747,부분 관찰,12,6.837171141120145,-25.47993019197208,2026-07-01,확인,64,7,0,True,4,False,28,True,0,0,0.703125,"네이버 인링크(CP) 관측(oid=003) · 네이버 인링크(CP) 관측(oid=011) · 네이버 인링크(CP) 관측(oid=016) · 네이버 인링크(CP) 관측(oid=018) · 네이버 인링크(CP) 관측(oid=082) · 네이버 인링크(CP) 관측(oid=421) · 미분류: 포털 CP 미등재 + 네이버 인링크 미관측(조회 2026-07) · 포털 CP 등재(다음 news.daum.net/cplist·네이트 경제 CP, 조회 2026-07)","보조지표(2026-06 표본 예측력 약함 r≈0.02, 재검증 대상; 단독 사용 안 함, 타깃광고 경계에서만 보조)",관찰 기간 내 공시 확인,3,False,0,False,False,False,False,False,True,False,False,False,False,특이 패턴 미관찰,사후 데이터: 부분 관찰 (12거래일); 복수 Telegram 채널 언급; 언급 시점 뉴스 집중; 유사 기사 반복 관찰; 관찰 기간 내 공시 확인
EVT-90F7E3CB09,344860,이노진,2026-06-30 20:30:14+09:00,2026-06-30 20:30:14+09:00,2026-07-01 11:23:31+09:00,3,2,crioppstockfree; mbngoldcsi,KOSDAQ,16192380000,확인,장후,95775.86666666667,40034.0,15,3,2.468326922116201,1.202315792425842,-1.480959097320167,1.167190771049986,부분 관찰,12,15.68649111248736,-8.947745168217613,2026-07-01,확인,43,14,19,False,4,True,24,True,0,0,0.6976744186046512,"네이버 인링크(CP) 관측(oid=003) · 네이버 인링크(CP) 관측(oid=016) · 네이버 인링크(CP) 관측(oid=018) · 미분류: 포털 CP 미등재 + 네이버 인링크 미관측(조회 2026-07) · 포털 CP 등재(다음 news.daum.net/cplist·네이트 경제 CP, 조회 2026-07)","보조지표(2026-06 표본 예측력 약함 r≈0.02, 재검증 대상; 단독 사용 안 함, 타깃광고 경계에서만 보조)",관찰 기간 내 공시 확인,5,True,2,False,False,False,False,False,False,False,False,False,False,특이 패턴 미관찰,사후 데이터: 부분 관찰 (12거래일); 복수 Telegram 채널 언급; 유사 기사 반복 관찰; 보도자료성 표현 관찰; 중요 공시 후보 제목 관찰
EVT-63B6AC6892,115530,씨엔플러스,2026-06-30 21:18:44+09:00,2026-06-30 21:18:44+09:00,2026-06-30 21:18:44+09:00,1,1,crioppstockfree,KOSDAQ,13979007513,확인,장후,56378.93333333333,39048.0,15,3,0.8739500102438025,-0.3865467656839017,-3.696098562628336,1.004595323776069,부분 관찰,12,13.84676602384935,-8.372093023255811,2026-07-01,확인,20,5,6,False,2,False,8,True,0,0,0.5,네이버 인링크(CP) 관측(oid=003) · 네이버 인링크(CP) 관측(oid=008) · 네이버 인링크(CP) 관측(oid=009) · 네이버 인링크(CP) 관측(oid=030) · 네이버 인링크(CP) 관측(oid=366) · 미분류: 포털 CP 미등재 + 네이버 인링크 미관측(조회 2026-07),"보조지표(2026-06 표본 예측력 약함 r≈0.02, 재검증 대상; 단독 사용 안 함, 타깃광고 경계에서만 보조)",관찰 기간 내 공시 미확인,0,False,0,False,False,False,False,False,False,False,False,False,False,특이 패턴 미관찰,사후 데이터: 부분 관찰 (12거래일); 유사 기사 반복 관찰; 관찰 기간 내 공시 미확인
EVT-74B329E302,303530,이노뎁,2026-06-30 21:18:44+09:00,2026-06-30 21:18:44+09:00,2026-06-30 21:18:44+09:00,1,1,crioppstockfree,KOSDAQ,18274854510,확인,장후,28326.2,20610.0,15,3,0.4759825327510917,-1.503482432752234,0.5208333333333259,3.141558033234603,부분 관찰,12,5.347533835420657,-30.64066852367688,2026-07-01,확인,48,6,17,False,0,True,31,True,4,4,0.7083333333333334,"네이버 인링크(CP) 관측(oid=008) · 네이버 인링크(CP) 관측(oid=018) · 네이버 인링크(CP) 관측(oid=030) · 네이버 인링크(CP) 관측(oid=081) · 네이버 인링크(CP) 관측(oid=468) · 미분류: 포털 CP 미등재 + 네이버 인링크 미관측(조회 2026-07) · 포털 CP 등재(다음 news.daum.net/cplist·네이트 경제 CP, 조회 2026-07)","보조지표(2026-06 표본 예측력 약함 r≈0.02, 재검증 대상; 단독 사용 안 함, 타깃광고 경계에서만 보조)",관찰 기간 내 공시 확인,1,False,0,False,False,False,False,False,True,False,False,False,False,특이 패턴 미관찰,사후 데이터: 부분 관찰 (12거래일); 보도자료성 표현 관찰; 관찰 기간 내 공시 확인
EVT-22900E2C55,109960,앱토크롬,2026-06-01 07:08:31+09:00,2026-06-01 07:08:31+09:00,2026-06-01 11:36:35+09:00,3,2,crioppstockfree; jeilstock,KOSDAQ,25649134935,기준 거래량 부족,장전,,,0,0,,,,,미확인,0,,,2026-06-01,확인,19,5,6,False,0,False,14,True,0,0,0.7894736842105263,"네이버 인링크(CP) 관측(oid=018) · 네이버 인링크(CP) 관측(oid=031) · 미분류: 포털 CP 미등재 + 네이버 인링크 미관측(조회 2026-07) · 포털 CP 등재(다음 news.daum.net/cplist·네이트 경제 CP, 조회 2026-07)","보조지표(2026-06 표본 예측력 약함 r≈0.02, 재검증 대상; 단독 사용 안 함, 타깃광고 경계에서만 보조)",관찰 기간 내 공시 확인,3,True,1,False,False,False,False,False,False,False,False,False,False,판단 불가,시장 데이터: 기준 거래량 부족; 복수 Telegram 채널 언급; 중요 공시 후보 제목 관찰
EVT-07A68A7896,035290,골드앤에스,2026-06-01 10:00:29+09:00,2026-06-01 10:00:29+09:00,2026-06-01 15:00:22+09:00,6,1,numt7777,KOSDAQ,7694983872,기준 거래량 부족,장중,82060.0,61366.5,4,0,,,,,미확인,0,,,2026-06-01,확인,24,2,6,False,2,False,16,True,0,0,0.875,"네이버 인링크(CP) 관측(oid=014) · 네이버 인링크(CP) 관측(oid=018) · 미분류: 포털 CP 미등재 + 네이버 인링크 미관측(조회 2026-07) · 포털 CP 등재(다음 news.daum.net/cplist·네이트 경제 CP, 조회 2026-07)","보조지표(2026-06 표본 예측력 약함 r≈0.02, 재검증 대상; 단독 사용 안 함, 타깃광고 경계에서만 보조)",관찰 기간 내 공시 확인,1,True,1,False,False,False,False,False,False,False,False,False,False,판단 불가,시장 데이터: 기준 거래량 부족; 유사 기사 반복 관찰; 중요 공시 후보 제목 관찰
EVT-33E950A6FC,309930,조이웍스앤코,2026-06-01 10:00:29+09:00,2026-06-01 10:00:29+09:00,2026-06-01 15:00:22+09:00,6,1,numt7777,KOSDAQ,15597270090,기준 거래량 부족,장중,531114.0,531114.0,2,0,,,,,미확인,0,,,2026-06-01,확인,63,4,54,False,9,True,40,True,5,6,0.5238095238095238,"네이버 인링크(CP) 관측(oid=001) · 네이버 인링크(CP) 관측(oid=008) · 네이버 인링크(CP) 관측(oid=011) · 네이버 인링크(CP) 관측(oid=014) · 네이버 인링크(CP) 관측(oid=015) · 네이버 인링크(CP) 관측(oid=018) · 네이버 인링크(CP) 관측(oid=022) · 네이버 인링크(CP) 관측(oid=055) · 네이버 인링크(CP) 관측(oid=056) · 네이버 인링크(CP) 관측(oid=081) · 네이버 인링크(CP) 관측(oid=277) · 네이버 인링크(CP) 관측(oid=366) · 네이버 인링크(CP) 관측(oid=421) · 네이버 인링크(CP) 관측(oid=469) · 미분류: 포털 CP 미등재 + 네이버 인링크 미관측(조회 2026-07) · 포털 CP 등재(다음 news.daum.net/cplist·네이트 경제 CP, 조회 2026-07)","보조지표(2026-06 표본 예측력 약함 r≈0.02, 재검증 대상; 단독 사용 안 함, 타깃광고 경계에서만 보조)",관찰 기간 내 공시 확인,6,True,3,False,False,False,False,False,False,False,False,False,False,판단 불가,시장 데이터: 기준 거래량 부족; 유사 기사 반복 관찰; 보도자료성 표현 관찰; 중요 공시 후보 제목 관찰
EVT-5D6F01A285,227610,아우딘퓨쳐스,2026-06-01 16:58:20+09:00,2026-06-01 16:58:20+09:00,2026-06-01 16:58:20+09:00,1,1,mbngoldcsi,KOSDAQ,26252543705,기준 거래량 부족,장후,388243.3333333333,308083.0,3,0,,,,,미확인,0,,,2026-06-02,확인,30,7,14,False,0,False,15,True,0,1,0.8,네이버 인링크(CP) 관측(oid=008) · 네이버 인링크(CP) 관측(oid=018) · 네이버 인링크(CP) 관측(oid=081) · 미분류: 포털 CP 미등재 + 네이버 인링크 미관측(조회 2026-07),"보조지표(2026-06 표본 예측력 약함 r≈0.02, 재검증 대상; 단독 사용 안 함, 타깃광고 경계에서만 보조)",관찰 기간 내 공시 확인,1,True,1,False,False,False,False,False,False,False,False,False,False,판단 불가,시장 데이터: 기준 거래량 부족; 중요 공시 후보 제목 관찰
EVT-7A01B789A9,027040,서울전자통신,2026-06-01 20:29:09+09:00,2026-06-01 20:29:09+09:00,2026-06-01 20:29:09+09:00,1,1,mbngoldcsi,KOSDAQ,25525188346,기준 거래량 부족,장후,4950192.0,5378450.0,3,0,,,,,미확인,0,,,2026-06-02,확인,55,5,29,False,0,True,31,True,2,8,0.8,"네이버 인링크(CP) 관측(oid=018) · 네이버 인링크(CP) 관측(oid=081) · 네이버 인링크(CP) 관측(oid=293) · 네이버 인링크(CP) 관측(oid=366) · 네이버 인링크(CP) 관측(oid=374) · 미분류: 포털 CP 미등재 + 네이버 인링크 미관측(조회 2026-07) · 포털 CP 등재(다음 news.daum.net/cplist·네이트 경제 CP, 조회 2026-07)","보조지표(2026-06 표본 예측력 약함 r≈0.02, 재검증 대상; 단독 사용 안 함, 타깃광고 경계에서만 보조)",관찰 기간 내 공시 확인,14,True,4,False,False,False,False,False,False,False,False,False,False,판단 불가,시장 데이터: 기준 거래량 부족; 보도자료성 표현 관찰; 중요 공시 후보 제목 관찰
EVT-16C2C6F14B,900340,윙입푸드,2026-06-02 07:01:48+09:00,2026-06-02 07:01:48+09:00,2026-06-02 15:00:23+09:00,9,3,crioppstockfree; jeilstock; numt7777,KOSDAQ,15237688452,기준 거래량 부족,장전,,,0,0,,,,,미확인,0,,,2026-06-02,확인,16,4,0,True,0,False,10,True,0,1,0.625,"네이버 인링크(CP) 관측(oid=018) · 네이버 인링크(CP) 관측(oid=081) · 네이버 인링크(CP) 관측(oid=277) · 미분류: 포털 CP 미등재 + 네이버 인링크 미관측(조회 2026-07) · 포털 CP 등재(다음 news.daum.net/cplist·네이트 경제 CP, 조회 2026-07)","보조지표(2026-06 표본 예측력 약함 r≈0.02, 재검증 대상; 단독 사용 안 함, 타깃광고 경계에서만 보조)",관찰 기간 내 공시 확인,2,True,1,False,False,False,False,False,False,False,False,False,False,판단 불가,시장 데이터: 기준 거래량 부족; 복수 Telegram 채널 언급; 언급 시점 뉴스 집중; 중요 공시 후보 제목 관찰
EVT-77AA6C8B43,052770,아이톡시,2026-06-02 07:02:01+09:00,2026-06-02 07:02:01+09:00,2026-06-02 07:02:01+09:00,1,1,crioppstockfree,KOSDAQ,4545457488,기준 거래량 부족,장전,,,0,0,,,,,미확인,0,,,2026-06-02,확인,9,3,3,False,0,False,5,True,0,0,0.7777777777777778,네이버 인링크(CP) 관측(oid=018) · 네이버 인링크(CP) 관측(oid=366) · 미분류: 포털 CP 미등재 + 네이버 인링크 미관측(조회 2026-07),"보조지표(2026-06 표본 예측력 약함 r≈0.02, 재검증 대상; 단독 사용 안 함, 타깃광고 경계에서만 보조)",관찰 기간 내 공시 확인,3,True,3,False,False,False,False,False,False,False,False,False,False,판단 불가,시장 데이터: 기준 거래량 부족; 중요 공시 후보 제목 관찰
EVT-E790D7E3EB,200230,텔콘RF제약,2026-06-04 07:03:29+09:00,2026-06-04 07:03:29+09:00,2026-06-04 08:47:48+09:00,2,2,crioppstockfree; jeilstock,KOSDAQ,14841132475,사건 구간 거래량 없음,장전,115231.4666666667,82739.0,15,0,,,,,미확인,0,,,2026-06-04,확인,21,3,13,False,0,False,14,True,0,0,0.7619047619047619,"네이버 인링크(CP) 관측(oid=018) · 네이버 인링크(CP) 관측(oid=421) · 네이버 인링크(CP) 관측(oid=648) · 미분류: 포털 CP 미등재 + 네이버 인링크 미관측(조회 2026-07) · 포털 CP 등재(다음 news.daum.net/cplist·네이트 경제 CP, 조회 2026-07)","보조지표(2026-06 표본 예측력 약함 r≈0.02, 재검증 대상; 단독 사용 안 함, 타깃광고 경계에서만 보조)",관찰 기간 내 공시 확인,1,True,1,False,False,False,False,False,False,False,False,False,False,판단 불가,시장 데이터: 사건 구간 거래량 없음; 복수 Telegram 채널 언급; 중요 공시 후보 제목 관찰
EVT-FBE5E2A0E6,065150,대산F&B,2026-06-04 07:04:24+09:00,2026-06-04 07:04:24+09:00,2026-06-04 07:04:24+09:00,1,1,crioppstockfree,KOSDAQ,23110448000,기준 거래량 부족,장전,,,0,0,,,,,미확인,0,,,2026-06-04,확인,4,2,1,False,0,False,4,True,0,0,0.75,네이버 인링크(CP) 관측(oid=018) · 미분류: 포털 CP 미등재 + 네이버 인링크 미관측(조회 2026-07),"보조지표(2026-06 표본 예측력 약함 r≈0.02, 재검증 대상; 단독 사용 안 함, 타깃광고 경계에서만 보조)",관찰 기간 내 공시 확인,2,True,1,False,False,False,False,False,False,False,False,False,False,판단 불가,시장 데이터: 기준 거래량 부족; 중요 공시 후보 제목 관찰
EVT-C6E1944111,065570,삼영이엔씨,2026-06-04 07:04:24+09:00,2026-06-04 07:04:24+09:00,2026-06-04 07:04:24+09:00,1,1,crioppstockfree,KOSDAQ,12295692232,기준 거래량 부족,장전,,,0,0,,,,,미확인,0,,,2026-06-04,확인,19,4,15,False,0,False,13,True,0,0,0.7894736842105263,"네이버 인링크(CP) 관측(oid=018) · 네이버 인링크(CP) 관측(oid=293) · 미분류: 포털 CP 미등재 + 네이버 인링크 미관측(조회 2026-07) · 포털 CP 등재(다음 news.daum.net/cplist·네이트 경제 CP, 조회 2026-07)","보조지표(2026-06 표본 예측력 약함 r≈0.02, 재검증 대상; 단독 사용 안 함, 타깃광고 경계에서만 보조)",관찰 기간 내 공시 확인,1,False,0,False,False,False,False,False,False,False,False,False,False,판단 불가,시장 데이터: 기준 거래량 부족; 관찰 기간 내 공시 확인
EVT-3B303F2FDA,368970,오에스피,2026-06-04 11:30:21+09:00,2026-06-04 11:30:21+09:00,2026-06-04 19:31:03+09:00,2,1,crioppstockfree,KOSDAQ,19927783680,기준 거래량 부족,장중,58860.75,59313.0,4,0,,,,,미확인,0,,,2026-06-04,확인,9,0,0,False,0,False,8,True,0,0,0.6666666666666666,"네이버 인링크(CP) 관측(oid=011) · 네이버 인링크(CP) 관측(oid=018) · 미분류: 포털 CP 미등재 + 네이버 인링크 미관측(조회 2026-07) · 포털 CP 등재(다음 news.daum.net/cplist·네이트 경제 CP, 조회 2026-07)","보조지표(2026-06 표본 예측력 약함 r≈0.02, 재검증 대상; 단독 사용 안 함, 타깃광고 경계에서만 보조)",관찰 기간 내 공시 확인,7,True,4,False,False,False,False,False,False,False,False,False,False,판단 불가,시장 데이터: 기준 거래량 부족; 중요 공시 후보 제목 관찰
EVT-1EDC779449,021880,메이슨캐피탈,2026-06-05 07:04:53+09:00,2026-06-05 07:04:53+09:00,2026-06-05 08:51:31+09:00,2,2,crioppstockfree; jeilstock,KOSDAQ,24231458480,사건 구간 거래량 없음,장전,2581250.8,1679811.0,15,0,,,,,미확인,0,,,2026-06-05,확인,55,4,47,False,0,True,33,True,1,5,0.6363636363636364,"네이버 인링크(CP) 관측(oid=003) · 네이버 인링크(CP) 관측(oid=009) · 네이버 인링크(CP) 관측(oid=011) · 네이버 인링크(CP) 관측(oid=014) · 네이버 인링크(CP) 관측(oid=016) · 네이버 인링크(CP) 관측(oid=018) · 네이버 인링크(CP) 관측(oid=030) · 네이버 인링크(CP) 관측(oid=031) · 네이버 인링크(CP) 관측(oid=081) · 네이버 인링크(CP) 관측(oid=417) · 네이버 인링크(CP) 관측(oid=421) · 미분류: 포털 CP 미등재 + 네이버 인링크 미관측(조회 2026-07) · 포털 CP 등재(다음 news.daum.net/cplist·네이트 경제 CP, 조회 2026-07)","보조지표(2026-06 표본 예측력 약함 r≈0.02, 재검증 대상; 단독 사용 안 함, 타깃광고 경계에서만 보조)",관찰 기간 내 공시 확인,1,True,1,False,False,False,False,False,False,False,False,False,False,판단 불가,시장 데이터: 사건 구간 거래량 없음; 복수 Telegram 채널 언급; 보도자료성 표현 관찰; 중요 공시 후보 제목 관찰
EVT-871823DE39,079970,투비소프트,2026-06-05 07:05:25+09:00,2026-06-05 07:05:25+09:00,2026-06-05 22:26:08+09:00,2,1,crioppstockfree,KOSDAQ,7646223464,기준 거래량 부족,장전,,,0,0,,,,,미확인,0,,,2026-06-05,확인,14,5,5,False,0,False,10,True,0,0,0.7857142857142857,"네이버 인링크(CP) 관측(oid=018) · 네이버 인링크(CP) 관측(oid=469) · 미분류: 포털 CP 미등재 + 네이버 인링크 미관측(조회 2026-07) · 포털 CP 등재(다음 news.daum.net/cplist·네이트 경제 CP, 조회 2026-07)","보조지표(2026-06 표본 예측력 약함 r≈0.02, 재검증 대상; 단독 사용 안 함, 타깃광고 경계에서만 보조)",관찰 기간 내 공시 확인,5,True,3,False,False,False,False,False,False,False,False,False,False,판단 불가,시장 데이터: 기준 거래량 부족; 중요 공시 후보 제목 관찰
EVT-AC4BEC6FA7,900120,씨엑스아이,2026-06-05 07:05:25+09:00,2026-06-05 07:05:25+09:00,2026-06-05 07:05:25+09:00,1,1,crioppstockfree,KOSDAQ,8074702460,기준 거래량 부족,장전,,,0,0,,,,,미확인,0,,,2026-06-05,확인,6,3,1,False,0,False,4,True,0,0,0.6666666666666666,네이버 인링크(CP) 관측(oid=018) · 미분류: 포털 CP 미등재 + 네이버 인링크 미관측(조회 2026-07),"보조지표(2026-06 표본 예측력 약함 r≈0.02, 재검증 대상; 단독 사용 안 함, 타깃광고 경계에서만 보조)",관찰 기간 내 공시 확인,4,True,1,False,False,False,False,False,False,False,False,False,False,판단 불가,시장 데이터: 기준 거래량 부족; 중요 공시 후보 제목 관찰
EVT-5A70B2B7CE,900340,윙입푸드,2026-06-05 07:05:25+09:00,2026-06-05 07:05:25+09:00,2026-06-05 07:05:25+09:00,1,1,crioppstockfree,KOSDAQ,15237688452,기준 거래량 부족,장전,508793.0,508793.0,2,0,,,,,미확인,0,,,2026-06-05,확인,22,9,4,False,0,False,11,True,0,1,0.7272727272727273,"네이버 인링크(CP) 관측(oid=018) · 네이버 인링크(CP) 관측(oid=081) · 네이버 인링크(CP) 관측(oid=277) · 미분류: 포털 CP 미등재 + 네이버 인링크 미관측(조회 2026-07) · 포털 CP 등재(다음 news.daum.net/cplist·네이트 경제 CP, 조회 2026-07)","보조지표(2026-06 표본 예측력 약함 r≈0.02, 재검증 대상; 단독 사용 안 함, 타깃광고 경계에서만 보조)",관찰 기간 내 공시 확인,2,True,1,False,False,False,False,False,False,False,False,False,False,판단 불가,시장 데이터: 기준 거래량 부족; 중요 공시 후보 제목 관찰
EVT-90942EE4D1,031860,디에이치엑스컴퍼니,2026-06-05 18:27:42+09:00,2026-06-05 18:27:42+09:00,2026-06-08 07:02:22+09:00,3,3,crioppstockfree; jeilstock; mbngoldcsi,KOSDAQ,18714758139,기준 거래량 부족,장후,,,0,0,,,,,미확인,0,,,2026-06-08,확인,6,0,4,False,0,False,3,True,0,0,0.6666666666666666,네이버 인링크(CP) 관측(oid=018) · 미분류: 포털 CP 미등재 + 네이버 인링크 미관측(조회 2026-07),"보조지표(2026-06 표본 예측력 약함 r≈0.02, 재검증 대상; 단독 사용 안 함, 타깃광고 경계에서만 보조)",관찰 기간 내 공시 확인,1,False,0,False,False,False,False,False,False,False,False,False,False,판단 불가,시장 데이터: 기준 거래량 부족; 복수 Telegram 채널 언급; 관찰 기간 내 공시 확인
EVT-4D141E08B8,900100,파이온엑스,2026-06-05 18:27:42+09:00,2026-06-05 18:27:42+09:00,2026-06-08 07:02:22+09:00,3,3,crioppstockfree; jeilstock; mbngoldcsi,KOSDAQ,10367438250,사건 구간 거래량 없음,장후,46144.6,27590.0,10,0,,,,,미확인,0,,,2026-06-08,확인,2,1,1,False,0,False,2,False,0,0,1.0,미분류: 포털 CP 미등재 + 네이버 인링크 미관측(조회 2026-07),"보조지표(2026-06 표본 예측력 약함 r≈0.02, 재검증 대상; 단독 사용 안 함, 타깃광고 경계에서만 보조)",관찰 기간 내 공시 확인,2,False,0,False,False,False,False,False,False,False,False,False,False,판단 불가,시장 데이터: 사건 구간 거래량 없음; 복수 Telegram 채널 언급; 관찰 기간 내 공시 확인
EVT-84CFB61B6D,244460,올리패스,2026-06-08 07:02:55+09:00,2026-06-08 07:02:55+09:00,2026-06-08 07:02:55+09:00,1,1,crioppstockfree,KOSDAQ,13415218661,기준 거래량 부족,장전,,,0,0,,,,,미확인,0,,,2026-06-08,확인,10,2,2,False,0,False,7,True,0,0,0.6,네이버 인링크(CP) 관측(oid=018) · 네이버 인링크(CP) 관측(oid=421) · 네이버 인링크(CP) 관측(oid=648) · 미분류: 포털 CP 미등재 + 네이버 인링크 미관측(조회 2026-07),"보조지표(2026-06 표본 예측력 약함 r≈0.02, 재검증 대상; 단독 사용 안 함, 타깃광고 경계에서만 보조)",관찰 기간 내 공시 확인,6,True,2,False,False,False,False,False,False,False,False,False,False,판단 불가,시장 데이터: 기준 거래량 부족; 중요 공시 후보 제목 관찰
EVT-6BB141508B,065650,하이퍼코퍼레이션,2026-06-09 07:02:02+09:00,2026-06-09 07:02:02+09:00,2026-06-10 15:00:24+09:00,15,3,crioppstockfree; jeilstock; numt7777,KOSDAQ,22001433870,기준 거래량 부족,장전,,,0,0,,,,,미확인,0,,,2026-06-09,확인,33,9,2,False,4,False,23,True,0,2,0.5151515151515151,"네이버 인링크(CP) 관측(oid=001) · 네이버 인링크(CP) 관측(oid=018) · 네이버 인링크(CP) 관측(oid=055) · 네이버 인링크(CP) 관측(oid=081) · 네이버 인링크(CP) 관측(oid=277) · 네이버 인링크(CP) 관측(oid=366) · 미분류: 포털 CP 미등재 + 네이버 인링크 미관측(조회 2026-07) · 포털 CP 등재(다음 news.daum.net/cplist·네이트 경제 CP, 조회 2026-07)","보조지표(2026-06 표본 예측력 약함 r≈0.02, 재검증 대상; 단독 사용 안 함, 타깃광고 경계에서만 보조)",관찰 기간 내 공시 확인,5,True,2,False,False,False,False,False,False,False,False,False,False,판단 불가,시장 데이터: 기준 거래량 부족; 복수 Telegram 채널 언급; 유사 기사 반복 관찰; 중요 공시 후보 제목 관찰
EVT-6E43A854A8,208640,썸에이지,2026-06-09 07:02:02+09:00,2026-06-09 07:02:02+09:00,2026-06-09 08:54:21+09:00,2,2,crioppstockfree; jeilstock,KOSDAQ,13158203625,사건 구간 거래량 없음,장전,554503.5333333333,245590.0,15,0,,,,,미확인,0,,,2026-06-09,확인,21,4,4,False,0,False,16,True,0,0,0.9047619047619048,"네이버 인링크(CP) 관측(oid=293) · 미분류: 포털 CP 미등재 + 네이버 인링크 미관측(조회 2026-07) · 포털 CP 등재(다음 news.daum.net/cplist·네이트 경제 CP, 조회 2026-07)","보조지표(2026-06 표본 예측력 약함 r≈0.02, 재검증 대상; 단독 사용 안 함, 타깃광고 경계에서만 보조)",관찰 기간 내 공시 확인,4,True,2,False,False,False,False,False,False,False,False,False,False,판단 불가,시장 데이터: 사건 구간 거래량 없음; 복수 Telegram 채널 언급; 중요 공시 후보 제목 관찰
EVT-233C5E6138,043220,티에스넥스젠,2026-06-09 07:02:09+09:00,2026-06-09 07:02:09+09:00,2026-06-10 07:01:27+09:00,2,1,crioppstockfree,KOSDAQ,28191099330,기준 거래량 부족,장전,,,0,0,,,,,미확인,0,,,2026-06-09,확인,10,6,4,False,0,False,6,True,0,0,0.9,네이버 인링크(CP) 관측(oid=018) · 미분류: 포털 CP 미등재 + 네이버 인링크 미관측(조회 2026-07),"보조지표(2026-06 표본 예측력 약함 r≈0.02, 재검증 대상; 단독 사용 안 함, 타깃광고 경계에서만 보조)",관찰 기간 내 공시 확인,6,True,3,False,False,False,False,False,False,False,False,False,False,판단 불가,시장 데이터: 기준 거래량 부족; 중요 공시 후보 제목 관찰
EVT-8268190AC2,352770,셀레스트라,2026-06-09 07:02:09+09:00,2026-06-09 07:02:09+09:00,2026-06-10 07:01:27+09:00,2,1,crioppstockfree,KOSDAQ,13610136750,기준 거래량 부족,장전,,,0,0,,,,,미확인,0,,,2026-06-09,확인,10,7,1,False,0,False,6,True,0,0,0.9,네이버 인링크(CP) 관측(oid=648) · 미분류: 포털 CP 미등재 + 네이버 인링크 미관측(조회 2026-07),"보조지표(2026-06 표본 예측력 약함 r≈0.02, 재검증 대상; 단독 사용 안 함, 타깃광고 경계에서만 보조)",관찰 기간 내 공시 확인,6,True,4,False,False,False,False,False,False,False,False,False,False,판단 불가,시장 데이터: 기준 거래량 부족; 중요 공시 후보 제목 관찰
EVT-153DED9B98,900310,컬러레이,2026-06-10 07:01:20+09:00,2026-06-10 07:01:20+09:00,2026-06-10 15:00:24+09:00,9,3,crioppstockfree; jeilstock; numt7777,KOSDAQ,25808795025,기준 거래량 부족,장전,,,0,0,,,,,미확인,0,,,2026-06-10,확인,12,7,0,True,0,True,9,True,0,1,0.5833333333333334,"네이버 인링크(CP) 관측(oid=081) · 네이버 인링크(CP) 관측(oid=088) · 네이버 인링크(CP) 관측(oid=366) · 미분류: 포털 CP 미등재 + 네이버 인링크 미관측(조회 2026-07) · 포털 CP 등재(다음 news.daum.net/cplist·네이트 경제 CP, 조회 2026-07)","보조지표(2026-06 표본 예측력 약함 r≈0.02, 재검증 대상; 단독 사용 안 함, 타깃광고 경계에서만 보조)",관찰 기간 내 공시 확인,1,True,1,False,False,False,False,False,False,False,False,False,False,판단 불가,시장 데이터: 기준 거래량 부족; 복수 Telegram 채널 언급; 언급 시점 뉴스 집중; 보도자료성 표현 관찰; 중요 공시 후보 제목 관찰
EVT-2E84445DF3,043100,알파AI,2026-06-11 07:02:08+09:00,2026-06-11 07:02:08+09:00,2026-06-11 07:02:08+09:00,1,1,crioppstockfree,KOSDAQ,10457241600,기준 거래량 부족,장전,,,0,0,,,,,미확인,0,,,2026-06-11,기사 미확인,0,0,0,False,0,False,0,False,0,0,0.0,,"보조지표(2026-06 표본 예측력 약함 r≈0.02, 재검증 대상; 단독 사용 안 함, 타깃광고 경계에서만 보조)",관찰 기간 내 공시 확인,4,False,0,False,False,False,False,False,False,False,False,False,False,판단 불가,시장 데이터: 기준 거래량 부족; 관찰 기간 내 공시 확인; 뉴스: 기사 미확인
EVT-D538D0FB28,900070,글로벌에스엠,2026-06-12 07:02:02+09:00,2026-06-12 07:02:02+09:00,2026-06-12 11:38:45+09:00,3,2,crioppstockfree; jeilstock,KOSDAQ,26845112016,기준 거래량 부족,장전,,,0,0,,,,,미확인,0,,,2026-06-12,기사 미확인,0,0,0,False,0,False,0,False,0,0,0.0,,"보조지표(2026-06 표본 예측력 약함 r≈0.02, 재검증 대상; 단독 사용 안 함, 타깃광고 경계에서만 보조)",관찰 기간 내 공시 확인,1,True,1,False,False,False,False,False,False,False,False,False,False,판단 불가,시장 데이터: 기준 거래량 부족; 복수 Telegram 채널 언급; 중요 공시 후보 제목 관찰; 뉴스: 기사 미확인
EVT-534442EA71,031860,디에이치엑스컴퍼니,2026-06-15 07:24:41+09:00,2026-06-15 07:24:41+09:00,2026-06-15 07:24:41+09:00,1,1,crioppstockfree,KOSDAQ,18714758139,기준 거래량 부족,장전,,,0,0,,,,,미확인,0,,,2026-06-15,확인,4,1,1,False,0,False,3,True,0,0,0.75,네이버 인링크(CP) 관측(oid=018) · 미분류: 포털 CP 미등재 + 네이버 인링크 미관측(조회 2026-07),"보조지표(2026-06 표본 예측력 약함 r≈0.02, 재검증 대상; 단독 사용 안 함, 타깃광고 경계에서만 보조)",관찰 기간 내 공시 확인,8,False,0,False,False,False,False,False,False,False,False,False,False,판단 불가,시장 데이터: 기준 거래량 부족; 관찰 기간 내 공시 확인
EVT-3D16277A59,097780,에코볼트,2026-06-16 07:02:43+09:00,2026-06-16 07:02:43+09:00,2026-06-16 15:00:25+09:00,8,3,crioppstockfree; jeilstock; numt7777,KOSDAQ,27679773396,기준 거래량 부족,장전,,,0,0,,,,,미확인,0,,,2026-06-16,확인,30,7,12,False,0,False,20,True,0,2,0.6666666666666666,"네이버 인링크(CP) 관측(oid=011) · 네이버 인링크(CP) 관측(oid=018) · 네이버 인링크(CP) 관측(oid=050) · 네이버 인링크(CP) 관측(oid=081) · 미분류: 포털 CP 미등재 + 네이버 인링크 미관측(조회 2026-07) · 포털 CP 등재(다음 news.daum.net/cplist·네이트 경제 CP, 조회 2026-07)","보조지표(2026-06 표본 예측력 약함 r≈0.02, 재검증 대상; 단독 사용 안 함, 타깃광고 경계에서만 보조)",관찰 기간 내 공시 확인,3,True,2,False,False,False,False,False,False,False,False,False,False,판단 불가,시장 데이터: 기준 거래량 부족; 복수 Telegram 채널 언급; 중요 공시 후보 제목 관찰
EVT-812341FC88,900110,딥커머스,2026-06-16 07:02:43+09:00,2026-06-16 07:02:43+09:00,2026-06-16 15:00:25+09:00,9,3,crioppstockfree; jeilstock; numt7777,KOSDAQ,15364476250,기준 거래량 부족,장전,,,0,0,,,,,미확인,0,,,2026-06-16,확인,44,12,0,True,0,False,32,True,0,3,0.7727272727272727,"네이버 인링크(CP) 관측(oid=008) · 네이버 인링크(CP) 관측(oid=018) · 네이버 인링크(CP) 관측(oid=020) · 네이버 인링크(CP) 관측(oid=081) · 네이버 인링크(CP) 관측(oid=421) · 미분류: 포털 CP 미등재 + 네이버 인링크 미관측(조회 2026-07) · 포털 CP 등재(다음 news.daum.net/cplist·네이트 경제 CP, 조회 2026-07)","보조지표(2026-06 표본 예측력 약함 r≈0.02, 재검증 대상; 단독 사용 안 함, 타깃광고 경계에서만 보조)",관찰 기간 내 공시 확인,6,True,1,False,False,False,False,False,False,False,False,False,False,판단 불가,시장 데이터: 기준 거래량 부족; 복수 Telegram 채널 언급; 언급 시점 뉴스 집중; 중요 공시 후보 제목 관찰
EVT-4D311D4A79,065420,에스아이리소스,2026-06-16 07:02:49+09:00,2026-06-16 07:02:49+09:00,2026-06-16 07:02:49+09:00,1,1,crioppstockfree,KOSDAQ,7014575302,사건 구간 거래량 없음,장전,8132816.785714285,3672574.5,14,0,,,,,미확인,0,,,2026-06-16,확인,25,6,16,False,0,True,16,True,2,1,0.84,"네이버 인링크(CP) 관측(oid=018) · 네이버 인링크(CP) 관측(oid=081) · 미분류: 포털 CP 미등재 + 네이버 인링크 미관측(조회 2026-07) · 포털 CP 등재(다음 news.daum.net/cplist·네이트 경제 CP, 조회 2026-07)","보조지표(2026-06 표본 예측력 약함 r≈0.02, 재검증 대상; 단독 사용 안 함, 타깃광고 경계에서만 보조)",관찰 기간 내 공시 확인,4,True,2,False,False,False,False,False,False,False,False,False,False,판단 불가,시장 데이터: 사건 구간 거래량 없음; 보도자료성 표현 관찰; 중요 공시 후보 제목 관찰
EVT-1F197B7480,007720,소노스퀘어,2026-06-17 07:06:54+09:00,2026-06-17 07:06:54+09:00,2026-06-17 08:43:38+09:00,2,2,crioppstockfree; jeilstock,KOSDAQ,24252588270,사건 구간 거래량 없음,장전,90994.53333333334,78562.0,15,0,,,,,미확인,0,,,2026-06-17,확인,53,4,13,False,0,False,38,True,0,0,0.7169811320754716,"네이버 인링크(CP) 관측(oid=009) · 네이버 인링크(CP) 관측(oid=011) · 네이버 인링크(CP) 관측(oid=015) · 네이버 인링크(CP) 관측(oid=018) · 네이버 인링크(CP) 관측(oid=277) · 네이버 인링크(CP) 관측(oid=293) · 네이버 인링크(CP) 관측(oid=417) · 네이버 인링크(CP) 관측(oid=421) · 네이버 인링크(CP) 관측(oid=648) · 네이버 인링크(CP) 관측(oid=654) · 미분류: 포털 CP 미등재 + 네이버 인링크 미관측(조회 2026-07) · 포털 CP 등재(다음 news.daum.net/cplist·네이트 경제 CP, 조회 2026-07)","보조지표(2026-06 표본 예측력 약함 r≈0.02, 재검증 대상; 단독 사용 안 함, 타깃광고 경계에서만 보조)",관찰 기간 내 공시 확인,1,True,1,False,False,False,False,False,False,False,False,False,False,판단 불가,시장 데이터: 사건 구간 거래량 없음; 복수 Telegram 채널 언급; 중요 공시 후보 제목 관찰
EVT-444FA0B9EA,019570,플루토스,2026-06-17 07:06:54+09:00,2026-06-17 07:06:54+09:00,2026-06-17 08:43:38+09:00,2,2,crioppstockfree; jeilstock,KOSDAQ,22955735101,사건 구간 거래량 없음,장전,476305.1333333334,340242.0,15,0,,,,,미확인,0,,,2026-06-17,확인,15,3,8,False,0,False,11,True,0,0,0.7333333333333333,네이버 인링크(CP) 관측(oid=008) · 네이버 인링크(CP) 관측(oid=011) · 네이버 인링크(CP) 관측(oid=277) · 네이버 인링크(CP) 관측(oid=293) · 미분류: 포털 CP 미등재 + 네이버 인링크 미관측(조회 2026-07),"보조지표(2026-06 표본 예측력 약함 r≈0.02, 재검증 대상; 단독 사용 안 함, 타깃광고 경계에서만 보조)",관찰 기간 내 공시 확인,5,True,3,False,False,False,False,False,False,False,False,False,False,판단 불가,시장 데이터: 사건 구간 거래량 없음; 복수 Telegram 채널 언급; 중요 공시 후보 제목 관찰
EVT-4D4B25A8E8,043100,알파AI,2026-06-17 07:07:00+09:00,2026-06-17 07:07:00+09:00,2026-06-18 07:07:56+09:00,2,1,crioppstockfree,KOSDAQ,10457241600,기준 거래량 부족,장전,,,0,0,,,,,미확인,0,,,2026-06-17,기사 미확인,0,0,0,False,0,False,0,False,0,0,0.0,,"보조지표(2026-06 표본 예측력 약함 r≈0.02, 재검증 대상; 단독 사용 안 함, 타깃광고 경계에서만 보조)",관찰 기간 내 공시 확인,8,True,2,False,False,False,False,False,False,False,False,False,False,판단 불가,시장 데이터: 기준 거래량 부족; 중요 공시 후보 제목 관찰; 뉴스: 기사 미확인
EVT-D1A7FB9EAB,021880,메이슨캐피탈,2026-06-18 07:07:20+09:00,2026-06-18 07:07:20+09:00,2026-06-18 08:46:33+09:00,2,2,crioppstockfree; jeilstock,KOSDAQ,24231458480,사건 구간 거래량 없음,장전,1192884.333333333,678005.5,6,0,,,,,미확인,0,,,2026-06-18,확인,13,0,8,False,0,False,9,True,0,0,0.6153846153846154,"네이버 인링크(CP) 관측(oid=018) · 네이버 인링크(CP) 관측(oid=031) · 미분류: 포털 CP 미등재 + 네이버 인링크 미관측(조회 2026-07) · 포털 CP 등재(다음 news.daum.net/cplist·네이트 경제 CP, 조회 2026-07)","보조지표(2026-06 표본 예측력 약함 r≈0.02, 재검증 대상; 단독 사용 안 함, 타깃광고 경계에서만 보조)",관찰 기간 내 공시 확인,5,False,0,False,False,False,False,False,False,False,False,False,False,판단 불가,시장 데이터: 사건 구간 거래량 없음; 복수 Telegram 채널 언급; 관찰 기간 내 공시 확인
EVT-EC423D5069,079970,투비소프트,2026-06-18 07:07:56+09:00,2026-06-18 07:07:56+09:00,2026-06-18 07:07:56+09:00,1,1,crioppstockfree,KOSDAQ,7646223464,기준 거래량 부족,장전,,,0,0,,,,,미확인,0,,,2026-06-18,확인,12,3,6,False,0,False,8,True,0,0,0.8333333333333334,네이버 인링크(CP) 관측(oid=018) · 네이버 인링크(CP) 관측(oid=469) · 미분류: 포털 CP 미등재 + 네이버 인링크 미관측(조회 2026-07),"보조지표(2026-06 표본 예측력 약함 r≈0.02, 재검증 대상; 단독 사용 안 함, 타깃광고 경계에서만 보조)",관찰 기간 내 공시 확인,1,True,1,False,False,False,False,False,False,False,False,False,False,판단 불가,시장 데이터: 기준 거래량 부족; 중요 공시 후보 제목 관찰
EVT-4F13E289CE,210120,캔버스엔,2026-06-18 15:22:07+09:00,2026-06-18 15:22:07+09:00,2026-06-18 15:22:07+09:00,1,1,crioppstockfree,KOSDAQ,22540854540,사건 구간 거래량 없음,장중,1012899.888888889,364730.0,9,0,,,,,미확인,0,,,2026-06-18,확인,12,1,8,False,0,False,11,True,0,4,0.75,"네이버 인링크(CP) 관측(oid=008) · 네이버 인링크(CP) 관측(oid=081) · 미분류: 포털 CP 미등재 + 네이버 인링크 미관측(조회 2026-07) · 포털 CP 등재(다음 news.daum.net/cplist·네이트 경제 CP, 조회 2026-07)","보조지표(2026-06 표본 예측력 약함 r≈0.02, 재검증 대상; 단독 사용 안 함, 타깃광고 경계에서만 보조)",관찰 기간 내 공시 확인,2,True,2,False,False,False,False,False,False,False,False,False,False,판단 불가,시장 데이터: 사건 구간 거래량 없음; 중요 공시 후보 제목 관찰
EVT-4AB51CB3F2,009730,이렘,2026-06-18 20:21:22+09:00,2026-06-18 20:21:22+09:00,2026-06-18 20:21:22+09:00,1,1,mbngoldcsi,KOSDAQ,13765718178,사건 구간 거래량 없음,장후,80211.6,65338.0,15,0,,,,,미확인,0,,,2026-06-19,확인,29,6,18,False,2,False,18,True,0,0,0.7241379310344828,"네이버 인링크(CP) 관측(oid=018) · 네이버 인링크(CP) 관측(oid=050) · 네이버 인링크(CP) 관측(oid=123) · 네이버 인링크(CP) 관측(oid=138) · 네이버 인링크(CP) 관측(oid=277) · 네이버 인링크(CP) 관측(oid=293) · 미분류: 포털 CP 미등재 + 네이버 인링크 미관측(조회 2026-07) · 포털 CP 등재(다음 news.daum.net/cplist·네이트 경제 CP, 조회 2026-07)","보조지표(2026-06 표본 예측력 약함 r≈0.02, 재검증 대상; 단독 사용 안 함, 타깃광고 경계에서만 보조)",관찰 기간 내 공시 확인,2,True,1,False,False,False,False,False,False,False,False,False,False,판단 불가,시장 데이터: 사건 구간 거래량 없음; 유사 기사 반복 관찰; 중요 공시 후보 제목 관찰
EVT-A967FD34C0,060230,제이케이시냅스,2026-06-19 07:05:22+09:00,2026-06-19 07:05:22+09:00,2026-06-19 08:56:27+09:00,2,2,crioppstockfree; jeilstock,KOSDAQ,15313733280,사건 구간 거래량 없음,장전,264070.4666666667,206761.0,15,0,,,,,미확인,0,,,2026-06-19,확인,22,3,13,False,0,False,11,True,0,0,0.8181818181818182,"네이버 인링크(CP) 관측(oid=009) · 네이버 인링크(CP) 관측(oid=018) · 미분류: 포털 CP 미등재 + 네이버 인링크 미관측(조회 2026-07) · 포털 CP 등재(다음 news.daum.net/cplist·네이트 경제 CP, 조회 2026-07)","보조지표(2026-06 표본 예측력 약함 r≈0.02, 재검증 대상; 단독 사용 안 함, 타깃광고 경계에서만 보조)",관찰 기간 내 공시 확인,1,True,1,False,False,False,False,False,False,False,False,False,False,판단 불가,시장 데이터: 사건 구간 거래량 없음; 복수 Telegram 채널 언급; 중요 공시 후보 제목 관찰
EVT-683673042C,277410,인산가,2026-06-22 07:02:49+09:00,2026-06-22 07:02:49+09:00,2026-06-22 08:53:51+09:00,2,2,crioppstockfree; jeilstock,KOSDAQ,20972679000,사건 구간 거래량 없음,장전,14204.6,12071.0,15,0,,,,,미확인,0,,,2026-06-22,확인,45,1,19,False,0,True,31,True,1,0,0.7333333333333333,네이버 인링크(CP) 관측(oid=003) · 네이버 인링크(CP) 관측(oid=009) · 네이버 인링크(CP) 관측(oid=014) · 네이버 인링크(CP) 관측(oid=016) · 네이버 인링크(CP) 관측(oid=018) · 네이버 인링크(CP) 관측(oid=056) · 네이버 인링크(CP) 관측(oid=092) · 네이버 인링크(CP) 관측(oid=117) · 네이버 인링크(CP) 관측(oid=421) · 네이버 인링크(CP) 관측(oid=607) · 미분류: 포털 CP 미등재 + 네이버 인링크 미관측(조회 2026-07),"보조지표(2026-06 표본 예측력 약함 r≈0.02, 재검증 대상; 단독 사용 안 함, 타깃광고 경계에서만 보조)",관찰 기간 내 공시 확인,1,True,1,False,False,False,False,False,False,False,False,False,False,판단 불가,시장 데이터: 사건 구간 거래량 없음; 복수 Telegram 채널 언급; 보도자료성 표현 관찰; 중요 공시 후보 제목 관찰
EVT-B0BA0809A4,031860,디에이치엑스컴퍼니,2026-06-22 07:03:22+09:00,2026-06-22 07:03:22+09:00,2026-06-22 07:03:22+09:00,1,1,crioppstockfree,KOSDAQ,18714758139,기준 거래량 부족,장전,,,0,0,,,,,미확인,0,,,2026-06-22,확인,5,2,2,False,0,False,4,True,0,0,0.8,네이버 인링크(CP) 관측(oid=018) · 미분류: 포털 CP 미등재 + 네이버 인링크 미관측(조회 2026-07),"보조지표(2026-06 표본 예측력 약함 r≈0.02, 재검증 대상; 단독 사용 안 함, 타깃광고 경계에서만 보조)",관찰 기간 내 공시 확인,8,True,1,False,False,False,False,False,False,False,False,False,False,판단 불가,시장 데이터: 기준 거래량 부족; 중요 공시 후보 제목 관찰
EVT-01E38C7624,354200,엔젠바이오,2026-06-23 07:04:06+09:00,2026-06-23 07:04:06+09:00,2026-06-23 08:39:28+09:00,2,2,crioppstockfree; jeilstock,KOSDAQ,14915157027,사건 구간 거래량 없음,장전,71937.0,46118.0,15,0,,,,,미확인,0,,,2026-06-23,확인,33,18,0,True,0,False,27,True,0,0,0.696969696969697,"네이버 인링크(CP) 관측(oid=015) · 네이버 인링크(CP) 관측(oid=018) · 네이버 인링크(CP) 관측(oid=030) · 네이버 인링크(CP) 관측(oid=293) · 네이버 인링크(CP) 관측(oid=366) · 네이버 인링크(CP) 관측(oid=421) · 미분류: 포털 CP 미등재 + 네이버 인링크 미관측(조회 2026-07) · 포털 CP 등재(다음 news.daum.net/cplist·네이트 경제 CP, 조회 2026-07)","보조지표(2026-06 표본 예측력 약함 r≈0.02, 재검증 대상; 단독 사용 안 함, 타깃광고 경계에서만 보조)",관찰 기간 내 공시 확인,4,True,1,False,False,False,False,False,False,False,False,False,False,판단 불가,시장 데이터: 사건 구간 거래량 없음; 복수 Telegram 채널 언급; 언급 시점 뉴스 집중; 중요 공시 후보 제목 관찰
EVT-5706623046,900100,파이온엑스,2026-06-23 07:04:06+09:00,2026-06-23 07:04:06+09:00,2026-06-24 13:00:27+09:00,11,3,crioppstockfree; jeilstock; numt7777,KOSDAQ,10367438250,기준 거래량 부족,장전,,,0,0,,,,,미확인,0,,,2026-06-23,확인,14,6,0,True,2,True,8,True,1,2,0.5714285714285714,네이버 인링크(CP) 관측(oid=030) · 네이버 인링크(CP) 관측(oid=081) · 네이버 인링크(CP) 관측(oid=277) · 미분류: 포털 CP 미등재 + 네이버 인링크 미관측(조회 2026-07),"보조지표(2026-06 표본 예측력 약함 r≈0.02, 재검증 대상; 단독 사용 안 함, 타깃광고 경계에서만 보조)",관찰 기간 내 공시 확인,6,True,3,False,False,False,False,False,False,False,False,False,False,판단 불가,시장 데이터: 기준 거래량 부족; 복수 Telegram 채널 언급; 언급 시점 뉴스 집중; 유사 기사 반복 관찰; 보도자료성 표현 관찰; 중요 공시 후보 제목 관찰
EVT-0C10AB9D2D,900300,오가닉티코스메틱,2026-06-24 07:03:11+09:00,2026-06-24 07:03:11+09:00,2026-06-25 20:29:21+09:00,8,3,crioppstockfree; jeilstock; mbngoldcsi,KOSDAQ,14525441099,기준 거래량 부족,장전,,,0,0,,,,,미확인,0,,,2026-06-24,확인,47,10,8,False,0,True,29,True,2,5,0.6595744680851063,"네이버 인링크(CP) 관측(oid=009) · 네이버 인링크(CP) 관측(oid=018) · 네이버 인링크(CP) 관측(oid=023) · 네이버 인링크(CP) 관측(oid=081) · 네이버 인링크(CP) 관측(oid=374) · 네이버 인링크(CP) 관측(oid=421) · 미분류: 포털 CP 미등재 + 네이버 인링크 미관측(조회 2026-07) · 포털 CP 등재(다음 news.daum.net/cplist·네이트 경제 CP, 조회 2026-07)","보조지표(2026-06 표본 예측력 약함 r≈0.02, 재검증 대상; 단독 사용 안 함, 타깃광고 경계에서만 보조)",관찰 기간 내 공시 확인,2,True,2,False,False,False,False,False,False,False,False,False,False,판단 불가,시장 데이터: 기준 거래량 부족; 복수 Telegram 채널 언급; 보도자료성 표현 관찰; 중요 공시 후보 제목 관찰
EVT-CEB3670CAD,208640,썸에이지,2026-06-25 07:03:14+09:00,2026-06-25 07:03:14+09:00,2026-06-25 15:00:20+09:00,9,4,crioppstockfree; jeilstock; mbngoldcsi; numt7777,KOSDAQ,13158203625,기준 거래량 부족,장전,308263.6666666667,300810.0,3,0,,,,,미확인,0,,,2026-06-25,확인,64,19,11,False,0,True,34,True,2,7,0.6875,"네이버 인링크(CP) 관측(oid=011) · 네이버 인링크(CP) 관측(oid=018) · 네이버 인링크(CP) 관측(oid=081) · 네이버 인링크(CP) 관측(oid=293) · 네이버 인링크(CP) 관측(oid=366) · 네이버 인링크(CP) 관측(oid=374) · 네이버 인링크(CP) 관측(oid=421) · 미분류: 포털 CP 미등재 + 네이버 인링크 미관측(조회 2026-07) · 포털 CP 등재(다음 news.daum.net/cplist·네이트 경제 CP, 조회 2026-07)","보조지표(2026-06 표본 예측력 약함 r≈0.02, 재검증 대상; 단독 사용 안 함, 타깃광고 경계에서만 보조)",관찰 기간 내 공시 확인,5,True,1,False,False,False,False,False,False,False,False,False,False,판단 불가,시장 데이터: 기준 거래량 부족; 복수 Telegram 채널 언급; 보도자료성 표현 관찰; 중요 공시 후보 제목 관찰
EVT-76E9C98BE3,219750,한국비티비,2026-06-25 07:03:14+09:00,2026-06-25 07:03:14+09:00,2026-06-25 11:40:49+09:00,4,3,crioppstockfree; jeilstock; mbngoldcsi,KOSDAQ,25006155447,기준 거래량 부족,장전,,,0,0,,,,,미확인,0,,,2026-06-25,확인,15,4,3,False,0,False,9,True,0,1,0.7333333333333333,"네이버 인링크(CP) 관측(oid=018) · 네이버 인링크(CP) 관측(oid=081) · 네이버 인링크(CP) 관측(oid=648) · 미분류: 포털 CP 미등재 + 네이버 인링크 미관측(조회 2026-07) · 포털 CP 등재(다음 news.daum.net/cplist·네이트 경제 CP, 조회 2026-07)","보조지표(2026-06 표본 예측력 약함 r≈0.02, 재검증 대상; 단독 사용 안 함, 타깃광고 경계에서만 보조)",관찰 기간 내 공시 확인,1,True,1,False,False,False,False,False,False,False,False,False,False,판단 불가,시장 데이터: 기준 거래량 부족; 복수 Telegram 채널 언급; 중요 공시 후보 제목 관찰
EVT-615529F7F1,030350,드래곤플라이,2026-06-25 07:03:25+09:00,2026-06-25 07:03:25+09:00,2026-06-26 07:04:22+09:00,2,1,crioppstockfree,KOSDAQ,15171092867,기준 거래량 부족,장전,,,0,0,,,,,미확인,0,,,2026-06-25,확인,83,48,4,False,9,True,47,True,1,0,0.6144578313253012,"네이버 인링크(CP) 관측(oid=001) · 네이버 인링크(CP) 관측(oid=008) · 네이버 인링크(CP) 관측(oid=011) · 네이버 인링크(CP) 관측(oid=018) · 네이버 인링크(CP) 관측(oid=022) · 네이버 인링크(CP) 관측(oid=029) · 네이버 인링크(CP) 관측(oid=056) · 네이버 인링크(CP) 관측(oid=081) · 네이버 인링크(CP) 관측(oid=092) · 네이버 인링크(CP) 관측(oid=123) · 네이버 인링크(CP) 관측(oid=138) · 네이버 인링크(CP) 관측(oid=215) · 네이버 인링크(CP) 관측(oid=366) · 네이버 인링크(CP) 관측(oid=374) · 네이버 인링크(CP) 관측(oid=421) · 미분류: 포털 CP 미등재 + 네이버 인링크 미관측(조회 2026-07) · 포털 CP 등재(다음 news.daum.net/cplist·네이트 경제 CP, 조회 2026-07)","보조지표(2026-06 표본 예측력 약함 r≈0.02, 재검증 대상; 단독 사용 안 함, 타깃광고 경계에서만 보조)",관찰 기간 내 공시 확인,3,True,1,False,False,False,False,False,False,False,False,False,False,판단 불가,시장 데이터: 기준 거래량 부족; 유사 기사 반복 관찰; 보도자료성 표현 관찰; 중요 공시 후보 제목 관찰
EVT-5C9E86C5D0,065150,대산F&B,2026-06-25 07:03:25+09:00,2026-06-25 07:03:25+09:00,2026-06-25 07:03:25+09:00,1,1,crioppstockfree,KOSDAQ,23110448000,기준 거래량 부족,장전,,,0,0,,,,,미확인,0,,,2026-06-25,확인,4,2,2,False,0,False,4,False,0,0,1.0,미분류: 포털 CP 미등재 + 네이버 인링크 미관측(조회 2026-07),"보조지표(2026-06 표본 예측력 약함 r≈0.02, 재검증 대상; 단독 사용 안 함, 타깃광고 경계에서만 보조)",관찰 기간 내 공시 확인,1,False,0,False,False,False,False,False,False,False,False,False,False,판단 불가,시장 데이터: 기준 거래량 부족; 관찰 기간 내 공시 확인
EVT-AC9C38F018,210120,캔버스엔,2026-06-25 07:03:25+09:00,2026-06-25 07:03:25+09:00,2026-06-25 07:03:25+09:00,1,1,crioppstockfree,KOSDAQ,22540854540,기준 거래량 부족,장전,1859198.5,1709651.5,4,0,,,,,미확인,0,,,2026-06-25,확인,46,1,1,False,11,False,27,True,0,0,0.5652173913043478,네이버 인링크(CP) 관측(oid=001) · 네이버 인링크(CP) 관측(oid=003) · 네이버 인링크(CP) 관측(oid=008) · 네이버 인링크(CP) 관측(oid=009) · 네이버 인링크(CP) 관측(oid=011) · 네이버 인링크(CP) 관측(oid=014) · 네이버 인링크(CP) 관측(oid=015) · 네이버 인링크(CP) 관측(oid=016) · 네이버 인링크(CP) 관측(oid=018) · 네이버 인링크(CP) 관측(oid=031) · 네이버 인링크(CP) 관측(oid=055) · 네이버 인링크(CP) 관측(oid=081) · 네이버 인링크(CP) 관측(oid=088) · 네이버 인링크(CP) 관측(oid=215) · 네이버 인링크(CP) 관측(oid=277) · 네이버 인링크(CP) 관측(oid=422) · 네이버 인링크(CP) 관측(oid=448) · 네이버 인링크(CP) 관측(oid=654) · 미분류: 포털 CP 미등재 + 네이버 인링크 미관측(조회 2026-07),"보조지표(2026-06 표본 예측력 약함 r≈0.02, 재검증 대상; 단독 사용 안 함, 타깃광고 경계에서만 보조)",관찰 기간 내 공시 확인,2,True,2,False,False,False,False,False,False,False,False,False,False,판단 불가,시장 데이터: 기준 거래량 부족; 유사 기사 반복 관찰; 중요 공시 후보 제목 관찰
EVT-869F434AD5,042040,케이피엠테크,2026-06-26 07:04:14+09:00,2026-06-26 07:04:14+09:00,2026-06-26 11:48:43+09:00,6,5,FastStockNews; crioppstockfree; jeilstock; mbngoldcsi; numt7777,KOSDAQ,10550896720,기준 거래량 부족,장전,,,0,0,,,,,미확인,0,,,2026-06-26,확인,75,13,4,False,4,True,37,True,6,10,0.68,"네이버 인링크(CP) 관측(oid=003) · 네이버 인링크(CP) 관측(oid=008) · 네이버 인링크(CP) 관측(oid=009) · 네이버 인링크(CP) 관측(oid=011) · 네이버 인링크(CP) 관측(oid=018) · 네이버 인링크(CP) 관측(oid=081) · 네이버 인링크(CP) 관측(oid=119) · 네이버 인링크(CP) 관측(oid=366) · 네이버 인링크(CP) 관측(oid=374) · 미분류: 포털 CP 미등재 + 네이버 인링크 미관측(조회 2026-07) · 포털 CP 등재(다음 news.daum.net/cplist·네이트 경제 CP, 조회 2026-07)","보조지표(2026-06 표본 예측력 약함 r≈0.02, 재검증 대상; 단독 사용 안 함, 타깃광고 경계에서만 보조)",관찰 기간 내 공시 확인,3,True,1,False,False,False,False,False,False,False,False,False,False,판단 불가,시장 데이터: 기준 거래량 부족; 복수 Telegram 채널 언급; 유사 기사 반복 관찰; 보도자료성 표현 관찰; 중요 공시 후보 제목 관찰
EVT-22EBC270C3,080720,한국유니온제약,2026-06-26 07:04:14+09:00,2026-06-26 07:04:14+09:00,2026-06-26 09:21:24+09:00,3,3,crioppstockfree; jeilstock; mbngoldcsi,KOSDAQ,21562456300,기준 거래량 부족,장전,,,0,0,,,,,미확인,0,,,2026-06-26,확인,87,1,17,False,11,False,65,True,0,0,0.7816091954022989,"네이버 인링크(CP) 관측(oid=008) · 네이버 인링크(CP) 관측(oid=011) · 네이버 인링크(CP) 관측(oid=018) · 네이버 인링크(CP) 관측(oid=031) · 네이버 인링크(CP) 관측(oid=119) · 네이버 인링크(CP) 관측(oid=215) · 네이버 인링크(CP) 관측(oid=277) · 네이버 인링크(CP) 관측(oid=293) · 네이버 인링크(CP) 관측(oid=346) · 네이버 인링크(CP) 관측(oid=374) · 네이버 인링크(CP) 관측(oid=421) · 네이버 인링크(CP) 관측(oid=648) · 미분류: 포털 CP 미등재 + 네이버 인링크 미관측(조회 2026-07) · 포털 CP 등재(다음 news.daum.net/cplist·네이트 경제 CP, 조회 2026-07)","보조지표(2026-06 표본 예측력 약함 r≈0.02, 재검증 대상; 단독 사용 안 함, 타깃광고 경계에서만 보조)",관찰 기간 내 공시 미확인,0,False,0,False,False,False,False,False,False,False,False,False,False,판단 불가,시장 데이터: 기준 거래량 부족; 복수 Telegram 채널 언급; 유사 기사 반복 관찰; 관찰 기간 내 공시 미확인
EVT-8143D6BDE0,900120,씨엑스아이,2026-06-26 07:04:14+09:00,2026-06-26 07:04:14+09:00,2026-06-26 12:00:19+09:00,5,4,crioppstockfree; jeilstock; mbngoldcsi; numt7777,KOSDAQ,8074702460,기준 거래량 부족,장전,,,0,0,,,,,미확인,0,,,2026-06-26,확인,17,4,5,False,4,False,11,True,0,0,0.6470588235294118,네이버 인링크(CP) 관측(oid=003) · 네이버 인링크(CP) 관측(oid=011) · 네이버 인링크(CP) 관측(oid=018) · 네이버 인링크(CP) 관측(oid=081) · 미분류: 포털 CP 미등재 + 네이버 인링크 미관측(조회 2026-07),"보조지표(2026-06 표본 예측력 약함 r≈0.02, 재검증 대상; 단독 사용 안 함, 타깃광고 경계에서만 보조)",관찰 기간 내 공시 확인,1,True,1,False,False,False,False,False,False,False,False,False,False,판단 불가,시장 데이터: 기준 거래량 부족; 복수 Telegram 채널 언급; 유사 기사 반복 관찰; 중요 공시 후보 제목 관찰
EVT-8C3B500A33,030350,드래곤플라이,2026-06-28 16:08:15+09:00,2026-06-28 16:08:15+09:00,2026-06-28 16:08:15+09:00,1,1,quantum_ALGO,KOSDAQ,15171092867,기준 거래량 부족,휴장일,,,0,0,,,,,미확인,0,,,2026-06-29,확인,88,8,51,False,9,True,49,True,2,0,0.6363636363636364,"네이버 인링크(CP) 관측(oid=001) · 네이버 인링크(CP) 관측(oid=008) · 네이버 인링크(CP) 관측(oid=011) · 네이버 인링크(CP) 관측(oid=018) · 네이버 인링크(CP) 관측(oid=022) · 네이버 인링크(CP) 관측(oid=029) · 네이버 인링크(CP) 관측(oid=056) · 네이버 인링크(CP) 관측(oid=081) · 네이버 인링크(CP) 관측(oid=092) · 네이버 인링크(CP) 관측(oid=123) · 네이버 인링크(CP) 관측(oid=138) · 네이버 인링크(CP) 관측(oid=215) · 네이버 인링크(CP) 관측(oid=366) · 네이버 인링크(CP) 관측(oid=374) · 네이버 인링크(CP) 관측(oid=421) · 미분류: 포털 CP 미등재 + 네이버 인링크 미관측(조회 2026-07) · 포털 CP 등재(다음 news.daum.net/cplist·네이트 경제 CP, 조회 2026-07)","보조지표(2026-06 표본 예측력 약함 r≈0.02, 재검증 대상; 단독 사용 안 함, 타깃광고 경계에서만 보조)",관찰 기간 내 공시 확인,3,True,1,False,False,False,False,False,False,False,False,False,False,판단 불가,시장 데이터: 기준 거래량 부족; 유사 기사 반복 관찰; 보도자료성 표현 관찰; 중요 공시 후보 제목 관찰
EVT-914611116B,900100,파이온엑스,2026-06-29 07:05:25+09:00,2026-06-29 07:05:25+09:00,2026-07-02 07:04:41+09:00,2,1,crioppstockfree,KOSDAQ,10367438250,기준 거래량 부족,장전,147869.25,159757.0,4,0,,,,,미확인,0,,,2026-06-29,확인,15,3,8,False,2,True,8,True,1,2,0.6,네이버 인링크(CP) 관측(oid=030) · 네이버 인링크(CP) 관측(oid=081) · 네이버 인링크(CP) 관측(oid=277) · 미분류: 포털 CP 미등재 + 네이버 인링크 미관측(조회 2026-07),"보조지표(2026-06 표본 예측력 약함 r≈0.02, 재검증 대상; 단독 사용 안 함, 타깃광고 경계에서만 보조)",관찰 기간 내 공시 확인,2,True,1,False,False,False,False,False,False,False,False,False,False,판단 불가,시장 데이터: 기준 거래량 부족; 유사 기사 반복 관찰; 보도자료성 표현 관찰; 중요 공시 후보 제목 관찰
EVT-F69EB2DF99,080720,한국유니온제약,2026-06-29 11:32:39+09:00,2026-06-29 11:32:39+09:00,2026-06-29 11:32:39+09:00,1,1,crioppstockfree,KOSDAQ,21562456300,기준 거래량 부족,장중,,,0,0,,,,,미확인,0,,,2026-06-29,확인,88,44,15,False,11,False,64,True,0,0,0.7840909090909091,"네이버 인링크(CP) 관측(oid=008) · 네이버 인링크(CP) 관측(oid=011) · 네이버 인링크(CP) 관측(oid=018) · 네이버 인링크(CP) 관측(oid=031) · 네이버 인링크(CP) 관측(oid=119) · 네이버 인링크(CP) 관측(oid=215) · 네이버 인링크(CP) 관측(oid=277) · 네이버 인링크(CP) 관측(oid=293) · 네이버 인링크(CP) 관측(oid=346) · 네이버 인링크(CP) 관측(oid=374) · 네이버 인링크(CP) 관측(oid=421) · 네이버 인링크(CP) 관측(oid=648) · 미분류: 포털 CP 미등재 + 네이버 인링크 미관측(조회 2026-07) · 포털 CP 등재(다음 news.daum.net/cplist·네이트 경제 CP, 조회 2026-07)","보조지표(2026-06 표본 예측력 약함 r≈0.02, 재검증 대상; 단독 사용 안 함, 타깃광고 경계에서만 보조)",관찰 기간 내 공시 확인,1,False,0,False,False,False,False,False,False,False,False,False,False,판단 불가,시장 데이터: 기준 거래량 부족; 유사 기사 반복 관찰; 관찰 기간 내 공시 확인
EVT-58E3A2EE29,043220,티에스넥스젠,2026-06-30 07:05:04+09:00,2026-06-30 07:05:04+09:00,2026-06-30 09:09:09+09:00,3,3,crioppstockfree; jeilstock; mbngoldcsi,KOSDAQ,28191099330,기준 거래량 부족,장전,,,0,0,,,,,미확인,0,,,2026-06-30,확인,1,1,0,False,0,False,1,True,0,0,0.0,네이버 인링크(CP) 관측(oid=011),"보조지표(2026-06 표본 예측력 약함 r≈0.02, 재검증 대상; 단독 사용 안 함, 타깃광고 경계에서만 보조)",관찰 기간 내 공시 미확인,0,False,0,False,False,False,False,False,False,False,False,False,False,판단 불가,시장 데이터: 기준 거래량 부족; 복수 Telegram 채널 언급; 관찰 기간 내 공시 미확인
EVT-218CD0C82D,079190,케스피온,2026-06-30 07:05:04+09:00,2026-06-30 07:05:04+09:00,2026-07-02 21:29:49+09:00,4,3,crioppstockfree; jeilstock; mbngoldcsi,KOSDAQ,10950499247,사건 구간 거래량 없음,장전,329106.2666666667,200422.0,15,0,,,,,미확인,0,,,2026-06-30,확인,17,2,13,False,0,False,8,True,0,0,0.8823529411764706,"미분류: 포털 CP 미등재 + 네이버 인링크 미관측(조회 2026-07) · 포털 CP 등재(다음 news.daum.net/cplist·네이트 경제 CP, 조회 2026-07)","보조지표(2026-06 표본 예측력 약함 r≈0.02, 재검증 대상; 단독 사용 안 함, 타깃광고 경계에서만 보조)",관찰 기간 내 공시 확인,4,True,2,False,False,False,False,False,False,False,False,False,False,판단 불가,시장 데이터: 사건 구간 거래량 없음; 복수 Telegram 채널 언급; 중요 공시 후보 제목 관찰
EVT-236124D762,200230,텔콘RF제약,2026-06-30 07:05:04+09:00,2026-06-30 07:05:04+09:00,2026-06-30 11:26:49+09:00,4,3,crioppstockfree; jeilstock; mbngoldcsi,KOSDAQ,14841132475,기준 거래량 부족,장전,,,0,0,,,,,미확인,0,,,2026-06-30,확인,72,13,7,False,0,True,41,True,4,5,0.8194444444444444,"네이버 인링크(CP) 관측(oid=003) · 네이버 인링크(CP) 관측(oid=008) · 네이버 인링크(CP) 관측(oid=011) · 네이버 인링크(CP) 관측(oid=018) · 네이버 인링크(CP) 관측(oid=081) · 네이버 인링크(CP) 관측(oid=277) · 네이버 인링크(CP) 관측(oid=366) · 네이버 인링크(CP) 관측(oid=374) · 네이버 인링크(CP) 관측(oid=648) · 미분류: 포털 CP 미등재 + 네이버 인링크 미관측(조회 2026-07) · 포털 CP 등재(다음 news.daum.net/cplist·네이트 경제 CP, 조회 2026-07)","보조지표(2026-06 표본 예측력 약함 r≈0.02, 재검증 대상; 단독 사용 안 함, 타깃광고 경계에서만 보조)",관찰 기간 내 공시 확인,4,True,2,False,False,False,False,False,False,False,False,False,False,판단 불가,시장 데이터: 기준 거래량 부족; 복수 Telegram 채널 언급; 보도자료성 표현 관찰; 중요 공시 후보 제목 관찰
EVT-D7476D5F1B,208640,썸에이지,2026-06-30 07:05:04+09:00,2026-06-30 07:05:04+09:00,2026-07-02 15:00:23+09:00,9,4,crioppstockfree; jeilstock; mbngoldcsi; numt7777,KOSDAQ,13158203625,기준 거래량 부족,장전,607429.6666666666,611836.0,3,0,,,,,미확인,0,,,2026-06-30,확인,68,10,27,False,0,True,35,True,2,7,0.7205882352941176,"네이버 인링크(CP) 관측(oid=011) · 네이버 인링크(CP) 관측(oid=018) · 네이버 인링크(CP) 관측(oid=081) · 네이버 인링크(CP) 관측(oid=293) · 네이버 인링크(CP) 관측(oid=366) · 네이버 인링크(CP) 관측(oid=374) · 네이버 인링크(CP) 관측(oid=421) · 미분류: 포털 CP 미등재 + 네이버 인링크 미관측(조회 2026-07) · 포털 CP 등재(다음 news.daum.net/cplist·네이트 경제 CP, 조회 2026-07)","보조지표(2026-06 표본 예측력 약함 r≈0.02, 재검증 대상; 단독 사용 안 함, 타깃광고 경계에서만 보조)",관찰 기간 내 공시 확인,9,True,4,False,False,False,False,False,False,False,False,False,False,판단 불가,시장 데이터: 기준 거래량 부족; 복수 Telegram 채널 언급; 보도자료성 표현 관찰; 중요 공시 후보 제목 관찰
EVT-070AB49827,250930,예선테크,2026-06-30 07:05:04+09:00,2026-06-30 07:05:04+09:00,2026-06-30 09:09:09+09:00,3,3,crioppstockfree; jeilstock; mbngoldcsi,KOSDAQ,12210162800,사건 구간 거래량 없음,장전,126955.3333333333,120353.0,15,0,,,,,미확인,0,,,2026-06-30,확인,86,5,35,False,5,True,67,True,1,0,0.7674418604651163,"네이버 인링크(CP) 관측(oid=001) · 네이버 인링크(CP) 관측(oid=003) · 네이버 인링크(CP) 관측(oid=009) · 네이버 인링크(CP) 관측(oid=016) · 네이버 인링크(CP) 관측(oid=030) · 네이버 인링크(CP) 관측(oid=050) · 네이버 인링크(CP) 관측(oid=055) · 네이버 인링크(CP) 관측(oid=081) · 네이버 인링크(CP) 관측(oid=087) · 네이버 인링크(CP) 관측(oid=243) · 네이버 인링크(CP) 관측(oid=277) · 네이버 인링크(CP) 관측(oid=366) · 미분류: 포털 CP 미등재 + 네이버 인링크 미관측(조회 2026-07) · 포털 CP 등재(다음 news.daum.net/cplist·네이트 경제 CP, 조회 2026-07)","보조지표(2026-06 표본 예측력 약함 r≈0.02, 재검증 대상; 단독 사용 안 함, 타깃광고 경계에서만 보조)",관찰 기간 내 공시 확인,3,True,3,False,False,False,False,False,False,False,False,False,False,판단 불가,시장 데이터: 사건 구간 거래량 없음; 복수 Telegram 채널 언급; 유사 기사 반복 관찰; 보도자료성 표현 관찰; 중요 공시 후보 제목 관찰
EVT-04659EEC58,359090,씨엔알리서치,2026-06-30 07:05:04+09:00,2026-06-30 07:05:04+09:00,2026-06-30 15:00:22+09:00,5,4,crioppstockfree; jeilstock; mbngoldcsi; numt7777,KOSDAQ,22080248703,기준 거래량 부족,장전,,,0,0,,,,,미확인,0,,,2026-06-30,확인,49,15,8,False,8,True,32,True,2,1,0.673469387755102,"네이버 인링크(CP) 관측(oid=001) · 네이버 인링크(CP) 관측(oid=003) · 네이버 인링크(CP) 관측(oid=011) · 네이버 인링크(CP) 관측(oid=014) · 네이버 인링크(CP) 관측(oid=015) · 네이버 인링크(CP) 관측(oid=018) · 네이버 인링크(CP) 관측(oid=081) · 네이버 인링크(CP) 관측(oid=421) · 네이버 인링크(CP) 관측(oid=648) · 미분류: 포털 CP 미등재 + 네이버 인링크 미관측(조회 2026-07) · 포털 CP 등재(다음 news.daum.net/cplist·네이트 경제 CP, 조회 2026-07)","보조지표(2026-06 표본 예측력 약함 r≈0.02, 재검증 대상; 단독 사용 안 함, 타깃광고 경계에서만 보조)",관찰 기간 내 공시 확인,1,True,1,False,False,False,False,False,False,False,False,False,False,판단 불가,시장 데이터: 기준 거래량 부족; 복수 Telegram 채널 언급; 유사 기사 반복 관찰; 보도자료성 표현 관찰; 중요 공시 후보 제목 관찰
EVT-7976F92366,043100,알파AI,2026-06-30 20:25:02+09:00,2026-06-30 20:25:02+09:00,2026-07-03 18:21:42+09:00,4,2,crioppstockfree; stockinfo7,KOSDAQ,10457241600,기준 거래량 부족,장후,,,0,0,,,,,미확인,0,,,2026-07-01,기사 미확인,0,0,0,False,0,False,0,False,0,0,0.0,,"보조지표(2026-06 표본 예측력 약함 r≈0.02, 재검증 대상; 단독 사용 안 함, 타깃광고 경계에서만 보조)",관찰 기간 내 공시 확인,10,True,8,False,False,False,False,False,False,False,False,False,False,판단 불가,시장 데이터: 기준 거래량 부족; 복수 Telegram 채널 언급; 중요 공시 후보 제목 관찰; 뉴스: 기사 미확인
